Date of Journey,Class of Travel,Quota,From,To,Booking Date,Current Status,Number of Passengers,Age of Passengers,Travel Time,Special Considerations,Confirmation Status
01-09-2024,3AC,General,New Delhi,Bhavnagar,01-01-2024,Confirmed,4,Child,37,Senior Citizen,Confirmed
05-09-2024,2AC,Tatkal,Chennai,Bengaluru,05-01-2024,Confirmed,3,Child,32,None,Confirmed
10-09-2024,1AC,Premium Tatkal,Lucknow,Chennai,10-01-2024,Confirmed,1,Adult,7,None,Confirmed
14-09-2024,2AC,Tatkal,Ahmedabad,Howrah,14-01-2024,RAC,5,Adult,20,Defense Quota,Confirmed
15-09-2024,2AC,Premium Tatkal,Mumbai,Navsari,15-01-2024,Confirmed,5,Child,8,Senior Citizen,Confirmed
17-09-2024,3AC,Tatkal,Surat,Chennai,17-01-2024,RAC,2,Senior Citizen,6,None,Confirmed
21-09-2024,3AC,General,Bengaluru,Bhavnagar,21-01-2024,RAC,2,Senior Citizen,2,Senior Citizen,Confirmed
23-09-2024,Sleeper,General,Bhavnagar,Ahmedabad,23-01-2024,RAC,5,Senior Citizen,37,Defense Quota,Confirmed
25-09-2024,3AC,General,Bharuch,Howrah,25-01-2024,Confirmed,2,Child,25,Senior Citizen,Confirmed
06-10-2024,1AC,Tatkal,Lucknow,Bengaluru,05-02-2024,Confirmed,2,Senior Citizen,7,Defense Quota,Confirmed
28-10-2024,2AC,Tatkal,Mumbai,Chennai,27-02-2024,RAC,2,Senior Citizen,31,None,Confirmed
07-11-2024,2AC,Tatkal,Howrah,Mumbai,08-03-2024,RAC,4,Adult,37,None,Confirmed
11-11-2024,2AC,General,Surat,Ahmedabad,12-03-2024,Waitlisted,2,Senior Citizen,37,None,Not Confirmed
17-11-2024,3AC,Tatkal,Mumbai,New Delhi,18-03-2024,Confirmed,5,Senior Citizen,7,Defense Quota,Confirmed
22-11-2024,1AC,General,Bengaluru,Mumbai,23-03-2024,Waitlisted,4,Child,31,Defense Quota,Not Confirmed
23-11-2024,Sleeper,Ladies,Mumbai,Mumbai,24-03-2024,Waitlisted,1,Child,24,None,Not Confirmed
26-11-2024,Sleeper,General,Navsari,Surat,27-03-2024,RAC,2,Adult,44,Defense Quota,Confirmed
27-11-2024,3AC,Premium Tatkal,Mumbai,Ahmedabad,28-03-2024,RAC,3,Child,3,Senior Citizen,Confirmed
29-11-2024,1AC,Tatkal,Surat,Chennai,30-03-2024,Waitlisted,5,Adult,32,Senior Citizen,Not Confirmed
02-12-2024,Sleeper,Tatkal,Bhavnagar,Bengaluru,02-04-2024,Confirmed,4,Senior Citizen,32,Defense Quota,Confirmed
03-12-2024,2AC,Tatkal,Bharuch,Howrah,03-04-2024,RAC,5,Senior Citizen,4,Defense Quota,Confirmed
06-12-2024,Sleeper,Premium Tatkal,Mumbai,Ahmedabad,06-04-2024,Confirmed,1,Senior Citizen,7,None,Confirmed
12-12-2024,1AC,Premium Tatkal,Howrah,New Delhi,12-04-2024,Waitlisted,2,Child,30,Defense Quota,Not Confirmed
13-12-2024,3AC,General,Ahmedabad,Bhavnagar,13-04-2024,Waitlisted,5,Child,41,Defense Quota,Not Confirmed
14-12-2024,3AC,Tatkal,Bengaluru,Surat,14-04-2024,Waitlisted,5,Adult,34,Senior Citizen,Not Confirmed
15-12-2024,1AC,Ladies,Mumbai,Mumbai,15-04-2024,RAC,1,Child,4,Senior Citizen,Confirmed
16-12-2024,2AC,Premium Tatkal,Mumbai,Navsari,16-04-2024,Confirmed,4,Senior Citizen,32,Defense Quota,Confirmed
22-12-2024,Sleeper,Tatkal,Bengaluru,Mumbai,22-04-2024,RAC,1,Adult,30,Defense Quota,Confirmed
24-12-2024,1AC,Premium Tatkal,New Delhi,Lucknow,24-04-2024,Waitlisted,2,Child,43,Senior Citizen,Not Confirmed
30-12-2024,3AC,Premium Tatkal,Bhavnagar,Chennai,30-04-2024,Waitlisted,5,Senior Citizen,20,Senior Citizen,Not Confirmed
08-01-2025,3AC,Ladies,Bharuch,Bharuch,09-05-2024,RAC,4,Adult,43,None,Confirmed
10-01-2025,1AC,Tatkal,New Delhi,Ahmedabad,11-05-2024,Waitlisted,1,Adult,23,None,Not Confirmed
14-01-2025,3AC,Premium Tatkal,Navsari,Navsari,15-05-2024,RAC,5,Child,6,Defense Quota,Confirmed
15-01-2025,1AC,General,Ahmedabad,Bengaluru,16-05-2024,Waitlisted,5,Child,35,None,Not Confirmed
23-01-2025,2AC,Ladies,Surat,Bharuch,24-05-2024,Confirmed,2,Senior Citizen,47,None,Confirmed
30-01-2025,Sleeper,General,Navsari,Bengaluru,31-05-2024,Waitlisted,1,Adult,46,Senior Citizen,Not Confirmed
08-02-2025,3AC,General,Bharuch,Lucknow,09-06-2024,RAC,5,Adult,39,Senior Citizen,Confirmed
09-02-2025,3AC,Ladies,Chennai,Bengaluru,10-06-2024,Waitlisted,1,Senior Citizen,9,None,Not Confirmed
11-02-2025,1AC,General,Mumbai,Bhavnagar,12-06-2024,Waitlisted,1,Senior Citizen,10,Defense Quota,Not Confirmed
23-02-2025,2AC,General,Surat,New Delhi,24-06-2024,Waitlisted,4,Adult,45,Defense Quota,Not Confirmed
25-02-2025,2AC,General,Bharuch,Chennai,26-06-2024,Confirmed,4,Adult,36,Defense Quota,Confirmed
02-03-2025,1AC,Ladies,Ahmedabad,Surat,01-07-2024,Waitlisted,5,Child,18,Defense Quota,Not Confirmed
11-03-2025,2AC,Tatkal,Ahmedabad,Howrah,10-07-2024,Confirmed,4,Child,18,Senior Citizen,Confirmed
15-03-2025,3AC,Tatkal,Surat,Bengaluru,14-07-2024,RAC,3,Adult,34,Senior Citizen,Confirmed
26-03-2025,1AC,Ladies,Bhavnagar,Surat,25-07-2024,Waitlisted,1,Adult,30,None,Not Confirmed
28-03-2025,3AC,Ladies,Mumbai,Lucknow,27-07-2024,Confirmed,4,Child,3,None,Confirmed
29-03-2025,Sleeper,Tatkal,Surat,Bengaluru,28-07-2024,Confirmed,1,Adult,29,Defense Quota,Confirmed
31-03-2025,Sleeper,Ladies,Ahmedabad,Ahmedabad,30-07-2024,RAC,1,Adult,30,Defense Quota,Confirmed
09-04-2025,1AC,Tatkal,Chennai,Navsari,08-08-2024,Waitlisted,2,Child,19,Defense Quota,Not Confirmed
16-04-2025,Sleeper,Tatkal,New Delhi,Howrah,15-08-2024,Waitlisted,5,Adult,5,None,Not Confirmed
18-04-2025,2AC,General,Bharuch,Bharuch,17-08-2024,RAC,4,Senior Citizen,20,Defense Quota,Confirmed
19-04-2025,2AC,Tatkal,Howrah,Chennai,18-08-2024,Confirmed,4,Senior Citizen,45,Defense Quota,Confirmed
28-04-2025,Sleeper,Tatkal,Howrah,Mumbai,27-08-2024,Confirmed,3,Senior Citizen,9,Defense Quota,Confirmed
03-05-2025,3AC,Tatkal,Bharuch,Lucknow,01-09-2024,Waitlisted,2,Child,22,Defense Quota,Not Confirmed
06-05-2025,Sleeper,General,Bengaluru,Lucknow,04-09-2024,RAC,2,Child,38,None,Confirmed
13-05-2025,3AC,Ladies,Mumbai,Navsari,11-09-2024,Waitlisted,5,Senior Citizen,11,Senior Citizen,Not Confirmed
18-05-2025,2AC,Tatkal,Bharuch,Bharuch,16-09-2024,RAC,3,Child,34,Defense Quota,Confirmed
19-05-2025,Sleeper,Premium Tatkal,Bharuch,Mumbai,17-09-2024,RAC,2,Senior Citizen,36,Senior Citizen,Confirmed
29-05-2025,Sleeper,General,Chennai,Chennai,27-09-2024,RAC,2,Child,42,Defense Quota,Confirmed
31-05-2025,1AC,Tatkal,Bengaluru,Chennai,29-09-2024,Waitlisted,4,Adult,24,Senior Citizen,Not Confirmed
07-06-2025,Sleeper,Ladies,Lucknow,Ahmedabad,06-10-2024,Waitlisted,4,Adult,17,None,Not Confirmed
09-06-2025,1AC,Tatkal,Ahmedabad,Bharuch,08-10-2024,Waitlisted,4,Child,10,Defense Quota,Not Confirmed
15-06-2025,Sleeper,Ladies,Howrah,Lucknow,14-10-2024,Confirmed,2,Adult,39,Defense Quota,Confirmed
23-06-2025,2AC,Tatkal,New Delhi,Chennai,22-10-2024,RAC,2,Adult,6,None,Confirmed
28-06-2025,3AC,Tatkal,Surat,Bengaluru,27-10-2024,Confirmed,4,Adult,47,Senior Citizen,Confirmed
05-07-2025,2AC,General,Chennai,Howrah,03-11-2024,RAC,3,Adult,21,Senior Citizen,Confirmed
08-07-2025,1AC,General,Mumbai,Mumbai,06-11-2024,Waitlisted,4,Child,46,Defense Quota,Not Confirmed
19-07-2025,2AC,Ladies,Lucknow,Howrah,17-11-2024,Waitlisted,5,Child,6,Defense Quota,Not Confirmed
26-07-2025,1AC,General,Navsari,Surat,24-11-2024,RAC,3,Child,36,Defense Quota,Confirmed
30-07-2025,3AC,Tatkal,Ahmedabad,Lucknow,28-11-2024,Waitlisted,2,Adult,14,Defense Quota,Not Confirmed
09-08-2025,3AC,Tatkal,Surat,Chennai,08-12-2024,Waitlisted,5,Senior Citizen,15,Defense Quota,Not Confirmed
10-08-2025,Sleeper,Ladies,Howrah,New Delhi,09-12-2024,Waitlisted,3,Senior Citizen,36,Defense Quota,Not Confirmed
11-08-2025,Sleeper,Ladies,Bhavnagar,Lucknow,10-12-2024,Confirmed,3,Adult,19,Defense Quota,Confirmed
12-08-2025,1AC,General,Ahmedabad,Chennai,11-12-2024,RAC,1,Adult,19,Defense Quota,Confirmed
18-08-2025,3AC,Premium Tatkal,Ahmedabad,Mumbai,17-12-2024,Waitlisted,1,Senior Citizen,41,Senior Citizen,Not Confirmed
19-08-2025,1AC,General,Mumbai,Surat,18-12-2024,Waitlisted,5,Senior Citizen,7,Senior Citizen,Not Confirmed
22-08-2025,2AC,Tatkal,Bengaluru,Mumbai,21-12-2024,Confirmed,1,Senior Citizen,18,None,Confirmed
23-08-2025,2AC,Ladies,Bengaluru,Bhavnagar,22-12-2024,Waitlisted,1,Child,46,Defense Quota,Not Confirmed
24-08-2025,1AC,Tatkal,Bengaluru,Navsari,23-12-2024,RAC,4,Senior Citizen,46,None,Confirmed
26-08-2025,1AC,Premium Tatkal,New Delhi,Surat,25-12-2024,RAC,2,Adult,17,Senior Citizen,Confirmed
31-08-2025,Sleeper,Ladies,Navsari,Lucknow,30-12-2024,Waitlisted,5,Senior Citizen,6,Senior Citizen,Not Confirmed
04-09-2025,3AC,Tatkal,Surat,Mumbai,03-01-2025,RAC,5,Child,27,None,Confirmed
09-09-2025,1AC,General,New Delhi,Bengaluru,08-01-2025,RAC,1,Child,45,Defense Quota,Confirmed
18-09-2025,1AC,Tatkal,Ahmedabad,Howrah,17-01-2025,RAC,4,Adult,2,Senior Citizen,Confirmed
20-09-2025,2AC,General,Howrah,Bhavnagar,19-01-2025,Confirmed,2,Adult,6,Senior Citizen,Confirmed
21-09-2025,3AC,General,Bengaluru,Bharuch,20-01-2025,Waitlisted,5,Senior Citizen,18,Senior Citizen,Not Confirmed
02-10-2025,1AC,Premium Tatkal,Bengaluru,Ahmedabad,31-01-2025,Confirmed,2,Child,22,Defense Quota,Confirmed
05-10-2025,Sleeper,General,Navsari,Howrah,03-02-2025,RAC,5,Child,14,None,Confirmed
07-10-2025,1AC,General,Howrah,Bengaluru,05-02-2025,Waitlisted,2,Child,47,None,Not Confirmed
17-10-2025,3AC,Ladies,Navsari,Bengaluru,15-02-2025,Waitlisted,4,Adult,23,None,Not Confirmed
26-10-2025,2AC,Ladies,Ahmedabad,Lucknow,24-02-2025,Confirmed,1,Adult,41,Defense Quota,Confirmed
27-10-2025,Sleeper,General,Mumbai,Lucknow,25-02-2025,RAC,5,Senior Citizen,38,None,Confirmed
01-11-2025,Sleeper,Ladies,Surat,Mumbai,02-03-2025,Waitlisted,1,Adult,41,None,Not Confirmed
02-11-2025,2AC,General,Ahmedabad,Bharuch,03-03-2025,Confirmed,3,Child,21,Senior Citizen,Confirmed
05-11-2025,3AC,Tatkal,Bengaluru,Bhavnagar,06-03-2025,Waitlisted,1,Child,39,Defense Quota,Not Confirmed
17-11-2025,3AC,General,Bharuch,Navsari,18-03-2025,Waitlisted,5,Adult,17,Defense Quota,Not Confirmed
02-12-2025,2AC,General,Lucknow,Howrah,02-04-2025,Confirmed,5,Adult,25,None,Confirmed
04-12-2025,Sleeper,Tatkal,Mumbai,Navsari,04-04-2025,Confirmed,3,Adult,47,Senior Citizen,Confirmed
09-12-2025,1AC,Tatkal,Bhavnagar,Howrah,09-04-2025,RAC,3,Senior Citizen,38,None,Confirmed
13-12-2025,2AC,Tatkal,Lucknow,Navsari,13-04-2025,Waitlisted,1,Adult,24,Senior Citizen,Not Confirmed
21-12-2025,3AC,Tatkal,Bengaluru,Howrah,21-04-2025,Confirmed,4,Child,15,Defense Quota,Confirmed
25-12-2025,2AC,Premium Tatkal,Ahmedabad,Surat,25-04-2025,Confirmed,5,Adult,29,None,Confirmed
27-12-2025,1AC,General,New Delhi,Chennai,27-04-2025,RAC,2,Adult,5,Senior Citizen,Confirmed
28-12-2025,Sleeper,Tatkal,Navsari,Chennai,28-04-2025,Confirmed,5,Adult,17,None,Confirmed
08-01-2026,Sleeper,Tatkal,Howrah,Chennai,09-05-2025,RAC,5,Senior Citizen,45,Senior Citizen,Confirmed
09-01-2026,3AC,Tatkal,Bharuch,Chennai,10-05-2025,RAC,5,Senior Citizen,39,None,Confirmed
11-01-2026,Sleeper,Premium Tatkal,Navsari,Chennai,12-05-2025,RAC,4,Senior Citizen,18,Senior Citizen,Confirmed
19-01-2026,3AC,Premium Tatkal,Navsari,New Delhi,20-05-2025,Waitlisted,4,Child,14,None,Not Confirmed
09-02-2026,3AC,Ladies,Navsari,Bhavnagar,10-06-2025,Waitlisted,1,Senior Citizen,35,Defense Quota,Not Confirmed
10-02-2026,1AC,Ladies,Navsari,Howrah,11-06-2025,Waitlisted,1,Child,12,None,Not Confirmed
12-02-2026,3AC,General,Mumbai,Surat,13-06-2025,Confirmed,4,Adult,22,None,Confirmed
15-02-2026,3AC,Tatkal,Navsari,Surat,16-06-2025,Confirmed,2,Senior Citizen,13,Senior Citizen,Confirmed
19-02-2026,3AC,Ladies,Bhavnagar,Chennai,20-06-2025,Waitlisted,1,Child,37,Senior Citizen,Not Confirmed
20-02-2026,1AC,Tatkal,Ahmedabad,Bengaluru,21-06-2025,Waitlisted,1,Child,32,Senior Citizen,Not Confirmed
23-02-2026,1AC,Ladies,Bhavnagar,Howrah,24-06-2025,Confirmed,4,Child,35,Senior Citizen,Confirmed
27-02-2026,3AC,General,New Delhi,Chennai,28-06-2025,Confirmed,2,Senior Citizen,33,None,Confirmed
01-03-2026,1AC,Tatkal,Bharuch,Mumbai,30-06-2025,RAC,5,Adult,16,Senior Citizen,Confirmed
04-03-2026,Sleeper,Tatkal,Chennai,Ahmedabad,03-07-2025,Waitlisted,2,Adult,13,None,Not Confirmed
09-03-2026,2AC,Premium Tatkal,New Delhi,Bharuch,08-07-2025,Waitlisted,5,Child,43,Defense Quota,Not Confirmed
12-03-2026,1AC,Tatkal,Mumbai,Bengaluru,11-07-2025,RAC,5,Child,16,Senior Citizen,Confirmed
17-03-2026,2AC,Tatkal,Chennai,Bengaluru,16-07-2025,Confirmed,5,Senior Citizen,22,Defense Quota,Confirmed
23-03-2026,2AC,Premium Tatkal,Mumbai,Lucknow,22-07-2025,Waitlisted,2,Adult,29,Defense Quota,Not Confirmed
26-03-2026,3AC,General,Howrah,Mumbai,25-07-2025,RAC,5,Senior Citizen,33,None,Confirmed
31-03-2026,Sleeper,General,Bhavnagar,Bengaluru,30-07-2025,Waitlisted,4,Child,38,Senior Citizen,Not Confirmed
06-04-2026,2AC,General,Surat,Bharuch,05-08-2025,Confirmed,4,Child,4,Senior Citizen,Confirmed
10-04-2026,1AC,Tatkal,Howrah,Chennai,09-08-2025,RAC,1,Child,27,None,Confirmed
11-04-2026,Sleeper,Tatkal,Surat,Mumbai,10-08-2025,Confirmed,3,Adult,13,None,Confirmed
18-04-2026,3AC,Premium Tatkal,Howrah,Lucknow,17-08-2025,Waitlisted,1,Adult,13,None,Not Confirmed
19-04-2026,1AC,Premium Tatkal,Chennai,Ahmedabad,18-08-2025,Confirmed,4,Child,47,Defense Quota,Confirmed
23-04-2026,Sleeper,Tatkal,Bharuch,New Delhi,22-08-2025,Waitlisted,2,Adult,23,Senior Citizen,Not Confirmed
27-04-2026,Sleeper,General,Bharuch,Howrah,26-08-2025,Confirmed,3,Child,16,Senior Citizen,Confirmed
29-04-2026,2AC,Tatkal,New Delhi,Bhavnagar,28-08-2025,Waitlisted,4,Senior Citizen,17,None,Not Confirmed
02-05-2026,1AC,General,Chennai,Bengaluru,31-08-2025,Confirmed,5,Adult,28,None,Confirmed
05-05-2026,Sleeper,Ladies,New Delhi,Howrah,03-09-2025,Confirmed,5,Adult,10,Defense Quota,Confirmed
08-05-2026,Sleeper,Ladies,Surat,Mumbai,06-09-2025,RAC,5,Adult,39,None,Confirmed
09-05-2026,Sleeper,Tatkal,Surat,Bharuch,07-09-2025,Waitlisted,2,Senior Citizen,13,Senior Citizen,Not Confirmed
10-05-2026,Sleeper,Ladies,Bhavnagar,Howrah,08-09-2025,RAC,4,Senior Citizen,43,None,Confirmed
12-05-2026,1AC,General,Howrah,Lucknow,10-09-2025,Confirmed,2,Adult,7,Senior Citizen,Confirmed
16-05-2026,Sleeper,General,Mumbai,Bengaluru,14-09-2025,Confirmed,2,Adult,25,Senior Citizen,Confirmed
26-05-2026,1AC,Ladies,Bengaluru,Ahmedabad,24-09-2025,Confirmed,4,Adult,27,Defense Quota,Confirmed
28-05-2026,1AC,General,New Delhi,Navsari,26-09-2025,Waitlisted,3,Adult,32,Senior Citizen,Not Confirmed
31-05-2026,2AC,Tatkal,Surat,Ahmedabad,29-09-2025,Confirmed,3,Senior Citizen,41,Senior Citizen,Confirmed
02-06-2026,3AC,Tatkal,Lucknow,Chennai,01-10-2025,Waitlisted,1,Adult,24,Senior Citizen,Not Confirmed
06-06-2026,3AC,Premium Tatkal,New Delhi,Bharuch,05-10-2025,RAC,2,Senior Citizen,37,None,Confirmed
07-06-2026,Sleeper,Premium Tatkal,Bengaluru,Chennai,06-10-2025,RAC,3,Adult,23,Defense Quota,Confirmed
08-06-2026,3AC,Tatkal,Mumbai,Navsari,07-10-2025,RAC,4,Child,17,Senior Citizen,Confirmed
21-06-2026,Sleeper,General,New Delhi,Lucknow,20-10-2025,Waitlisted,5,Child,47,Senior Citizen,Not Confirmed
26-06-2026,1AC,Premium Tatkal,Surat,Navsari,25-10-2025,Waitlisted,4,Senior Citizen,4,Senior Citizen,Not Confirmed
27-06-2026,3AC,General,Bharuch,Bhavnagar,26-10-2025,RAC,2,Adult,7,Defense Quota,Confirmed
02-07-2026,1AC,Ladies,Mumbai,Bharuch,31-10-2025,Waitlisted,1,Adult,14,Defense Quota,Not Confirmed
05-07-2026,3AC,Ladies,Chennai,Navsari,03-11-2025,RAC,4,Child,11,Senior Citizen,Confirmed
07-07-2026,2AC,Premium Tatkal,Bengaluru,Navsari,05-11-2025,Confirmed,5,Child,17,Senior Citizen,Confirmed
09-07-2026,Sleeper,Premium Tatkal,Surat,Mumbai,07-11-2025,RAC,4,Adult,45,Defense Quota,Confirmed
15-07-2026,2AC,Premium Tatkal,Surat,Bhavnagar,13-11-2025,Waitlisted,1,Child,3,Defense Quota,Not Confirmed
17-07-2026,1AC,General,Ahmedabad,Navsari,15-11-2025,Confirmed,2,Child,29,None,Confirmed
19-07-2026,3AC,General,Ahmedabad,Bengaluru,17-11-2025,Waitlisted,1,Senior Citizen,32,None,Not Confirmed
26-07-2026,Sleeper,Premium Tatkal,Bhavnagar,Navsari,24-11-2025,RAC,1,Senior Citizen,30,Senior Citizen,Confirmed
29-07-2026,3AC,Premium Tatkal,Lucknow,Mumbai,27-11-2025,RAC,1,Senior Citizen,19,Senior Citizen,Confirmed
30-07-2026,2AC,Ladies,Navsari,Surat,28-11-2025,RAC,1,Adult,4,Defense Quota,Confirmed
02-08-2026,Sleeper,Tatkal,Bhavnagar,Surat,01-12-2025,Confirmed,2,Child,43,Defense Quota,Confirmed
04-08-2026,Sleeper,Tatkal,Ahmedabad,Ahmedabad,03-12-2025,Confirmed,4,Child,45,None,Confirmed
11-08-2026,Sleeper,Tatkal,Navsari,Howrah,10-12-2025,Waitlisted,2,Senior Citizen,4,Defense Quota,Not Confirmed
14-08-2026,3AC,Tatkal,Surat,Ahmedabad,13-12-2025,Confirmed,2,Child,38,Senior Citizen,Confirmed
19-08-2026,1AC,General,Lucknow,Bhavnagar,18-12-2025,RAC,3,Child,20,Defense Quota,Confirmed
01-09-2026,Sleeper,Premium Tatkal,Howrah,Howrah,31-12-2025,Waitlisted,3,Child,16,None,Not Confirmed
03-09-2026,Sleeper,Premium Tatkal,Bharuch,Bengaluru,02-01-2026,Waitlisted,5,Senior Citizen,33,Defense Quota,Not Confirmed
07-09-2026,Sleeper,Tatkal,Surat,Lucknow,06-01-2026,Confirmed,3,Adult,6,Senior Citizen,Confirmed
15-09-2026,2AC,Ladies,Howrah,Bengaluru,14-01-2026,Confirmed,3,Adult,16,Senior Citizen,Confirmed
20-09-2026,2AC,Tatkal,Surat,Ahmedabad,19-01-2026,Confirmed,4,Child,29,None,Confirmed
21-09-2026,2AC,Premium Tatkal,Mumbai,New Delhi,20-01-2026,Confirmed,3,Senior Citizen,42,None,Confirmed
24-09-2026,3AC,Premium Tatkal,Lucknow,Bengaluru,23-01-2026,Waitlisted,2,Adult,29,None,Not Confirmed
28-09-2026,1AC,Premium Tatkal,Bharuch,Surat,27-01-2026,Confirmed,4,Child,26,None,Confirmed
29-09-2026,2AC,Ladies,New Delhi,Bhavnagar,28-01-2026,Waitlisted,3,Adult,16,None,Not Confirmed
30-09-2026,3AC,General,Mumbai,Navsari,29-01-2026,Waitlisted,4,Adult,4,Defense Quota,Not Confirmed
03-10-2026,1AC,Ladies,Lucknow,Howrah,01-02-2026,Waitlisted,1,Child,36,None,Not Confirmed
04-10-2026,3AC,Premium Tatkal,Surat,Bharuch,02-02-2026,RAC,4,Adult,25,Senior Citizen,Confirmed
06-10-2026,1AC,General,New Delhi,New Delhi,04-02-2026,RAC,5,Child,3,None,Confirmed
18-10-2026,2AC,Ladies,Bharuch,Chennai,16-02-2026,Confirmed,2,Child,18,None,Confirmed
20-10-2026,Sleeper,Ladies,Bhavnagar,Mumbai,18-02-2026,RAC,4,Adult,14,Senior Citizen,Confirmed
23-10-2026,1AC,Ladies,Howrah,Bengaluru,21-02-2026,Confirmed,1,Senior Citizen,10,Defense Quota,Confirmed
25-10-2026,1AC,Ladies,Bengaluru,Howrah,23-02-2026,RAC,4,Adult,40,Senior Citizen,Confirmed
28-10-2026,1AC,Tatkal,Mumbai,Ahmedabad,26-02-2026,RAC,2,Adult,29,Defense Quota,Confirmed
30-10-2026,3AC,General,Navsari,Howrah,28-02-2026,Confirmed,1,Senior Citizen,24,Senior Citizen,Confirmed
04-11-2026,2AC,Premium Tatkal,Bharuch,New Delhi,05-03-2026,Confirmed,3,Child,7,None,Confirmed
05-11-2026,Sleeper,Ladies,New Delhi,Bengaluru,06-03-2026,Confirmed,2,Child,28,Defense Quota,Confirmed
08-11-2026,1AC,Ladies,Navsari,Navsari,09-03-2026,Waitlisted,2,Senior Citizen,33,None,Not Confirmed
09-11-2026,2AC,Premium Tatkal,Ahmedabad,New Delhi,10-03-2026,RAC,2,Child,6,Senior Citizen,Confirmed
15-11-2026,2AC,Premium Tatkal,Surat,Howrah,16-03-2026,Waitlisted,4,Adult,39,None,Not Confirmed
18-11-2026,1AC,General,Chennai,Bengaluru,19-03-2026,RAC,3,Child,23,Senior Citizen,Confirmed
19-11-2026,3AC,Tatkal,Howrah,Bhavnagar,20-03-2026,Confirmed,5,Senior Citizen,2,None,Confirmed
24-11-2026,2AC,Premium Tatkal,New Delhi,Chennai,25-03-2026,Confirmed,3,Senior Citizen,34,None,Confirmed
29-11-2026,Sleeper,Premium Tatkal,Mumbai,Bengaluru,30-03-2026,RAC,5,Adult,27,Defense Quota,Confirmed
01-12-2026,2AC,Ladies,Surat,Surat,01-04-2026,Waitlisted,1,Senior Citizen,14,Defense Quota,Not Confirmed
08-12-2026,1AC,Ladies,Navsari,Bharuch,08-04-2026,RAC,3,Child,46,Senior Citizen,Confirmed
12-12-2026,Sleeper,General,Mumbai,Surat,12-04-2026,Waitlisted,2,Child,11,Defense Quota,Not Confirmed
14-12-2026,1AC,Premium Tatkal,Bhavnagar,Howrah,14-04-2026,Confirmed,1,Senior Citizen,32,Senior Citizen,Confirmed
18-12-2026,3AC,Ladies,Bharuch,Surat,18-04-2026,Waitlisted,1,Child,25,None,Not Confirmed
19-12-2026,Sleeper,Tatkal,Surat,Ahmedabad,19-04-2026,RAC,4,Senior Citizen,33,None,Confirmed
22-12-2026,1AC,Tatkal,Chennai,Bengaluru,22-04-2026,RAC,2,Senior Citizen,27,None,Confirmed
24-12-2026,3AC,Ladies,Surat,Howrah,24-04-2026,Waitlisted,5,Senior Citizen,13,Defense Quota,Not Confirmed
27-12-2026,Sleeper,Premium Tatkal,Mumbai,Howrah,27-04-2026,Confirmed,1,Adult,24,Senior Citizen,Confirmed
28-12-2026,2AC,Premium Tatkal,Howrah,Chennai,28-04-2026,Confirmed,1,Senior Citizen,40,Defense Quota,Confirmed
02-01-2027,2AC,Tatkal,Ahmedabad,Mumbai,03-05-2026,Confirmed,1,Adult,13,Defense Quota,Confirmed
04-01-2027,Sleeper,General,Navsari,Navsari,05-05-2026,RAC,3,Child,47,None,Confirmed
10-01-2027,1AC,Premium Tatkal,Ahmedabad,Mumbai,11-05-2026,RAC,3,Child,36,None,Confirmed
12-01-2027,2AC,Premium Tatkal,Bengaluru,New Delhi,13-05-2026,Confirmed,1,Child,4,Defense Quota,Confirmed
14-01-2027,Sleeper,Ladies,Bhavnagar,Bengaluru,15-05-2026,RAC,1,Senior Citizen,24,Defense Quota,Confirmed
25-01-2027,Sleeper,Premium Tatkal,Bengaluru,Navsari,26-05-2026,Waitlisted,5,Adult,4,Defense Quota,Not Confirmed
30-01-2027,Sleeper,Ladies,Bharuch,Bengaluru,31-05-2026,Confirmed,2,Senior Citizen,38,None,Confirmed
02-02-2027,1AC,Premium Tatkal,Mumbai,Howrah,03-06-2026,Waitlisted,2,Child,25,None,Not Confirmed
05-02-2027,1AC,Tatkal,Ahmedabad,Ahmedabad,06-06-2026,Confirmed,5,Child,43,None,Confirmed
07-02-2027,2AC,Ladies,Bharuch,Chennai,08-06-2026,RAC,3,Adult,4,Senior Citizen,Confirmed
13-02-2027,3AC,General,Howrah,Navsari,14-06-2026,Confirmed,1,Adult,13,None,Confirmed
15-02-2027,3AC,Premium Tatkal,Mumbai,Lucknow,16-06-2026,Waitlisted,2,Senior Citizen,41,Defense Quota,Not Confirmed
19-02-2027,2AC,Tatkal,Bharuch,Navsari,20-06-2026,RAC,4,Adult,26,None,Confirmed
24-02-2027,Sleeper,Tatkal,Ahmedabad,Mumbai,25-06-2026,RAC,4,Child,7,Defense Quota,Confirmed
27-02-2027,Sleeper,Tatkal,Mumbai,Chennai,28-06-2026,Confirmed,4,Child,43,Senior Citizen,Confirmed
03-03-2027,2AC,Ladies,Chennai,Navsari,02-07-2026,RAC,5,Senior Citizen,21,Defense Quota,Confirmed
11-03-2027,1AC,Premium Tatkal,Bengaluru,New Delhi,10-07-2026,RAC,1,Senior Citizen,39,Defense Quota,Confirmed
15-03-2027,1AC,Premium Tatkal,New Delhi,Bharuch,14-07-2026,Confirmed,5,Adult,12,Senior Citizen,Confirmed
18-03-2027,Sleeper,Ladies,Ahmedabad,Ahmedabad,17-07-2026,Confirmed,5,Child,2,Defense Quota,Confirmed
19-03-2027,3AC,Ladies,Chennai,Howrah,18-07-2026,RAC,3,Senior Citizen,22,Senior Citizen,Confirmed
20-03-2027,Sleeper,Tatkal,Bhavnagar,Bhavnagar,19-07-2026,Waitlisted,5,Child,2,None,Not Confirmed
21-03-2027,Sleeper,General,Bhavnagar,Surat,20-07-2026,Confirmed,1,Adult,38,Senior Citizen,Confirmed
25-03-2027,1AC,Premium Tatkal,Surat,New Delhi,24-07-2026,Confirmed,4,Adult,37,Senior Citizen,Confirmed
29-03-2027,1AC,Premium Tatkal,New Delhi,Mumbai,28-07-2026,Waitlisted,3,Senior Citizen,43,Defense Quota,Not Confirmed
31-03-2027,1AC,Tatkal,New Delhi,Bengaluru,30-07-2026,Waitlisted,5,Child,34,Defense Quota,Not Confirmed
06-04-2027,2AC,General,Mumbai,Bhavnagar,05-08-2026,Waitlisted,5,Adult,33,None,Not Confirmed
14-04-2027,3AC,Premium Tatkal,Ahmedabad,Bengaluru,13-08-2026,Waitlisted,2,Adult,36,Defense Quota,Not Confirmed
15-04-2027,1AC,Ladies,Chennai,Bharuch,14-08-2026,Waitlisted,2,Adult,23,None,Not Confirmed
22-04-2027,Sleeper,Tatkal,Surat,Bhavnagar,21-08-2026,Waitlisted,1,Senior Citizen,17,None,Not Confirmed
11-05-2027,2AC,Tatkal,Mumbai,Mumbai,09-09-2026,Waitlisted,4,Adult,24,Defense Quota,Not Confirmed
14-05-2027,2AC,General,Bharuch,Lucknow,12-09-2026,Waitlisted,5,Adult,6,Defense Quota,Not Confirmed
15-05-2027,3AC,General,Bharuch,Bengaluru,13-09-2026,Confirmed,2,Senior Citizen,41,Defense Quota,Confirmed
16-05-2027,2AC,Tatkal,Bhavnagar,Mumbai,14-09-2026,RAC,4,Child,33,None,Confirmed
18-05-2027,2AC,Ladies,Lucknow,Navsari,16-09-2026,Confirmed,3,Adult,22,Senior Citizen,Confirmed
19-05-2027,1AC,Ladies,Chennai,New Delhi,17-09-2026,RAC,4,Child,35,Defense Quota,Confirmed
24-05-2027,1AC,Tatkal,New Delhi,Ahmedabad,22-09-2026,Confirmed,1,Child,19,Defense Quota,Confirmed
28-05-2027,2AC,Tatkal,Mumbai,Bharuch,26-09-2026,Confirmed,4,Senior Citizen,26,Defense Quota,Confirmed
16-06-2027,1AC,Ladies,Navsari,Howrah,15-10-2026,Confirmed,1,Adult,7,None,Confirmed
23-06-2027,1AC,Premium Tatkal,New Delhi,Bengaluru,22-10-2026,Waitlisted,5,Adult,33,Senior Citizen,Not Confirmed
26-06-2027,Sleeper,Tatkal,Chennai,Navsari,25-10-2026,Waitlisted,2,Child,36,None,Not Confirmed
27-06-2027,1AC,Tatkal,Howrah,Bharuch,26-10-2026,Confirmed,1,Adult,46,Senior Citizen,Confirmed
29-06-2027,1AC,Premium Tatkal,New Delhi,New Delhi,28-10-2026,Confirmed,4,Child,10,Senior Citizen,Confirmed
01-07-2027,3AC,Premium Tatkal,Navsari,Ahmedabad,30-10-2026,Waitlisted,2,Adult,18,None,Not Confirmed
11-07-2027,2AC,Premium Tatkal,Mumbai,Bharuch,09-11-2026,Confirmed,3,Senior Citizen,25,None,Confirmed
16-07-2027,2AC,Tatkal,Chennai,Bharuch,14-11-2026,Confirmed,3,Senior Citizen,14,None,Confirmed
18-07-2027,1AC,General,Chennai,Bharuch,16-11-2026,RAC,5,Adult,20,None,Confirmed
26-07-2027,2AC,Ladies,Bengaluru,Lucknow,24-11-2026,Confirmed,1,Adult,28,Senior Citizen,Confirmed
27-07-2027,Sleeper,Premium Tatkal,Bhavnagar,Navsari,25-11-2026,Waitlisted,4,Child,43,Defense Quota,Not Confirmed
09-08-2027,Sleeper,General,Bengaluru,Bhavnagar,08-12-2026,Waitlisted,4,Child,3,Senior Citizen,Not Confirmed
17-08-2027,Sleeper,Tatkal,Bhavnagar,Bharuch,16-12-2026,RAC,4,Child,34,Senior Citizen,Confirmed
26-08-2027,1AC,Ladies,Bengaluru,Bhavnagar,25-12-2026,RAC,3,Adult,11,None,Confirmed
27-08-2027,3AC,Tatkal,Mumbai,Bharuch,26-12-2026,Waitlisted,4,Senior Citizen,32,Defense Quota,Not Confirmed
28-08-2027,Sleeper,Ladies,Bhavnagar,Mumbai,27-12-2026,RAC,2,Senior Citizen,37,None,Confirmed
01-09-2027,Sleeper,General,Bhavnagar,Bengaluru,31-12-2026,Confirmed,1,Adult,34,None,Confirmed
13-09-2027,3AC,Ladies,New Delhi,Chennai,12-01-2027,Confirmed,1,Child,22,None,Confirmed
19-09-2027,2AC,Ladies,Mumbai,Mumbai,18-01-2027,Confirmed,1,Senior Citizen,23,Defense Quota,Confirmed
22-09-2027,1AC,Premium Tatkal,Bhavnagar,Surat,21-01-2027,RAC,2,Senior Citizen,16,Senior Citizen,Confirmed
23-09-2027,1AC,Ladies,New Delhi,Bengaluru,22-01-2027,Waitlisted,3,Child,30,Defense Quota,Not Confirmed
06-10-2027,2AC,Premium Tatkal,Mumbai,Navsari,04-02-2027,Confirmed,5,Adult,6,None,Confirmed
21-10-2027,1AC,Ladies,Bharuch,Lucknow,19-02-2027,Waitlisted,4,Senior Citizen,30,Defense Quota,Not Confirmed
07-11-2027,2AC,General,Lucknow,Surat,08-03-2027,Waitlisted,2,Senior Citizen,29,Senior Citizen,Not Confirmed
11-11-2027,Sleeper,General,Bengaluru,Lucknow,12-03-2027,RAC,4,Adult,6,None,Confirmed
12-11-2027,2AC,Tatkal,Bhavnagar,Ahmedabad,13-03-2027,RAC,1,Senior Citizen,31,Defense Quota,Confirmed
15-11-2027,1AC,Tatkal,Chennai,Bharuch,16-03-2027,Waitlisted,3,Adult,34,Senior Citizen,Not Confirmed
22-11-2027,1AC,General,Bhavnagar,Howrah,23-03-2027,Confirmed,5,Senior Citizen,44,Defense Quota,Confirmed
25-11-2027,2AC,Premium Tatkal,Bharuch,Ahmedabad,26-03-2027,Confirmed,5,Child,35,Senior Citizen,Confirmed
28-11-2027,3AC,Tatkal,Bharuch,Chennai,29-03-2027,Waitlisted,1,Child,4,Defense Quota,Not Confirmed
30-11-2027,3AC,General,Navsari,Lucknow,31-03-2027,RAC,4,Adult,30,None,Confirmed
02-12-2027,1AC,Ladies,Howrah,Chennai,02-04-2027,Confirmed,2,Adult,31,Senior Citizen,Confirmed
05-12-2027,1AC,Ladies,Bharuch,Ahmedabad,05-04-2027,Confirmed,3,Child,14,Defense Quota,Confirmed
11-12-2027,2AC,Ladies,Navsari,Bengaluru,11-04-2027,RAC,5,Senior Citizen,37,Defense Quota,Confirmed
12-12-2027,Sleeper,General,Chennai,Lucknow,12-04-2027,Confirmed,2,Adult,18,None,Confirmed
15-12-2027,Sleeper,General,Chennai,Ahmedabad,15-04-2027,Waitlisted,5,Senior Citizen,32,None,Not Confirmed
24-12-2027,2AC,Premium Tatkal,Navsari,Chennai,24-04-2027,Waitlisted,3,Child,8,Defense Quota,Not Confirmed
25-12-2027,2AC,Ladies,Ahmedabad,Bharuch,25-04-2027,RAC,4,Senior Citizen,32,None,Confirmed
26-12-2027,Sleeper,Premium Tatkal,New Delhi,Ahmedabad,26-04-2027,Waitlisted,5,Child,5,Senior Citizen,Not Confirmed
28-12-2027,Sleeper,Ladies,Bengaluru,Mumbai,28-04-2027,RAC,2,Child,26,Defense Quota,Confirmed
02-01-2028,2AC,Premium Tatkal,Bhavnagar,Howrah,03-05-2027,Confirmed,5,Adult,36,Defense Quota,Confirmed
07-01-2028,Sleeper,Tatkal,Lucknow,Navsari,08-05-2027,RAC,2,Senior Citizen,26,None,Confirmed
08-01-2028,2AC,General,Ahmedabad,Ahmedabad,09-05-2027,Confirmed,5,Adult,27,Senior Citizen,Confirmed
11-01-2028,1AC,Premium Tatkal,Mumbai,Howrah,12-05-2027,Confirmed,3,Senior Citizen,33,Senior Citizen,Confirmed
13-01-2028,Sleeper,Ladies,Bengaluru,Chennai,14-05-2027,Waitlisted,1,Adult,18,Senior Citizen,Not Confirmed
14-01-2028,2AC,Ladies,Bharuch,Navsari,15-05-2027,RAC,5,Child,6,Defense Quota,Confirmed
16-01-2028,3AC,General,New Delhi,Bharuch,17-05-2027,RAC,5,Senior Citizen,3,Defense Quota,Confirmed
17-01-2028,Sleeper,Premium Tatkal,Bengaluru,Bengaluru,18-05-2027,Waitlisted,2,Adult,46,Senior Citizen,Not Confirmed
22-01-2028,3AC,General,Navsari,Howrah,23-05-2027,Waitlisted,1,Adult,41,None,Not Confirmed
26-01-2028,1AC,General,Ahmedabad,Mumbai,27-05-2027,RAC,5,Adult,47,Defense Quota,Confirmed
29-01-2028,3AC,Ladies,Bengaluru,Bharuch,30-05-2027,RAC,5,Adult,46,Defense Quota,Confirmed
10-02-2028,1AC,Tatkal,New Delhi,Bharuch,11-06-2027,Waitlisted,5,Adult,42,Senior Citizen,Not Confirmed
15-02-2028,3AC,Tatkal,Bharuch,Surat,16-06-2027,Confirmed,2,Child,36,Senior Citizen,Confirmed
18-02-2028,3AC,Tatkal,Bhavnagar,Lucknow,19-06-2027,RAC,5,Adult,37,None,Confirmed
21-02-2028,2AC,Ladies,New Delhi,Ahmedabad,22-06-2027,Confirmed,4,Child,46,Senior Citizen,Confirmed
24-02-2028,2AC,Premium Tatkal,Navsari,Howrah,25-06-2027,Confirmed,2,Senior Citizen,4,Defense Quota,Confirmed
26-02-2028,Sleeper,Premium Tatkal,Mumbai,New Delhi,27-06-2027,Confirmed,5,Child,26,None,Confirmed
28-02-2028,1AC,General,Navsari,Bharuch,29-06-2027,Confirmed,3,Senior Citizen,15,Senior Citizen,Confirmed
29-02-2028,Sleeper,General,Mumbai,Howrah,30-06-2027,Confirmed,1,Senior Citizen,16,None,Confirmed
01-03-2028,Sleeper,Premium Tatkal,Surat,Mumbai,01-07-2027,Waitlisted,1,Senior Citizen,37,Defense Quota,Not Confirmed
02-03-2028,1AC,Premium Tatkal,Chennai,Lucknow,02-07-2027,Confirmed,5,Adult,4,Defense Quota,Confirmed
03-03-2028,3AC,Premium Tatkal,Lucknow,Bengaluru,03-07-2027,RAC,2,Senior Citizen,16,Defense Quota,Confirmed
08-03-2028,2AC,Tatkal,Navsari,Bhavnagar,08-07-2027,Waitlisted,3,Child,22,Defense Quota,Not Confirmed
10-03-2028,3AC,Tatkal,Mumbai,Lucknow,10-07-2027,Waitlisted,2,Child,34,None,Not Confirmed
12-03-2028,Sleeper,General,Navsari,Bhavnagar,12-07-2027,RAC,3,Adult,29,None,Confirmed
20-03-2028,2AC,Premium Tatkal,Chennai,Chennai,20-07-2027,Confirmed,1,Child,34,Senior Citizen,Confirmed
23-03-2028,Sleeper,General,Bhavnagar,Bharuch,23-07-2027,Waitlisted,3,Senior Citizen,23,Senior Citizen,Not Confirmed
29-03-2028,2AC,Premium Tatkal,Bhavnagar,Bengaluru,29-07-2027,RAC,4,Child,35,None,Confirmed
30-03-2028,3AC,Premium Tatkal,Bharuch,Lucknow,30-07-2027,Confirmed,3,Senior Citizen,18,Senior Citizen,Confirmed
03-04-2028,3AC,Premium Tatkal,Bengaluru,Howrah,03-08-2027,RAC,4,Senior Citizen,34,Senior Citizen,Confirmed
04-04-2028,Sleeper,Tatkal,Ahmedabad,Bhavnagar,04-08-2027,Waitlisted,2,Senior Citizen,4,Senior Citizen,Not Confirmed
10-04-2028,Sleeper,Ladies,Mumbai,Surat,10-08-2027,RAC,5,Senior Citizen,29,Senior Citizen,Confirmed
11-04-2028,Sleeper,Premium Tatkal,Chennai,Bharuch,11-08-2027,RAC,5,Child,38,Defense Quota,Confirmed
13-04-2028,1AC,Tatkal,Lucknow,Howrah,13-08-2027,Waitlisted,5,Child,38,Senior Citizen,Not Confirmed
17-04-2028,2AC,Ladies,Lucknow,Lucknow,17-08-2027,Waitlisted,4,Senior Citizen,34,Defense Quota,Not Confirmed
19-04-2028,1AC,Ladies,Surat,Howrah,19-08-2027,RAC,4,Senior Citizen,20,None,Confirmed
23-04-2028,Sleeper,Ladies,Chennai,Bharuch,23-08-2027,RAC,3,Adult,16,Defense Quota,Confirmed
24-04-2028,3AC,Ladies,Ahmedabad,Ahmedabad,24-08-2027,Confirmed,1,Child,26,Defense Quota,Confirmed
27-04-2028,Sleeper,Tatkal,Navsari,Lucknow,27-08-2027,Confirmed,1,Adult,5,Defense Quota,Confirmed
29-04-2028,1AC,Ladies,Mumbai,Ahmedabad,29-08-2027,RAC,2,Adult,17,None,Confirmed
03-05-2028,Sleeper,Tatkal,Navsari,Howrah,02-09-2027,Waitlisted,1,Senior Citizen,9,Defense Quota,Not Confirmed
04-05-2028,2AC,Premium Tatkal,Chennai,Bharuch,03-09-2027,Waitlisted,1,Child,41,Defense Quota,Not Confirmed
10-05-2028,3AC,General,Ahmedabad,Lucknow,09-09-2027,RAC,5,Adult,39,None,Confirmed
13-05-2028,1AC,General,Bharuch,Howrah,12-09-2027,Confirmed,3,Senior Citizen,32,None,Confirmed
18-05-2028,2AC,General,Howrah,Surat,17-09-2027,Waitlisted,5,Child,38,None,Not Confirmed
25-05-2028,1AC,Tatkal,New Delhi,Navsari,24-09-2027,Waitlisted,5,Child,40,None,Not Confirmed
27-05-2028,1AC,Tatkal,Bhavnagar,Howrah,26-09-2027,Waitlisted,1,Adult,38,Senior Citizen,Not Confirmed
01-06-2028,2AC,Premium Tatkal,Lucknow,Navsari,01-10-2027,Confirmed,5,Adult,35,None,Confirmed
07-06-2028,Sleeper,General,Ahmedabad,Lucknow,07-10-2027,Waitlisted,3,Adult,41,Defense Quota,Not Confirmed
12-06-2028,2AC,Ladies,Bharuch,Bhavnagar,12-10-2027,Confirmed,3,Adult,27,Defense Quota,Confirmed
13-06-2028,3AC,Ladies,Ahmedabad,Navsari,13-10-2027,RAC,4,Adult,13,None,Confirmed
14-06-2028,1AC,Ladies,Mumbai,Ahmedabad,14-10-2027,Confirmed,5,Adult,27,None,Confirmed
17-06-2028,2AC,Premium Tatkal,Bengaluru,Bhavnagar,17-10-2027,Confirmed,5,Child,20,Senior Citizen,Confirmed
21-06-2028,3AC,Premium Tatkal,Mumbai,Mumbai,21-10-2027,Confirmed,4,Senior Citizen,38,Senior Citizen,Confirmed
22-06-2028,2AC,General,Navsari,Mumbai,22-10-2027,Confirmed,1,Senior Citizen,32,None,Confirmed
28-06-2028,2AC,Ladies,Surat,Surat,28-10-2027,Waitlisted,2,Senior Citizen,38,Senior Citizen,Not Confirmed
29-06-2028,3AC,Tatkal,Ahmedabad,Bengaluru,29-10-2027,Waitlisted,4,Senior Citizen,30,Senior Citizen,Not Confirmed
30-06-2028,1AC,Ladies,Navsari,Ahmedabad,30-10-2027,Confirmed,5,Senior Citizen,34,Senior Citizen,Confirmed
01-07-2028,1AC,Tatkal,Howrah,Mumbai,31-10-2027,RAC,2,Senior Citizen,28,None,Confirmed
02-07-2028,3AC,Tatkal,Chennai,Bengaluru,01-11-2027,Waitlisted,4,Child,34,None,Not Confirmed
04-07-2028,2AC,Ladies,Bharuch,Bharuch,03-11-2027,Confirmed,3,Adult,11,Senior Citizen,Confirmed
26-07-2028,3AC,Premium Tatkal,Surat,Chennai,25-11-2027,Confirmed,1,Adult,46,Defense Quota,Confirmed
27-07-2028,3AC,General,Bhavnagar,Mumbai,26-11-2027,Confirmed,4,Adult,19,None,Confirmed
28-07-2028,1AC,Tatkal,Ahmedabad,Bhavnagar,27-11-2027,RAC,4,Senior Citizen,16,None,Confirmed
30-07-2028,1AC,Tatkal,Lucknow,New Delhi,29-11-2027,Confirmed,4,Senior Citizen,7,Senior Citizen,Confirmed
31-07-2028,Sleeper,General,Mumbai,Navsari,30-11-2027,Waitlisted,2,Adult,25,Defense Quota,Not Confirmed
01-08-2028,3AC,Tatkal,Mumbai,New Delhi,01-12-2027,Waitlisted,3,Adult,40,None,Not Confirmed
07-08-2028,Sleeper,Tatkal,Bhavnagar,Surat,07-12-2027,Confirmed,2,Senior Citizen,38,None,Confirmed
10-08-2028,1AC,Ladies,Chennai,Lucknow,10-12-2027,RAC,4,Adult,32,None,Confirmed
14-08-2028,3AC,General,Bharuch,Bengaluru,14-12-2027,Confirmed,2,Child,10,Senior Citizen,Confirmed
15-08-2028,1AC,Premium Tatkal,Bengaluru,Ahmedabad,15-12-2027,Waitlisted,2,Child,41,Defense Quota,Not Confirmed
17-08-2028,Sleeper,Ladies,Ahmedabad,Surat,17-12-2027,RAC,3,Child,14,Defense Quota,Confirmed
19-08-2028,Sleeper,Tatkal,Mumbai,Bharuch,19-12-2027,Confirmed,3,Adult,13,Senior Citizen,Confirmed
23-08-2028,3AC,General,Mumbai,Ahmedabad,23-12-2027,Waitlisted,1,Senior Citizen,44,Senior Citizen,Not Confirmed
27-08-2028,1AC,General,New Delhi,Mumbai,27-12-2027,RAC,3,Senior Citizen,8,None,Confirmed
14-09-2028,2AC,Ladies,Navsari,Navsari,14-01-2028,Waitlisted,2,Senior Citizen,38,None,Not Confirmed
17-09-2028,3AC,Ladies,Bharuch,Lucknow,17-01-2028,Waitlisted,1,Adult,3,None,Not Confirmed
30-09-2028,3AC,Tatkal,Surat,Lucknow,30-01-2028,RAC,4,Senior Citizen,34,Senior Citizen,Confirmed
01-10-2028,3AC,Tatkal,Bhavnagar,Bhavnagar,31-01-2028,Waitlisted,3,Adult,31,Defense Quota,Not Confirmed
02-10-2028,3AC,Premium Tatkal,Chennai,Ahmedabad,01-02-2028,Confirmed,4,Adult,11,Senior Citizen,Confirmed
20-10-2028,2AC,Ladies,Surat,Chennai,19-02-2028,RAC,1,Adult,30,Senior Citizen,Confirmed
24-10-2028,2AC,Premium Tatkal,Mumbai,Howrah,23-02-2028,Waitlisted,3,Child,4,Defense Quota,Not Confirmed
30-10-2028,2AC,General,Howrah,Bharuch,29-02-2028,Confirmed,3,Adult,43,Defense Quota,Confirmed
01-11-2028,2AC,Premium Tatkal,New Delhi,Chennai,02-03-2028,RAC,4,Adult,11,None,Confirmed
02-11-2028,Sleeper,General,Chennai,Mumbai,03-03-2028,Waitlisted,3,Senior Citizen,5,None,Not Confirmed
07-11-2028,1AC,Premium Tatkal,Surat,Bhavnagar,08-03-2028,RAC,5,Child,43,Defense Quota,Confirmed
09-11-2028,2AC,Premium Tatkal,Ahmedabad,Surat,10-03-2028,RAC,3,Adult,37,Defense Quota,Confirmed
11-11-2028,1AC,Tatkal,Howrah,Mumbai,12-03-2028,Confirmed,4,Senior Citizen,6,Defense Quota,Confirmed
17-11-2028,Sleeper,Tatkal,Surat,Lucknow,18-03-2028,RAC,2,Adult,47,Senior Citizen,Confirmed
20-11-2028,2AC,General,Ahmedabad,Bhavnagar,21-03-2028,Confirmed,2,Child,12,Defense Quota,Confirmed
21-11-2028,2AC,Tatkal,Ahmedabad,Mumbai,22-03-2028,Confirmed,5,Child,35,Defense Quota,Confirmed
24-11-2028,1AC,Ladies,Bharuch,Surat,25-03-2028,Waitlisted,5,Adult,33,Senior Citizen,Not Confirmed
27-11-2028,3AC,General,Bharuch,Chennai,28-03-2028,Confirmed,1,Child,40,Defense Quota,Confirmed
09-12-2028,2AC,Premium Tatkal,Bharuch,Mumbai,09-04-2028,RAC,4,Senior Citizen,32,Defense Quota,Confirmed
12-12-2028,1AC,Ladies,New Delhi,Bengaluru,12-04-2028,Waitlisted,2,Adult,37,Senior Citizen,Not Confirmed
19-12-2028,Sleeper,General,Bhavnagar,Ahmedabad,19-04-2028,Confirmed,3,Adult,32,Defense Quota,Confirmed
26-12-2028,3AC,Tatkal,Ahmedabad,New Delhi,26-04-2028,Confirmed,3,Senior Citizen,42,Defense Quota,Confirmed
06-01-2029,2AC,General,Howrah,Mumbai,07-05-2028,RAC,1,Adult,21,Defense Quota,Confirmed
13-01-2029,1AC,General,Bhavnagar,Mumbai,14-05-2028,Waitlisted,3,Child,30,Defense Quota,Not Confirmed
15-01-2029,2AC,Ladies,Bhavnagar,Howrah,16-05-2028,RAC,4,Child,22,Defense Quota,Confirmed
18-01-2029,1AC,Tatkal,Ahmedabad,Navsari,19-05-2028,Confirmed,2,Child,25,None,Confirmed
26-01-2029,Sleeper,Premium Tatkal,Bharuch,Bengaluru,27-05-2028,Confirmed,4,Child,20,None,Confirmed
28-01-2029,3AC,Premium Tatkal,Mumbai,Bharuch,29-05-2028,RAC,3,Adult,26,Senior Citizen,Confirmed
30-01-2029,Sleeper,General,Howrah,Bhavnagar,31-05-2028,Waitlisted,2,Senior Citizen,16,Senior Citizen,Not Confirmed
03-02-2029,Sleeper,Tatkal,Bengaluru,Bharuch,04-06-2028,Confirmed,4,Adult,36,None,Confirmed
06-02-2029,3AC,Ladies,New Delhi,Bhavnagar,07-06-2028,Waitlisted,3,Child,11,None,Not Confirmed
11-02-2029,3AC,Premium Tatkal,New Delhi,Bengaluru,12-06-2028,Waitlisted,5,Senior Citizen,40,Defense Quota,Not Confirmed
15-02-2029,Sleeper,Premium Tatkal,Bengaluru,Bharuch,16-06-2028,Waitlisted,3,Adult,4,Defense Quota,Not Confirmed
16-02-2029,3AC,Tatkal,Ahmedabad,Chennai,17-06-2028,Confirmed,3,Child,33,Defense Quota,Confirmed
21-02-2029,2AC,General,Lucknow,Mumbai,22-06-2028,Confirmed,3,Senior Citizen,7,Senior Citizen,Confirmed
25-02-2029,2AC,Ladies,Chennai,Ahmedabad,26-06-2028,Confirmed,2,Child,24,Senior Citizen,Confirmed
05-03-2029,1AC,Premium Tatkal,Howrah,Surat,04-07-2028,RAC,4,Child,11,Defense Quota,Confirmed
07-03-2029,2AC,Premium Tatkal,Lucknow,Lucknow,06-07-2028,RAC,5,Child,32,Senior Citizen,Confirmed
08-03-2029,1AC,Ladies,Navsari,New Delhi,07-07-2028,Waitlisted,3,Senior Citizen,44,Senior Citizen,Not Confirmed
11-03-2029,2AC,Ladies,Ahmedabad,Bengaluru,10-07-2028,RAC,1,Senior Citizen,5,None,Confirmed
15-03-2029,1AC,Tatkal,Navsari,Surat,14-07-2028,Confirmed,2,Senior Citizen,2,Defense Quota,Confirmed
21-03-2029,3AC,Ladies,Ahmedabad,Surat,20-07-2028,Waitlisted,1,Child,29,Senior Citizen,Not Confirmed
27-03-2029,Sleeper,General,Chennai,Chennai,26-07-2028,Confirmed,4,Senior Citizen,45,Defense Quota,Confirmed
28-03-2029,3AC,Tatkal,New Delhi,Surat,27-07-2028,Waitlisted,4,Adult,39,None,Not Confirmed
30-03-2029,Sleeper,Premium Tatkal,Mumbai,Mumbai,29-07-2028,Confirmed,3,Child,32,Defense Quota,Confirmed
01-04-2029,3AC,Ladies,Howrah,Howrah,31-07-2028,RAC,2,Senior Citizen,17,Defense Quota,Confirmed
04-04-2029,Sleeper,Ladies,Bengaluru,Mumbai,03-08-2028,RAC,5,Adult,28,Senior Citizen,Confirmed
05-04-2029,Sleeper,Tatkal,Bengaluru,Surat,04-08-2028,Waitlisted,1,Child,33,None,Not Confirmed
09-04-2029,3AC,Ladies,Ahmedabad,Bengaluru,08-08-2028,Waitlisted,2,Senior Citizen,4,None,Not Confirmed
11-04-2029,3AC,Premium Tatkal,Howrah,Bengaluru,10-08-2028,Waitlisted,5,Child,28,Senior Citizen,Not Confirmed
14-04-2029,Sleeper,Premium Tatkal,Bharuch,Surat,13-08-2028,Waitlisted,3,Adult,9,None,Not Confirmed
28-04-2029,1AC,Premium Tatkal,Navsari,Mumbai,27-08-2028,Waitlisted,3,Child,18,Defense Quota,Not Confirmed
30-04-2029,3AC,General,Mumbai,Bengaluru,29-08-2028,Waitlisted,5,Senior Citizen,27,Senior Citizen,Not Confirmed
06-05-2029,1AC,Tatkal,Bhavnagar,New Delhi,04-09-2028,RAC,3,Senior Citizen,32,Defense Quota,Confirmed
08-05-2029,3AC,General,Mumbai,New Delhi,06-09-2028,RAC,1,Adult,42,None,Confirmed
09-05-2029,3AC,General,Chennai,Mumbai,07-09-2028,Confirmed,5,Adult,30,Senior Citizen,Confirmed
14-05-2029,Sleeper,General,Bharuch,Mumbai,12-09-2028,RAC,2,Child,6,None,Confirmed
16-05-2029,2AC,Ladies,Chennai,Lucknow,14-09-2028,Waitlisted,1,Child,11,None,Not Confirmed
19-05-2029,Sleeper,Tatkal,Bharuch,Lucknow,17-09-2028,Waitlisted,2,Child,27,None,Not Confirmed
25-05-2029,3AC,Premium Tatkal,Bengaluru,Bengaluru,23-09-2028,RAC,3,Child,42,None,Confirmed
30-05-2029,Sleeper,General,New Delhi,Ahmedabad,28-09-2028,RAC,1,Child,34,None,Confirmed
01-06-2029,2AC,Premium Tatkal,Surat,New Delhi,30-09-2028,Waitlisted,2,Child,7,Senior Citizen,Not Confirmed
02-06-2029,Sleeper,General,Chennai,Bharuch,01-10-2028,RAC,2,Child,19,Senior Citizen,Confirmed
05-06-2029,Sleeper,Ladies,Navsari,Bharuch,04-10-2028,Confirmed,4,Senior Citizen,29,Senior Citizen,Confirmed
14-06-2029,2AC,Ladies,Ahmedabad,Lucknow,13-10-2028,Waitlisted,4,Child,33,None,Not Confirmed
21-06-2029,2AC,Premium Tatkal,New Delhi,New Delhi,20-10-2028,Confirmed,2,Adult,16,Defense Quota,Confirmed
22-06-2029,1AC,Tatkal,Navsari,Chennai,21-10-2028,Confirmed,4,Senior Citizen,13,Senior Citizen,Confirmed
26-06-2029,1AC,Ladies,Bengaluru,Chennai,25-10-2028,Confirmed,3,Senior Citizen,4,None,Confirmed
01-07-2029,2AC,Ladies,New Delhi,Mumbai,30-10-2028,Confirmed,4,Senior Citizen,28,Defense Quota,Confirmed
02-07-2029,3AC,General,Howrah,Navsari,31-10-2028,Waitlisted,1,Adult,40,None,Not Confirmed
08-07-2029,1AC,Premium Tatkal,New Delhi,Mumbai,06-11-2028,Waitlisted,3,Adult,10,Defense Quota,Not Confirmed
09-07-2029,Sleeper,Ladies,Howrah,Chennai,07-11-2028,RAC,5,Adult,46,None,Confirmed
15-07-2029,3AC,Ladies,Howrah,Bharuch,13-11-2028,Waitlisted,1,Senior Citizen,36,Senior Citizen,Not Confirmed
20-07-2029,Sleeper,Tatkal,Chennai,Ahmedabad,18-11-2028,Waitlisted,4,Adult,29,None,Not Confirmed
23-07-2029,Sleeper,Tatkal,Chennai,Ahmedabad,21-11-2028,RAC,4,Senior Citizen,45,None,Confirmed
24-07-2029,3AC,General,Mumbai,Bharuch,22-11-2028,RAC,3,Senior Citizen,14,Defense Quota,Confirmed
30-07-2029,Sleeper,General,New Delhi,Chennai,28-11-2028,RAC,4,Adult,24,None,Confirmed
31-07-2029,2AC,Ladies,Bengaluru,Navsari,29-11-2028,RAC,3,Child,10,None,Confirmed
03-08-2029,2AC,Premium Tatkal,Navsari,Bengaluru,02-12-2028,RAC,5,Senior Citizen,23,Defense Quota,Confirmed
08-08-2029,Sleeper,Tatkal,Chennai,Surat,07-12-2028,RAC,2,Child,3,None,Confirmed
10-08-2029,2AC,Premium Tatkal,Ahmedabad,Bhavnagar,09-12-2028,Waitlisted,5,Adult,8,Defense Quota,Not Confirmed
18-08-2029,1AC,Ladies,Lucknow,Mumbai,17-12-2028,Confirmed,5,Senior Citizen,12,Senior Citizen,Confirmed
19-08-2029,1AC,Ladies,Surat,Howrah,18-12-2028,Waitlisted,1,Child,5,None,Not Confirmed
24-08-2029,2AC,Tatkal,Ahmedabad,Bharuch,23-12-2028,Confirmed,3,Senior Citizen,6,Senior Citizen,Confirmed
28-08-2029,Sleeper,General,Lucknow,New Delhi,27-12-2028,Confirmed,5,Child,36,Senior Citizen,Confirmed
07-09-2029,1AC,General,Navsari,Bhavnagar,06-01-2029,Waitlisted,3,Senior Citizen,33,None,Not Confirmed
11-09-2029,1AC,Ladies,Lucknow,Mumbai,10-01-2029,Waitlisted,5,Child,42,Senior Citizen,Not Confirmed
13-09-2029,1AC,General,Surat,Lucknow,12-01-2029,RAC,5,Adult,30,Senior Citizen,Confirmed
15-09-2029,Sleeper,General,Surat,Bharuch,14-01-2029,RAC,4,Senior Citizen,22,Defense Quota,Confirmed
18-09-2029,Sleeper,Premium Tatkal,Lucknow,Lucknow,17-01-2029,RAC,3,Adult,13,Senior Citizen,Confirmed
27-09-2029,3AC,Ladies,New Delhi,Mumbai,26-01-2029,Confirmed,4,Child,27,Defense Quota,Confirmed
02-10-2029,2AC,Premium Tatkal,Ahmedabad,Chennai,31-01-2029,Waitlisted,5,Senior Citizen,47,Defense Quota,Not Confirmed
06-10-2029,2AC,Tatkal,New Delhi,Bharuch,04-02-2029,RAC,4,Child,35,Defense Quota,Confirmed
07-10-2029,1AC,Ladies,Bhavnagar,Bhavnagar,05-02-2029,Waitlisted,2,Child,47,None,Not Confirmed
14-10-2029,2AC,General,Bengaluru,Howrah,12-02-2029,Confirmed,5,Senior Citizen,19,Senior Citizen,Confirmed
21-10-2029,2AC,General,Mumbai,New Delhi,19-02-2029,Waitlisted,5,Adult,46,Senior Citizen,Not Confirmed
26-10-2029,3AC,Ladies,Ahmedabad,New Delhi,24-02-2029,Confirmed,2,Adult,18,None,Confirmed
31-10-2029,Sleeper,Ladies,New Delhi,Chennai,01-03-2029,Waitlisted,4,Senior Citizen,41,None,Not Confirmed
01-11-2029,1AC,Premium Tatkal,Bengaluru,Surat,02-03-2029,Waitlisted,3,Child,18,Senior Citizen,Not Confirmed
03-11-2029,3AC,Premium Tatkal,Mumbai,Mumbai,04-03-2029,Confirmed,5,Child,10,None,Confirmed
04-11-2029,2AC,Ladies,Bengaluru,Ahmedabad,05-03-2029,Waitlisted,3,Child,36,Defense Quota,Not Confirmed
09-11-2029,1AC,Ladies,Mumbai,Navsari,10-03-2029,RAC,2,Adult,25,Defense Quota,Confirmed
11-11-2029,1AC,General,Ahmedabad,Howrah,12-03-2029,Confirmed,1,Senior Citizen,6,Defense Quota,Confirmed
13-11-2029,Sleeper,Tatkal,Navsari,Bengaluru,14-03-2029,Waitlisted,3,Adult,11,Senior Citizen,Not Confirmed
16-11-2029,2AC,Tatkal,Chennai,Lucknow,17-03-2029,RAC,5,Adult,44,Defense Quota,Confirmed
19-11-2029,1AC,General,Bharuch,Chennai,20-03-2029,RAC,4,Senior Citizen,39,Senior Citizen,Confirmed
22-11-2029,3AC,Premium Tatkal,Mumbai,Chennai,23-03-2029,Waitlisted,3,Senior Citizen,42,None,Not Confirmed
29-11-2029,Sleeper,Ladies,Surat,Bengaluru,30-03-2029,Waitlisted,4,Senior Citizen,17,Defense Quota,Not Confirmed
05-12-2029,Sleeper,Premium Tatkal,Navsari,Ahmedabad,05-04-2029,Confirmed,1,Senior Citizen,3,None,Confirmed
07-12-2029,3AC,Ladies,Lucknow,Bhavnagar,07-04-2029,Confirmed,4,Adult,47,None,Confirmed
08-12-2029,1AC,Tatkal,Navsari,Ahmedabad,08-04-2029,Waitlisted,3,Senior Citizen,44,Senior Citizen,Not Confirmed
10-12-2029,1AC,General,Lucknow,Mumbai,10-04-2029,RAC,5,Adult,27,Defense Quota,Confirmed
13-12-2029,3AC,Tatkal,Surat,Lucknow,13-04-2029,RAC,1,Child,33,Defense Quota,Confirmed
18-12-2029,2AC,General,Bharuch,Mumbai,18-04-2029,RAC,4,Adult,40,Senior Citizen,Confirmed
21-12-2029,1AC,Tatkal,Mumbai,Lucknow,21-04-2029,Confirmed,3,Senior Citizen,45,Senior Citizen,Confirmed
24-12-2029,Sleeper,Tatkal,Mumbai,Bhavnagar,24-04-2029,RAC,4,Child,24,Defense Quota,Confirmed
27-12-2029,2AC,General,Ahmedabad,Surat,27-04-2029,Waitlisted,2,Child,2,Senior Citizen,Not Confirmed
30-12-2029,1AC,Tatkal,Bengaluru,Chennai,30-04-2029,Waitlisted,5,Child,26,None,Not Confirmed
01-01-2030,3AC,General,Ahmedabad,Bharuch,02-05-2029,Waitlisted,5,Child,11,Defense Quota,Not Confirmed
03-01-2030,Sleeper,Ladies,Lucknow,Bhavnagar,04-05-2029,Waitlisted,1,Child,14,None,Not Confirmed
04-01-2030,Sleeper,Tatkal,New Delhi,Howrah,05-05-2029,RAC,3,Senior Citizen,17,Defense Quota,Confirmed
06-01-2030,2AC,General,Surat,Bharuch,07-05-2029,Waitlisted,1,Adult,3,Senior Citizen,Not Confirmed
07-01-2030,2AC,Premium Tatkal,Surat,Navsari,08-05-2029,Waitlisted,3,Adult,35,None,Not Confirmed
10-01-2030,2AC,Ladies,Bengaluru,Mumbai,11-05-2029,Waitlisted,2,Child,24,Defense Quota,Not Confirmed
11-01-2030,1AC,Premium Tatkal,Bharuch,New Delhi,12-05-2029,Waitlisted,5,Child,45,Defense Quota,Not Confirmed
15-01-2030,2AC,General,Bhavnagar,Lucknow,16-05-2029,Confirmed,5,Child,28,None,Confirmed
21-01-2030,Sleeper,Tatkal,Bharuch,Bharuch,22-05-2029,RAC,5,Adult,27,Defense Quota,Confirmed
27-01-2030,2AC,General,Lucknow,Bhavnagar,28-05-2029,RAC,3,Adult,4,None,Confirmed
01-02-2030,2AC,Premium Tatkal,Chennai,Bengaluru,02-06-2029,Waitlisted,4,Child,7,Senior Citizen,Not Confirmed
03-02-2030,Sleeper,Tatkal,Chennai,Howrah,04-06-2029,Confirmed,5,Senior Citizen,18,None,Confirmed
07-02-2030,3AC,Tatkal,Chennai,Navsari,08-06-2029,RAC,1,Adult,10,Defense Quota,Confirmed
10-02-2030,1AC,Tatkal,Howrah,Surat,11-06-2029,Confirmed,1,Adult,18,None,Confirmed
12-02-2030,2AC,General,New Delhi,Bengaluru,13-06-2029,Confirmed,2,Child,21,Senior Citizen,Confirmed
15-02-2030,Sleeper,Premium Tatkal,Bharuch,Ahmedabad,16-06-2029,Confirmed,2,Child,6,Defense Quota,Confirmed
17-02-2030,3AC,Tatkal,Bharuch,Bhavnagar,18-06-2029,Confirmed,1,Adult,11,None,Confirmed
19-02-2030,2AC,Ladies,Bengaluru,Surat,20-06-2029,RAC,5,Child,6,None,Confirmed
21-02-2030,2AC,Ladies,Howrah,Navsari,22-06-2029,RAC,3,Child,17,None,Confirmed
22-02-2030,1AC,Tatkal,Bhavnagar,Mumbai,23-06-2029,Waitlisted,3,Child,42,Defense Quota,Not Confirmed
02-03-2030,2AC,Premium Tatkal,Bengaluru,New Delhi,01-07-2029,Confirmed,5,Adult,43,None,Confirmed
08-03-2030,1AC,Premium Tatkal,Ahmedabad,New Delhi,07-07-2029,Waitlisted,4,Senior Citizen,16,Senior Citizen,Not Confirmed
09-03-2030,3AC,Premium Tatkal,Howrah,Navsari,08-07-2029,RAC,5,Child,40,None,Confirmed
11-03-2030,2AC,General,Chennai,Howrah,10-07-2029,Confirmed,2,Adult,15,None,Confirmed
15-03-2030,Sleeper,Tatkal,Bengaluru,Ahmedabad,14-07-2029,Confirmed,3,Senior Citizen,36,None,Confirmed
17-03-2030,3AC,General,Bhavnagar,Surat,16-07-2029,Waitlisted,1,Child,2,Defense Quota,Not Confirmed
19-03-2030,1AC,Ladies,Surat,Chennai,18-07-2029,RAC,2,Adult,37,None,Confirmed
29-03-2030,2AC,Ladies,Bharuch,Navsari,28-07-2029,Confirmed,4,Adult,18,Senior Citizen,Confirmed
02-04-2030,2AC,Ladies,Bengaluru,Bhavnagar,01-08-2029,Confirmed,1,Senior Citizen,13,Defense Quota,Confirmed
11-04-2030,3AC,Ladies,Bhavnagar,Lucknow,10-08-2029,RAC,5,Senior Citizen,24,None,Confirmed
14-04-2030,3AC,Tatkal,Bharuch,Navsari,13-08-2029,RAC,3,Senior Citizen,26,Senior Citizen,Confirmed
19-04-2030,1AC,Tatkal,Lucknow,Bharuch,18-08-2029,RAC,3,Child,20,Senior Citizen,Confirmed
21-04-2030,3AC,General,Howrah,Ahmedabad,20-08-2029,RAC,3,Adult,36,Defense Quota,Confirmed
26-04-2030,1AC,General,Bhavnagar,Mumbai,25-08-2029,RAC,5,Child,14,Senior Citizen,Confirmed
29-04-2030,3AC,Tatkal,Surat,Lucknow,28-08-2029,Waitlisted,1,Adult,46,Defense Quota,Not Confirmed
01-05-2030,2AC,Ladies,Bhavnagar,Lucknow,30-08-2029,Confirmed,2,Child,4,Defense Quota,Confirmed
03-05-2030,Sleeper,General,Bengaluru,Lucknow,01-09-2029,Confirmed,5,Senior Citizen,8,Senior Citizen,Confirmed
09-05-2030,Sleeper,Premium Tatkal,New Delhi,Howrah,07-09-2029,RAC,2,Child,34,Senior Citizen,Confirmed
10-05-2030,3AC,Ladies,Lucknow,Howrah,08-09-2029,Waitlisted,3,Senior Citizen,33,Defense Quota,Not Confirmed
11-05-2030,2AC,General,Mumbai,Surat,09-09-2029,Waitlisted,2,Adult,33,None,Not Confirmed
15-05-2030,2AC,Ladies,Bhavnagar,Lucknow,13-09-2029,Waitlisted,5,Adult,15,Defense Quota,Not Confirmed
16-05-2030,Sleeper,General,Chennai,Howrah,14-09-2029,Waitlisted,5,Senior Citizen,12,Defense Quota,Not Confirmed
18-05-2030,1AC,General,Mumbai,Bhavnagar,16-09-2029,Waitlisted,1,Adult,28,Defense Quota,Not Confirmed
19-05-2030,2AC,Premium Tatkal,Bharuch,Chennai,17-09-2029,RAC,4,Adult,13,Senior Citizen,Confirmed
29-05-2030,3AC,Tatkal,Bengaluru,Howrah,27-09-2029,Confirmed,5,Adult,42,Senior Citizen,Confirmed
03-06-2030,2AC,Ladies,Howrah,Bhavnagar,02-10-2029,RAC,3,Adult,14,Defense Quota,Confirmed
04-06-2030,Sleeper,Premium Tatkal,New Delhi,Ahmedabad,03-10-2029,RAC,3,Senior Citizen,18,Defense Quota,Confirmed
12-06-2030,3AC,Ladies,Bharuch,New Delhi,11-10-2029,Waitlisted,4,Child,41,Defense Quota,Not Confirmed
13-06-2030,1AC,General,Bengaluru,Chennai,12-10-2029,RAC,1,Senior Citizen,37,None,Confirmed
17-06-2030,2AC,Premium Tatkal,Bhavnagar,Chennai,16-10-2029,Confirmed,2,Senior Citizen,40,Senior Citizen,Confirmed
18-06-2030,1AC,Premium Tatkal,Navsari,Lucknow,17-10-2029,Waitlisted,1,Senior Citizen,41,Senior Citizen,Not Confirmed
20-06-2030,1AC,General,Lucknow,Surat,19-10-2029,Waitlisted,5,Adult,47,Defense Quota,Not Confirmed
22-06-2030,1AC,Tatkal,Mumbai,Chennai,21-10-2029,Waitlisted,2,Adult,28,Defense Quota,Not Confirmed
01-07-2030,3AC,Premium Tatkal,Surat,Bhavnagar,30-10-2029,Waitlisted,4,Adult,25,None,Not Confirmed
03-07-2030,Sleeper,General,Mumbai,Chennai,01-11-2029,Waitlisted,5,Child,35,Senior Citizen,Not Confirmed
08-07-2030,3AC,Ladies,Navsari,Ahmedabad,06-11-2029,Waitlisted,1,Senior Citizen,33,Defense Quota,Not Confirmed
14-07-2030,1AC,General,Howrah,Chennai,12-11-2029,Waitlisted,2,Child,12,None,Not Confirmed
15-07-2030,3AC,Ladies,Chennai,Navsari,13-11-2029,Waitlisted,1,Senior Citizen,25,None,Not Confirmed
18-07-2030,1AC,Tatkal,Bharuch,Ahmedabad,16-11-2029,RAC,3,Senior Citizen,10,Defense Quota,Confirmed
24-07-2030,Sleeper,Premium Tatkal,Ahmedabad,Howrah,22-11-2029,Confirmed,2,Adult,15,None,Confirmed
25-07-2030,2AC,Ladies,Bharuch,Ahmedabad,23-11-2029,RAC,5,Senior Citizen,18,None,Confirmed
01-08-2030,Sleeper,Ladies,New Delhi,Mumbai,30-11-2029,Confirmed,5,Adult,29,Senior Citizen,Confirmed
08-08-2030,3AC,Premium Tatkal,Mumbai,Bhavnagar,07-12-2029,Confirmed,4,Adult,10,None,Confirmed
15-08-2030,3AC,Ladies,Surat,Bhavnagar,14-12-2029,Confirmed,3,Child,6,Senior Citizen,Confirmed
23-08-2030,Sleeper,Ladies,Bengaluru,Navsari,22-12-2029,Confirmed,2,Adult,13,Senior Citizen,Confirmed
29-08-2030,3AC,Tatkal,New Delhi,Bhavnagar,28-12-2029,RAC,5,Adult,17,Defense Quota,Confirmed
03-09-2030,2AC,General,Lucknow,Navsari,02-01-2030,Waitlisted,2,Child,38,None,Not Confirmed
17-09-2030,2AC,General,Mumbai,New Delhi,16-01-2030,Confirmed,2,Child,44,Senior Citizen,Confirmed
21-09-2030,Sleeper,Ladies,Bhavnagar,Bhavnagar,20-01-2030,RAC,1,Senior Citizen,34,Senior Citizen,Confirmed
22-09-2030,Sleeper,Tatkal,Howrah,Bengaluru,21-01-2030,Confirmed,5,Child,22,Defense Quota,Confirmed
25-09-2030,3AC,Ladies,New Delhi,Bengaluru,24-01-2030,Waitlisted,2,Senior Citizen,36,Defense Quota,Not Confirmed
28-09-2030,3AC,General,Bengaluru,Lucknow,27-01-2030,Waitlisted,3,Senior Citizen,30,None,Not Confirmed
29-09-2030,3AC,Premium Tatkal,Chennai,Howrah,28-01-2030,RAC,2,Adult,37,Defense Quota,Confirmed
03-10-2030,1AC,Premium Tatkal,Chennai,Chennai,01-02-2030,RAC,4,Senior Citizen,39,Senior Citizen,Confirmed
05-10-2030,2AC,Premium Tatkal,Mumbai,Ahmedabad,03-02-2030,Confirmed,1,Child,35,Senior Citizen,Confirmed
08-10-2030,3AC,Premium Tatkal,New Delhi,Bhavnagar,06-02-2030,Confirmed,4,Adult,31,Senior Citizen,Confirmed
14-10-2030,1AC,Tatkal,Bengaluru,Bharuch,12-02-2030,Waitlisted,5,Adult,26,None,Not Confirmed
17-10-2030,2AC,Ladies,New Delhi,Bhavnagar,15-02-2030,Waitlisted,1,Child,29,None,Not Confirmed
27-10-2030,1AC,Premium Tatkal,Bhavnagar,Howrah,25-02-2030,RAC,1,Child,33,None,Confirmed
05-11-2030,2AC,Ladies,New Delhi,Lucknow,06-03-2030,Confirmed,3,Child,13,Senior Citizen,Confirmed
07-11-2030,Sleeper,General,Ahmedabad,Mumbai,08-03-2030,RAC,1,Senior Citizen,8,Senior Citizen,Confirmed
16-11-2030,3AC,Tatkal,Howrah,Bhavnagar,17-03-2030,Waitlisted,3,Adult,2,Defense Quota,Not Confirmed
21-11-2030,1AC,Premium Tatkal,Surat,New Delhi,22-03-2030,Waitlisted,1,Adult,37,Defense Quota,Not Confirmed
23-11-2030,1AC,Premium Tatkal,Mumbai,Mumbai,24-03-2030,Confirmed,4,Child,4,Defense Quota,Confirmed
28-11-2030,3AC,Ladies,Bhavnagar,Lucknow,29-03-2030,Waitlisted,4,Adult,37,None,Not Confirmed
07-12-2030,1AC,General,Lucknow,Mumbai,07-04-2030,RAC,5,Adult,44,Senior Citizen,Confirmed
11-12-2030,1AC,Tatkal,Bhavnagar,Bengaluru,11-04-2030,RAC,3,Adult,5,None,Confirmed
12-12-2030,Sleeper,Premium Tatkal,Chennai,Bengaluru,12-04-2030,Waitlisted,5,Senior Citizen,24,Senior Citizen,Not Confirmed
13-12-2030,2AC,Ladies,Mumbai,New Delhi,13-04-2030,Confirmed,4,Child,3,Defense Quota,Confirmed
16-12-2030,3AC,Premium Tatkal,Surat,New Delhi,16-04-2030,Confirmed,3,Child,46,Senior Citizen,Confirmed
17-12-2030,3AC,General,Bengaluru,Bengaluru,17-04-2030,RAC,1,Senior Citizen,32,Defense Quota,Confirmed
18-12-2030,3AC,Ladies,Surat,Howrah,18-04-2030,Waitlisted,5,Child,8,Defense Quota,Not Confirmed
02-01-2031,2AC,Premium Tatkal,Howrah,Lucknow,03-05-2030,RAC,2,Senior Citizen,39,None,Confirmed
03-01-2031,1AC,General,Bengaluru,Lucknow,04-05-2030,Waitlisted,5,Senior Citizen,43,Defense Quota,Not Confirmed
20-01-2031,2AC,Premium Tatkal,Bengaluru,Bhavnagar,21-05-2030,RAC,2,Child,29,None,Confirmed
02-02-2031,2AC,Tatkal,Surat,Bharuch,03-06-2030,Confirmed,4,Child,46,Senior Citizen,Confirmed
05-02-2031,Sleeper,General,Surat,Bhavnagar,06-06-2030,RAC,2,Child,16,Defense Quota,Confirmed
08-02-2031,3AC,Premium Tatkal,Ahmedabad,Bhavnagar,09-06-2030,Waitlisted,3,Adult,27,Defense Quota,Not Confirmed
13-02-2031,1AC,General,Navsari,Bhavnagar,14-06-2030,Confirmed,3,Adult,13,Senior Citizen,Confirmed
15-02-2031,Sleeper,Premium Tatkal,Bharuch,New Delhi,16-06-2030,Waitlisted,2,Adult,43,Senior Citizen,Not Confirmed
18-02-2031,2AC,Tatkal,Chennai,Navsari,19-06-2030,Waitlisted,1,Adult,9,None,Not Confirmed
21-02-2031,2AC,General,Bengaluru,Bhavnagar,22-06-2030,Waitlisted,3,Senior Citizen,43,Defense Quota,Not Confirmed
22-02-2031,1AC,General,Bengaluru,Navsari,23-06-2030,Waitlisted,5,Child,42,None,Not Confirmed
25-02-2031,Sleeper,Ladies,Mumbai,Chennai,26-06-2030,Waitlisted,3,Adult,8,Senior Citizen,Not Confirmed
26-02-2031,Sleeper,Ladies,Surat,New Delhi,27-06-2030,RAC,5,Senior Citizen,16,Defense Quota,Confirmed
05-03-2031,Sleeper,Premium Tatkal,Mumbai,Bengaluru,04-07-2030,RAC,2,Adult,3,None,Confirmed
15-03-2031,2AC,General,Ahmedabad,Bhavnagar,14-07-2030,Confirmed,5,Senior Citizen,26,Defense Quota,Confirmed
26-03-2031,3AC,Ladies,Ahmedabad,Howrah,25-07-2030,RAC,4,Senior Citizen,46,None,Confirmed
27-03-2031,1AC,Premium Tatkal,Lucknow,Lucknow,26-07-2030,Confirmed,5,Child,44,None,Confirmed
29-03-2031,3AC,General,Bengaluru,Chennai,28-07-2030,RAC,3,Adult,33,Senior Citizen,Confirmed
05-04-2031,3AC,General,Bharuch,Navsari,04-08-2030,RAC,4,Child,30,None,Confirmed
06-04-2031,1AC,Premium Tatkal,Bhavnagar,Mumbai,05-08-2030,RAC,4,Senior Citizen,37,None,Confirmed
09-04-2031,1AC,General,Navsari,Navsari,08-08-2030,Confirmed,5,Senior Citizen,10,Senior Citizen,Confirmed
10-04-2031,Sleeper,Tatkal,Bengaluru,Bhavnagar,09-08-2030,Waitlisted,4,Senior Citizen,38,Defense Quota,Not Confirmed
12-04-2031,Sleeper,Premium Tatkal,Navsari,Chennai,11-08-2030,Confirmed,5,Child,26,Defense Quota,Confirmed
27-04-2031,1AC,Tatkal,Bhavnagar,Howrah,26-08-2030,Waitlisted,5,Child,2,Defense Quota,Not Confirmed
03-05-2031,1AC,Ladies,Lucknow,Bhavnagar,01-09-2030,Waitlisted,4,Child,23,Defense Quota,Not Confirmed
05-05-2031,1AC,Premium Tatkal,Ahmedabad,New Delhi,03-09-2030,Waitlisted,2,Adult,4,Defense Quota,Not Confirmed
06-05-2031,Sleeper,Premium Tatkal,Bharuch,Lucknow,04-09-2030,RAC,4,Adult,9,Defense Quota,Confirmed
11-05-2031,Sleeper,Ladies,Bhavnagar,Howrah,09-09-2030,RAC,3,Senior Citizen,45,None,Confirmed
19-05-2031,Sleeper,Tatkal,Ahmedabad,Navsari,17-09-2030,Confirmed,3,Adult,44,Senior Citizen,Confirmed
21-05-2031,Sleeper,Ladies,Navsari,New Delhi,19-09-2030,Confirmed,2,Adult,31,Defense Quota,Confirmed
25-05-2031,3AC,Ladies,Bharuch,New Delhi,23-09-2030,RAC,2,Adult,15,Defense Quota,Confirmed
29-05-2031,1AC,General,Navsari,Navsari,27-09-2030,Waitlisted,4,Child,27,None,Not Confirmed
05-06-2031,Sleeper,General,Howrah,Ahmedabad,04-10-2030,RAC,3,Child,6,Senior Citizen,Confirmed
09-06-2031,3AC,Ladies,Ahmedabad,Bengaluru,08-10-2030,RAC,5,Senior Citizen,33,Defense Quota,Confirmed
17-06-2031,2AC,Premium Tatkal,Howrah,Navsari,16-10-2030,Waitlisted,1,Adult,6,Senior Citizen,Not Confirmed
24-06-2031,3AC,Premium Tatkal,Bhavnagar,Bharuch,23-10-2030,Confirmed,3,Child,37,Senior Citizen,Confirmed
05-07-2031,1AC,Ladies,Howrah,Ahmedabad,03-11-2030,RAC,4,Child,35,Senior Citizen,Confirmed
06-07-2031,1AC,Ladies,Chennai,Surat,04-11-2030,Waitlisted,3,Senior Citizen,16,Defense Quota,Not Confirmed
07-07-2031,3AC,Tatkal,Bengaluru,Chennai,05-11-2030,Waitlisted,5,Child,46,Senior Citizen,Not Confirmed
09-07-2031,3AC,General,Bengaluru,Mumbai,07-11-2030,Waitlisted,1,Child,9,Senior Citizen,Not Confirmed
13-07-2031,Sleeper,Ladies,Chennai,Mumbai,11-11-2030,Waitlisted,1,Child,30,Defense Quota,Not Confirmed
28-07-2031,1AC,Tatkal,Ahmedabad,Bengaluru,26-11-2030,RAC,2,Adult,9,None,Confirmed
31-07-2031,3AC,Premium Tatkal,New Delhi,Bengaluru,29-11-2030,Confirmed,4,Child,41,Defense Quota,Confirmed
10-08-2031,1AC,Tatkal,New Delhi,Navsari,09-12-2030,Confirmed,2,Adult,34,Senior Citizen,Confirmed
12-08-2031,1AC,Ladies,New Delhi,New Delhi,11-12-2030,Waitlisted,3,Child,25,Defense Quota,Not Confirmed
13-08-2031,1AC,General,Surat,Bhavnagar,12-12-2030,Waitlisted,1,Adult,13,Senior Citizen,Not Confirmed
16-08-2031,3AC,General,Bharuch,Bhavnagar,15-12-2030,RAC,1,Child,33,Defense Quota,Confirmed
17-08-2031,2AC,Ladies,Chennai,Bhavnagar,16-12-2030,Confirmed,3,Child,46,Defense Quota,Confirmed
24-08-2031,Sleeper,General,Bengaluru,Bengaluru,23-12-2030,Waitlisted,5,Adult,18,Defense Quota,Not Confirmed
03-09-2031,1AC,General,Lucknow,Bhavnagar,02-01-2031,Confirmed,1,Child,36,Defense Quota,Confirmed
15-09-2031,1AC,Ladies,Lucknow,Mumbai,14-01-2031,Confirmed,1,Senior Citizen,5,Senior Citizen,Confirmed
21-09-2031,Sleeper,Ladies,Howrah,Bengaluru,20-01-2031,Confirmed,1,Senior Citizen,46,None,Confirmed
22-09-2031,2AC,General,Bharuch,Surat,21-01-2031,Waitlisted,1,Senior Citizen,33,Defense Quota,Not Confirmed
28-09-2031,3AC,General,Bharuch,Mumbai,27-01-2031,Waitlisted,2,Child,17,Defense Quota,Not Confirmed
07-10-2031,2AC,Premium Tatkal,Mumbai,Bengaluru,05-02-2031,Confirmed,5,Senior Citizen,41,None,Confirmed
12-10-2031,1AC,Premium Tatkal,Surat,Mumbai,10-02-2031,Waitlisted,1,Adult,9,None,Not Confirmed
13-10-2031,Sleeper,Ladies,Mumbai,New Delhi,11-02-2031,Confirmed,4,Senior Citizen,14,Senior Citizen,Confirmed
23-10-2031,1AC,Tatkal,Bhavnagar,Bharuch,21-02-2031,Waitlisted,5,Child,21,Defense Quota,Not Confirmed
24-10-2031,1AC,Ladies,Navsari,New Delhi,22-02-2031,Waitlisted,4,Child,44,Senior Citizen,Not Confirmed
29-10-2031,3AC,Tatkal,Bhavnagar,Bengaluru,27-02-2031,Confirmed,1,Senior Citizen,30,None,Confirmed
01-11-2031,1AC,General,Lucknow,New Delhi,02-03-2031,RAC,4,Child,43,Defense Quota,Confirmed
04-11-2031,2AC,Premium Tatkal,Bhavnagar,Lucknow,05-03-2031,RAC,4,Adult,36,None,Confirmed
06-11-2031,3AC,General,Bengaluru,Surat,07-03-2031,Waitlisted,3,Adult,40,Senior Citizen,Not Confirmed
09-11-2031,3AC,Tatkal,Bharuch,Ahmedabad,10-03-2031,RAC,5,Child,15,None,Confirmed
13-11-2031,3AC,General,Ahmedabad,Mumbai,14-03-2031,Waitlisted,3,Child,14,None,Not Confirmed
23-11-2031,3AC,Ladies,Lucknow,Bharuch,24-03-2031,Waitlisted,5,Child,7,Senior Citizen,Not Confirmed
27-11-2031,3AC,Premium Tatkal,Navsari,Navsari,28-03-2031,Waitlisted,1,Senior Citizen,32,None,Not Confirmed
06-12-2031,3AC,General,Lucknow,New Delhi,06-04-2031,Waitlisted,1,Adult,21,Senior Citizen,Not Confirmed
08-12-2031,3AC,Ladies,Mumbai,Navsari,08-04-2031,Waitlisted,5,Child,40,Senior Citizen,Not Confirmed
12-12-2031,1AC,General,Lucknow,Bharuch,12-04-2031,Confirmed,2,Adult,45,None,Confirmed
18-12-2031,Sleeper,Premium Tatkal,Ahmedabad,Ahmedabad,18-04-2031,Waitlisted,5,Adult,40,Defense Quota,Not Confirmed
20-12-2031,Sleeper,General,Howrah,Navsari,20-04-2031,RAC,3,Child,30,None,Confirmed
22-12-2031,Sleeper,Tatkal,Bharuch,Navsari,22-04-2031,RAC,1,Senior Citizen,7,None,Confirmed
25-12-2031,2AC,Premium Tatkal,Bengaluru,Surat,25-04-2031,Confirmed,2,Senior Citizen,39,Senior Citizen,Confirmed
31-12-2031,2AC,Tatkal,Ahmedabad,New Delhi,01-05-2031,Confirmed,2,Adult,28,Defense Quota,Confirmed
11-01-2032,3AC,Premium Tatkal,Bhavnagar,Chennai,12-05-2031,RAC,1,Adult,22,Defense Quota,Confirmed
21-01-2032,Sleeper,Premium Tatkal,Bharuch,Lucknow,22-05-2031,RAC,3,Senior Citizen,18,None,Confirmed
22-01-2032,2AC,Tatkal,Bharuch,Bharuch,23-05-2031,RAC,1,Child,28,None,Confirmed
24-01-2032,2AC,Premium Tatkal,Bengaluru,Mumbai,25-05-2031,RAC,5,Adult,25,Senior Citizen,Confirmed
26-01-2032,3AC,General,Navsari,Mumbai,27-05-2031,Confirmed,3,Child,17,Senior Citizen,Confirmed
28-01-2032,1AC,Tatkal,Lucknow,Bharuch,29-05-2031,Waitlisted,2,Child,42,Senior Citizen,Not Confirmed
02-02-2032,3AC,General,Bharuch,Bengaluru,03-06-2031,Waitlisted,4,Child,47,Senior Citizen,Not Confirmed
08-02-2032,1AC,Ladies,Surat,Howrah,09-06-2031,RAC,4,Adult,26,None,Confirmed
24-02-2032,1AC,General,Bharuch,Lucknow,25-06-2031,Waitlisted,2,Senior Citizen,24,Defense Quota,Not Confirmed
02-03-2032,3AC,General,Ahmedabad,Howrah,02-07-2031,RAC,4,Senior Citizen,4,Senior Citizen,Confirmed
11-03-2032,Sleeper,Tatkal,Mumbai,Chennai,11-07-2031,Waitlisted,5,Adult,28,Defense Quota,Not Confirmed
12-03-2032,Sleeper,General,Navsari,Howrah,12-07-2031,Confirmed,3,Child,8,Defense Quota,Confirmed
15-03-2032,Sleeper,Ladies,Bengaluru,Ahmedabad,15-07-2031,Confirmed,2,Senior Citizen,24,None,Confirmed
27-03-2032,Sleeper,Ladies,Surat,Chennai,27-07-2031,RAC,4,Adult,22,None,Confirmed
29-03-2032,3AC,General,Navsari,Bharuch,29-07-2031,Confirmed,4,Senior Citizen,33,Senior Citizen,Confirmed
02-04-2032,Sleeper,Ladies,Chennai,Navsari,02-08-2031,Waitlisted,4,Child,18,Defense Quota,Not Confirmed
05-04-2032,Sleeper,Tatkal,Bharuch,Bhavnagar,05-08-2031,Waitlisted,3,Senior Citizen,43,Senior Citizen,Not Confirmed
07-04-2032,2AC,Ladies,Bharuch,Lucknow,07-08-2031,Waitlisted,3,Adult,46,Senior Citizen,Not Confirmed
12-04-2032,2AC,General,Bengaluru,Mumbai,12-08-2031,Confirmed,3,Senior Citizen,25,None,Confirmed
16-04-2032,2AC,Premium Tatkal,Ahmedabad,Surat,16-08-2031,Waitlisted,2,Child,47,Defense Quota,Not Confirmed
18-04-2032,1AC,Tatkal,Lucknow,Howrah,18-08-2031,RAC,3,Adult,27,Senior Citizen,Confirmed
21-04-2032,2AC,Tatkal,Bharuch,Mumbai,21-08-2031,Confirmed,4,Senior Citizen,40,None,Confirmed
25-04-2032,3AC,Tatkal,Howrah,Bhavnagar,25-08-2031,RAC,5,Child,26,None,Confirmed
26-04-2032,Sleeper,Premium Tatkal,Bengaluru,Chennai,26-08-2031,RAC,1,Adult,19,Senior Citizen,Confirmed
01-05-2032,Sleeper,Premium Tatkal,Mumbai,New Delhi,31-08-2031,RAC,4,Child,30,None,Confirmed
04-05-2032,Sleeper,Ladies,Howrah,Chennai,03-09-2031,Confirmed,2,Senior Citizen,39,Senior Citizen,Confirmed
07-05-2032,1AC,Premium Tatkal,Chennai,Lucknow,06-09-2031,Waitlisted,2,Adult,23,Senior Citizen,Not Confirmed
08-05-2032,2AC,Tatkal,Chennai,Howrah,07-09-2031,Confirmed,2,Senior Citizen,38,None,Confirmed
10-05-2032,Sleeper,Ladies,Chennai,New Delhi,09-09-2031,Waitlisted,2,Adult,27,None,Not Confirmed
11-05-2032,1AC,General,Surat,Surat,10-09-2031,Confirmed,1,Child,29,None,Confirmed
14-05-2032,1AC,Ladies,Navsari,Bharuch,13-09-2031,RAC,3,Child,32,None,Confirmed
16-05-2032,2AC,Premium Tatkal,Ahmedabad,Howrah,15-09-2031,Confirmed,1,Senior Citizen,5,Defense Quota,Confirmed
23-05-2032,1AC,Ladies,Howrah,Howrah,22-09-2031,Waitlisted,3,Child,19,None,Not Confirmed
24-05-2032,2AC,General,Ahmedabad,Mumbai,23-09-2031,RAC,1,Child,37,None,Confirmed
25-05-2032,3AC,Premium Tatkal,Howrah,Bhavnagar,24-09-2031,Waitlisted,5,Senior Citizen,22,None,Not Confirmed
02-06-2032,3AC,Ladies,Lucknow,Ahmedabad,02-10-2031,RAC,3,Senior Citizen,39,Senior Citizen,Confirmed
05-06-2032,2AC,Premium Tatkal,New Delhi,Mumbai,05-10-2031,RAC,5,Adult,27,Senior Citizen,Confirmed
15-06-2032,2AC,Tatkal,Bharuch,Bhavnagar,15-10-2031,Confirmed,5,Child,2,None,Confirmed
17-06-2032,3AC,General,Bharuch,New Delhi,17-10-2031,Confirmed,4,Senior Citizen,39,Defense Quota,Confirmed
22-06-2032,Sleeper,Premium Tatkal,Ahmedabad,Howrah,22-10-2031,Confirmed,2,Adult,20,None,Confirmed
26-06-2032,2AC,Premium Tatkal,Chennai,Chennai,26-10-2031,RAC,3,Child,26,Defense Quota,Confirmed
01-07-2032,2AC,Premium Tatkal,Bharuch,Chennai,31-10-2031,Confirmed,5,Child,24,Defense Quota,Confirmed
15-07-2032,1AC,Premium Tatkal,Mumbai,Lucknow,14-11-2031,RAC,3,Child,36,None,Confirmed
16-07-2032,1AC,Tatkal,Bengaluru,Howrah,15-11-2031,RAC,2,Child,16,Defense Quota,Confirmed
19-07-2032,3AC,Premium Tatkal,Howrah,Howrah,18-11-2031,Confirmed,4,Senior Citizen,41,Defense Quota,Confirmed
21-07-2032,3AC,Premium Tatkal,Mumbai,New Delhi,20-11-2031,Confirmed,2,Adult,2,Defense Quota,Confirmed
23-07-2032,Sleeper,Premium Tatkal,Ahmedabad,Ahmedabad,22-11-2031,RAC,5,Adult,35,None,Confirmed
12-08-2032,2AC,Ladies,Lucknow,Bhavnagar,12-12-2031,Waitlisted,1,Child,18,None,Not Confirmed
15-08-2032,Sleeper,Tatkal,New Delhi,Howrah,15-12-2031,RAC,1,Senior Citizen,44,Senior Citizen,Confirmed
16-08-2032,3AC,Ladies,Mumbai,Ahmedabad,16-12-2031,Waitlisted,5,Child,32,Defense Quota,Not Confirmed
18-08-2032,1AC,Ladies,Mumbai,Ahmedabad,18-12-2031,Waitlisted,3,Child,44,Senior Citizen,Not Confirmed
26-08-2032,1AC,General,Howrah,Howrah,26-12-2031,RAC,1,Senior Citizen,2,Defense Quota,Confirmed
28-08-2032,2AC,Premium Tatkal,Chennai,Ahmedabad,28-12-2031,RAC,5,Adult,47,None,Confirmed
02-09-2032,Sleeper,Tatkal,Navsari,Chennai,02-01-2032,Confirmed,3,Child,34,Senior Citizen,Confirmed
11-09-2032,1AC,Premium Tatkal,Chennai,Navsari,11-01-2032,Confirmed,2,Child,7,None,Confirmed
12-09-2032,Sleeper,Tatkal,Surat,Bhavnagar,12-01-2032,RAC,5,Senior Citizen,25,Defense Quota,Confirmed
15-09-2032,3AC,Ladies,Surat,Bhavnagar,15-01-2032,Confirmed,3,Adult,14,Senior Citizen,Confirmed
30-09-2032,Sleeper,General,Bengaluru,Lucknow,30-01-2032,Confirmed,4,Senior Citizen,39,Senior Citizen,Confirmed
03-10-2032,2AC,Ladies,Bhavnagar,Bhavnagar,02-02-2032,RAC,2,Child,20,Defense Quota,Confirmed
08-10-2032,2AC,Tatkal,Navsari,Ahmedabad,07-02-2032,RAC,3,Senior Citizen,20,None,Confirmed
12-10-2032,2AC,General,Chennai,Howrah,11-02-2032,Confirmed,4,Senior Citizen,30,None,Confirmed
15-10-2032,Sleeper,Tatkal,Chennai,Surat,14-02-2032,Confirmed,5,Child,39,Defense Quota,Confirmed
16-10-2032,Sleeper,General,Howrah,Chennai,15-02-2032,Confirmed,5,Adult,19,Defense Quota,Confirmed
18-10-2032,Sleeper,Ladies,Chennai,Surat,17-02-2032,Confirmed,1,Adult,4,Senior Citizen,Confirmed
19-10-2032,3AC,Tatkal,Mumbai,Bengaluru,18-02-2032,Confirmed,3,Child,14,Defense Quota,Confirmed
22-10-2032,1AC,Ladies,Ahmedabad,Bhavnagar,21-02-2032,Confirmed,1,Child,42,Defense Quota,Confirmed
25-10-2032,Sleeper,Premium Tatkal,Lucknow,Bengaluru,24-02-2032,Confirmed,3,Senior Citizen,44,None,Confirmed
26-10-2032,2AC,General,Bhavnagar,Bhavnagar,25-02-2032,Waitlisted,4,Child,27,Senior Citizen,Not Confirmed
01-11-2032,3AC,Premium Tatkal,Bengaluru,Chennai,02-03-2032,RAC,5,Senior Citizen,9,Senior Citizen,Confirmed
07-11-2032,3AC,General,Lucknow,Chennai,08-03-2032,RAC,4,Adult,22,None,Confirmed
24-11-2032,1AC,Tatkal,Howrah,Lucknow,25-03-2032,Waitlisted,3,Senior Citizen,20,Defense Quota,Not Confirmed
25-11-2032,Sleeper,Premium Tatkal,Bhavnagar,Surat,26-03-2032,Confirmed,3,Adult,37,Senior Citizen,Confirmed
01-12-2032,1AC,Premium Tatkal,Navsari,Surat,01-04-2032,Waitlisted,2,Adult,31,None,Not Confirmed
07-12-2032,2AC,Premium Tatkal,Bharuch,Bhavnagar,07-04-2032,Confirmed,5,Child,27,None,Confirmed
10-12-2032,3AC,Ladies,Chennai,Bharuch,10-04-2032,Waitlisted,2,Child,46,Defense Quota,Not Confirmed
13-12-2032,3AC,Ladies,New Delhi,New Delhi,13-04-2032,Confirmed,4,Child,32,Senior Citizen,Confirmed
15-12-2032,1AC,Premium Tatkal,Bengaluru,Bharuch,15-04-2032,Confirmed,3,Senior Citizen,17,Defense Quota,Confirmed
18-12-2032,1AC,Tatkal,Ahmedabad,Surat,18-04-2032,Confirmed,3,Senior Citizen,16,Senior Citizen,Confirmed
29-12-2032,3AC,General,Lucknow,New Delhi,29-04-2032,Waitlisted,2,Adult,31,Defense Quota,Not Confirmed
06-01-2033,3AC,General,Bhavnagar,Howrah,07-05-2032,Waitlisted,4,Adult,14,Senior Citizen,Not Confirmed
08-01-2033,3AC,Premium Tatkal,Bhavnagar,Surat,09-05-2032,Waitlisted,5,Senior Citizen,22,Defense Quota,Not Confirmed
15-01-2033,Sleeper,Premium Tatkal,Howrah,New Delhi,16-05-2032,Confirmed,1,Child,29,None,Confirmed
16-01-2033,Sleeper,Premium Tatkal,Bharuch,New Delhi,17-05-2032,Confirmed,1,Child,43,Senior Citizen,Confirmed
17-01-2033,2AC,Ladies,Mumbai,Lucknow,18-05-2032,RAC,5,Child,43,None,Confirmed
18-01-2033,1AC,General,Navsari,Lucknow,19-05-2032,Confirmed,4,Adult,3,Defense Quota,Confirmed
19-01-2033,3AC,Tatkal,Bhavnagar,Lucknow,20-05-2032,Waitlisted,2,Senior Citizen,18,Senior Citizen,Not Confirmed
29-01-2033,2AC,Tatkal,Surat,Bhavnagar,30-05-2032,Confirmed,1,Child,46,None,Confirmed
14-02-2033,2AC,Ladies,Ahmedabad,Lucknow,15-06-2032,Confirmed,4,Adult,25,Senior Citizen,Confirmed
21-02-2033,1AC,Premium Tatkal,Bengaluru,Lucknow,22-06-2032,RAC,3,Senior Citizen,33,Senior Citizen,Confirmed
23-02-2033,1AC,Tatkal,Chennai,Howrah,24-06-2032,Confirmed,2,Adult,4,None,Confirmed
08-03-2033,2AC,Tatkal,Howrah,Navsari,07-07-2032,Waitlisted,5,Child,42,Defense Quota,Not Confirmed
12-03-2033,1AC,Ladies,Surat,Navsari,11-07-2032,Waitlisted,5,Child,27,None,Not Confirmed
21-03-2033,3AC,General,Chennai,Lucknow,20-07-2032,RAC,3,Adult,22,None,Confirmed
23-03-2033,2AC,General,Chennai,Bhavnagar,22-07-2032,RAC,5,Senior Citizen,15,Senior Citizen,Confirmed
30-03-2033,Sleeper,Premium Tatkal,Surat,Mumbai,29-07-2032,RAC,1,Adult,5,None,Confirmed
01-04-2033,1AC,Tatkal,Ahmedabad,Bengaluru,31-07-2032,Waitlisted,2,Adult,21,None,Not Confirmed
03-04-2033,Sleeper,Premium Tatkal,Surat,Chennai,02-08-2032,Confirmed,4,Senior Citizen,41,Senior Citizen,Confirmed
05-04-2033,3AC,Tatkal,Bharuch,Howrah,04-08-2032,Waitlisted,4,Senior Citizen,17,Defense Quota,Not Confirmed
06-04-2033,Sleeper,Tatkal,Ahmedabad,Ahmedabad,05-08-2032,Waitlisted,1,Child,41,Defense Quota,Not Confirmed
07-04-2033,3AC,Tatkal,Chennai,Bhavnagar,06-08-2032,Waitlisted,4,Adult,34,Defense Quota,Not Confirmed
14-04-2033,Sleeper,Premium Tatkal,Mumbai,Howrah,13-08-2032,Confirmed,5,Adult,13,Senior Citizen,Confirmed
28-04-2033,3AC,General,Bharuch,Chennai,27-08-2032,RAC,3,Child,39,None,Confirmed
04-05-2033,Sleeper,Premium Tatkal,Lucknow,Bharuch,02-09-2032,Confirmed,1,Adult,10,Defense Quota,Confirmed
23-05-2033,Sleeper,Tatkal,Mumbai,Chennai,21-09-2032,RAC,2,Adult,46,Defense Quota,Confirmed
25-05-2033,Sleeper,Ladies,Bharuch,Howrah,23-09-2032,RAC,2,Senior Citizen,24,Senior Citizen,Confirmed
07-06-2033,3AC,General,New Delhi,Ahmedabad,06-10-2032,Confirmed,2,Adult,47,Senior Citizen,Confirmed
12-06-2033,3AC,Tatkal,New Delhi,Bharuch,11-10-2032,Waitlisted,5,Adult,7,Senior Citizen,Not Confirmed
13-06-2033,Sleeper,General,Chennai,Mumbai,12-10-2032,RAC,5,Child,40,Senior Citizen,Confirmed
14-06-2033,Sleeper,General,Chennai,New Delhi,13-10-2032,Confirmed,4,Senior Citizen,12,Defense Quota,Confirmed
16-06-2033,Sleeper,General,Howrah,Howrah,15-10-2032,Waitlisted,2,Senior Citizen,10,Defense Quota,Not Confirmed
17-06-2033,Sleeper,Premium Tatkal,Bhavnagar,New Delhi,16-10-2032,RAC,3,Child,7,Defense Quota,Confirmed
21-06-2033,2AC,Tatkal,Lucknow,Bharuch,20-10-2032,Confirmed,4,Senior Citizen,22,Senior Citizen,Confirmed
23-06-2033,2AC,Ladies,Bharuch,Lucknow,22-10-2032,RAC,1,Senior Citizen,28,Defense Quota,Confirmed
24-06-2033,1AC,Premium Tatkal,Ahmedabad,Mumbai,23-10-2032,RAC,4,Child,3,None,Confirmed
26-06-2033,3AC,Tatkal,Bhavnagar,Navsari,25-10-2032,RAC,2,Child,29,None,Confirmed
04-07-2033,3AC,Premium Tatkal,Bhavnagar,Howrah,02-11-2032,Waitlisted,3,Senior Citizen,9,Senior Citizen,Not Confirmed
08-07-2033,1AC,Ladies,Chennai,Lucknow,06-11-2032,RAC,4,Adult,37,Senior Citizen,Confirmed
09-07-2033,2AC,Premium Tatkal,Mumbai,Surat,07-11-2032,Confirmed,1,Senior Citizen,20,Defense Quota,Confirmed
11-07-2033,3AC,Premium Tatkal,Navsari,Howrah,09-11-2032,RAC,4,Senior Citizen,23,Defense Quota,Confirmed
12-07-2033,1AC,Premium Tatkal,Howrah,New Delhi,10-11-2032,Confirmed,5,Senior Citizen,14,Senior Citizen,Confirmed
13-07-2033,3AC,Tatkal,New Delhi,Chennai,11-11-2032,RAC,2,Child,43,Senior Citizen,Confirmed
18-07-2033,3AC,Premium Tatkal,Ahmedabad,New Delhi,16-11-2032,Confirmed,4,Adult,27,None,Confirmed
19-07-2033,1AC,General,Lucknow,Chennai,17-11-2032,Confirmed,4,Child,21,Senior Citizen,Confirmed
21-07-2033,3AC,General,Lucknow,Ahmedabad,19-11-2032,Waitlisted,1,Adult,5,Defense Quota,Not Confirmed
22-07-2033,1AC,Ladies,Navsari,Lucknow,20-11-2032,RAC,1,Child,27,None,Confirmed
29-07-2033,1AC,Tatkal,Ahmedabad,Bharuch,27-11-2032,RAC,1,Child,5,Defense Quota,Confirmed
31-07-2033,3AC,General,Ahmedabad,Chennai,29-11-2032,Waitlisted,5,Adult,25,Senior Citizen,Not Confirmed
03-08-2033,Sleeper,General,Mumbai,Bengaluru,02-12-2032,RAC,5,Senior Citizen,29,Defense Quota,Confirmed
04-08-2033,2AC,Premium Tatkal,Navsari,Ahmedabad,03-12-2032,Confirmed,3,Senior Citizen,18,Defense Quota,Confirmed
07-08-2033,3AC,Premium Tatkal,Lucknow,Chennai,06-12-2032,Waitlisted,4,Adult,3,Defense Quota,Not Confirmed
10-08-2033,3AC,Ladies,Bhavnagar,Bharuch,09-12-2032,Confirmed,5,Child,36,None,Confirmed
17-08-2033,3AC,Premium Tatkal,Bharuch,Mumbai,16-12-2032,Confirmed,1,Child,32,Senior Citizen,Confirmed
28-08-2033,Sleeper,Tatkal,Lucknow,Bengaluru,27-12-2032,RAC,4,Adult,44,None,Confirmed
02-09-2033,2AC,General,Bhavnagar,Bharuch,01-01-2033,RAC,2,Adult,41,Defense Quota,Confirmed
15-09-2033,2AC,Ladies,Lucknow,Ahmedabad,14-01-2033,RAC,1,Adult,11,Defense Quota,Confirmed
19-09-2033,1AC,General,Surat,Chennai,18-01-2033,RAC,2,Adult,38,None,Confirmed
20-09-2033,Sleeper,Premium Tatkal,Bengaluru,Bharuch,19-01-2033,Waitlisted,1,Child,33,None,Not Confirmed
26-09-2033,2AC,Tatkal,Surat,Howrah,25-01-2033,Waitlisted,1,Child,30,Senior Citizen,Not Confirmed
27-09-2033,1AC,General,Bharuch,Bengaluru,26-01-2033,Confirmed,2,Senior Citizen,27,None,Confirmed
29-09-2033,3AC,General,New Delhi,Bhavnagar,28-01-2033,RAC,2,Senior Citizen,9,Senior Citizen,Confirmed
05-10-2033,3AC,Premium Tatkal,Mumbai,Howrah,03-02-2033,RAC,4,Child,20,Defense Quota,Confirmed
21-10-2033,2AC,Tatkal,New Delhi,Mumbai,19-02-2033,Confirmed,1,Senior Citizen,35,None,Confirmed
30-10-2033,Sleeper,General,Chennai,Surat,28-02-2033,Confirmed,3,Senior Citizen,37,Defense Quota,Confirmed
03-11-2033,Sleeper,Tatkal,Howrah,New Delhi,04-03-2033,Waitlisted,1,Child,20,Senior Citizen,Not Confirmed
04-11-2033,1AC,General,New Delhi,Ahmedabad,05-03-2033,RAC,3,Child,20,Defense Quota,Confirmed
09-11-2033,1AC,Tatkal,New Delhi,Bengaluru,10-03-2033,Waitlisted,2,Child,5,Senior Citizen,Not Confirmed
11-11-2033,Sleeper,Ladies,New Delhi,New Delhi,12-03-2033,Confirmed,1,Adult,37,None,Confirmed
14-11-2033,1AC,General,Howrah,Bharuch,15-03-2033,Waitlisted,5,Senior Citizen,24,Defense Quota,Not Confirmed
15-11-2033,2AC,General,Bharuch,Howrah,16-03-2033,Confirmed,1,Child,36,None,Confirmed
24-11-2033,1AC,Tatkal,Mumbai,Lucknow,25-03-2033,RAC,1,Child,39,Senior Citizen,Confirmed
25-11-2033,2AC,Tatkal,Navsari,Chennai,26-03-2033,Confirmed,2,Adult,13,Defense Quota,Confirmed
28-11-2033,1AC,General,New Delhi,Bengaluru,29-03-2033,RAC,2,Adult,42,Senior Citizen,Confirmed
30-11-2033,1AC,Tatkal,Chennai,Bengaluru,31-03-2033,Waitlisted,5,Senior Citizen,6,Defense Quota,Not Confirmed
08-12-2033,3AC,Ladies,New Delhi,Bharuch,08-04-2033,RAC,4,Child,12,Senior Citizen,Confirmed
11-12-2033,3AC,General,Bengaluru,Bhavnagar,11-04-2033,Waitlisted,1,Adult,13,Senior Citizen,Not Confirmed
15-12-2033,2AC,Tatkal,Navsari,Ahmedabad,15-04-2033,Waitlisted,4,Adult,10,Defense Quota,Not Confirmed
18-12-2033,2AC,Ladies,Lucknow,Mumbai,18-04-2033,RAC,2,Senior Citizen,27,Defense Quota,Confirmed
19-12-2033,1AC,Tatkal,Lucknow,Lucknow,19-04-2033,RAC,4,Child,47,None,Confirmed
04-01-2034,1AC,Premium Tatkal,Ahmedabad,Bharuch,05-05-2033,RAC,4,Adult,37,Senior Citizen,Confirmed
13-01-2034,3AC,Ladies,Bengaluru,Bharuch,14-05-2033,Waitlisted,5,Child,36,Defense Quota,Not Confirmed
15-01-2034,Sleeper,Premium Tatkal,Bharuch,Howrah,16-05-2033,Confirmed,3,Senior Citizen,31,Senior Citizen,Confirmed
23-01-2034,2AC,Ladies,Navsari,Surat,24-05-2033,Confirmed,3,Senior Citizen,43,Senior Citizen,Confirmed
25-01-2034,Sleeper,General,Lucknow,Surat,26-05-2033,Confirmed,1,Adult,36,Defense Quota,Confirmed
31-01-2034,3AC,Ladies,Chennai,Howrah,01-06-2033,RAC,2,Senior Citizen,13,Defense Quota,Confirmed
09-02-2034,Sleeper,General,Bengaluru,Surat,10-06-2033,RAC,3,Senior Citizen,25,None,Confirmed
12-02-2034,1AC,Premium Tatkal,Bhavnagar,Navsari,13-06-2033,Confirmed,1,Senior Citizen,19,None,Confirmed
14-02-2034,1AC,General,Lucknow,New Delhi,15-06-2033,RAC,1,Child,24,None,Confirmed
16-02-2034,1AC,General,Surat,New Delhi,17-06-2033,Waitlisted,4,Senior Citizen,3,Defense Quota,Not Confirmed
20-02-2034,Sleeper,General,Bhavnagar,Navsari,21-06-2033,RAC,3,Adult,27,None,Confirmed
27-02-2034,3AC,Tatkal,Navsari,Mumbai,28-06-2033,Waitlisted,5,Adult,33,Defense Quota,Not Confirmed
01-03-2034,3AC,General,Lucknow,Mumbai,30-06-2033,Confirmed,5,Senior Citizen,17,Defense Quota,Confirmed
07-03-2034,1AC,General,Bhavnagar,Bhavnagar,06-07-2033,Confirmed,4,Senior Citizen,9,None,Confirmed
09-03-2034,Sleeper,Tatkal,Navsari,Surat,08-07-2033,Confirmed,5,Adult,39,Senior Citizen,Confirmed
19-03-2034,3AC,Premium Tatkal,Lucknow,Surat,18-07-2033,Waitlisted,2,Child,12,None,Not Confirmed
21-03-2034,Sleeper,Premium Tatkal,Lucknow,Chennai,20-07-2033,RAC,4,Senior Citizen,30,None,Confirmed
06-04-2034,3AC,Ladies,Bharuch,Bengaluru,05-08-2033,Waitlisted,5,Senior Citizen,45,None,Not Confirmed
09-04-2034,Sleeper,Ladies,Mumbai,Bhavnagar,08-08-2033,Waitlisted,1,Child,43,Defense Quota,Not Confirmed
20-04-2034,2AC,Tatkal,New Delhi,Lucknow,19-08-2033,RAC,4,Senior Citizen,29,Defense Quota,Confirmed
23-04-2034,3AC,Tatkal,Surat,New Delhi,22-08-2033,RAC,1,Senior Citizen,3,Defense Quota,Confirmed
25-04-2034,Sleeper,Premium Tatkal,Bengaluru,New Delhi,24-08-2033,Waitlisted,3,Child,32,Defense Quota,Not Confirmed
02-05-2034,Sleeper,Ladies,Mumbai,Bhavnagar,31-08-2033,Confirmed,4,Adult,9,Senior Citizen,Confirmed
04-05-2034,2AC,General,Bharuch,Mumbai,02-09-2033,Confirmed,3,Senior Citizen,6,Defense Quota,Confirmed
05-05-2034,2AC,Ladies,Lucknow,Howrah,03-09-2033,RAC,1,Adult,35,Senior Citizen,Confirmed
07-05-2034,Sleeper,Ladies,Bharuch,New Delhi,05-09-2033,Confirmed,5,Senior Citizen,4,Senior Citizen,Confirmed
24-05-2034,3AC,Tatkal,Bhavnagar,Chennai,22-09-2033,Confirmed,2,Child,18,Senior Citizen,Confirmed
27-05-2034,1AC,Ladies,Ahmedabad,Bhavnagar,25-09-2033,RAC,1,Senior Citizen,33,None,Confirmed
01-06-2034,1AC,Tatkal,New Delhi,Bhavnagar,30-09-2033,Waitlisted,5,Adult,30,None,Not Confirmed
03-06-2034,1AC,Premium Tatkal,Bhavnagar,Ahmedabad,02-10-2033,RAC,2,Child,8,Defense Quota,Confirmed
07-06-2034,Sleeper,Premium Tatkal,Lucknow,Ahmedabad,06-10-2033,Confirmed,1,Senior Citizen,23,Senior Citizen,Confirmed
13-06-2034,3AC,Premium Tatkal,Bhavnagar,Howrah,12-10-2033,Waitlisted,4,Child,20,Defense Quota,Not Confirmed
17-06-2034,3AC,Ladies,Chennai,Bhavnagar,16-10-2033,Confirmed,1,Senior Citizen,11,Defense Quota,Confirmed
20-06-2034,2AC,Premium Tatkal,Howrah,Surat,19-10-2033,Confirmed,5,Adult,44,None,Confirmed
21-06-2034,1AC,Tatkal,Ahmedabad,Bharuch,20-10-2033,RAC,5,Adult,35,None,Confirmed
27-06-2034,2AC,General,Bhavnagar,Ahmedabad,26-10-2033,Waitlisted,4,Child,8,None,Not Confirmed
06-07-2034,2AC,Ladies,New Delhi,New Delhi,04-11-2033,Waitlisted,4,Adult,43,None,Not Confirmed
09-07-2034,3AC,Ladies,Lucknow,Howrah,07-11-2033,RAC,2,Child,19,Defense Quota,Confirmed
15-07-2034,Sleeper,Premium Tatkal,Mumbai,Chennai,13-11-2033,Waitlisted,4,Adult,12,None,Not Confirmed
16-07-2034,3AC,General,Mumbai,Navsari,14-11-2033,RAC,2,Senior Citizen,41,Senior Citizen,Confirmed
22-07-2034,2AC,General,Bharuch,Bengaluru,20-11-2033,Waitlisted,4,Senior Citizen,37,Senior Citizen,Not Confirmed
01-08-2034,1AC,Premium Tatkal,Chennai,Bharuch,30-11-2033,Confirmed,3,Senior Citizen,40,None,Confirmed
03-08-2034,Sleeper,Ladies,Surat,Chennai,02-12-2033,Confirmed,3,Senior Citizen,13,None,Confirmed
11-08-2034,2AC,Tatkal,Chennai,Howrah,10-12-2033,Waitlisted,2,Senior Citizen,32,Defense Quota,Not Confirmed
15-08-2034,2AC,Ladies,Bhavnagar,Lucknow,14-12-2033,Confirmed,1,Adult,18,None,Confirmed
16-08-2034,1AC,Premium Tatkal,Surat,Bengaluru,15-12-2033,Confirmed,1,Child,34,Senior Citizen,Confirmed
17-08-2034,2AC,Tatkal,Mumbai,Lucknow,16-12-2033,Waitlisted,2,Child,4,None,Not Confirmed
19-08-2034,Sleeper,Ladies,Bengaluru,New Delhi,18-12-2033,Confirmed,3,Adult,38,Senior Citizen,Confirmed
24-08-2034,1AC,Ladies,Bhavnagar,Chennai,23-12-2033,Waitlisted,5,Child,4,Defense Quota,Not Confirmed
26-08-2034,1AC,Premium Tatkal,New Delhi,Bharuch,25-12-2033,Confirmed,4,Senior Citizen,7,None,Confirmed
29-08-2034,1AC,Tatkal,New Delhi,Bharuch,28-12-2033,Waitlisted,3,Child,2,None,Not Confirmed
02-09-2034,Sleeper,Ladies,Bharuch,New Delhi,01-01-2034,RAC,3,Child,24,Senior Citizen,Confirmed
09-09-2034,1AC,Premium Tatkal,Bengaluru,Bhavnagar,08-01-2034,RAC,1,Child,28,Senior Citizen,Confirmed
13-09-2034,Sleeper,Premium Tatkal,Navsari,Ahmedabad,12-01-2034,Waitlisted,5,Adult,39,Senior Citizen,Not Confirmed
21-09-2034,1AC,Premium Tatkal,Chennai,Ahmedabad,20-01-2034,Confirmed,2,Adult,24,Senior Citizen,Confirmed
23-09-2034,Sleeper,General,Howrah,Surat,22-01-2034,RAC,1,Senior Citizen,7,None,Confirmed
28-09-2034,3AC,Premium Tatkal,Mumbai,Navsari,27-01-2034,Confirmed,1,Child,26,Defense Quota,Confirmed
02-10-2034,1AC,General,Bengaluru,New Delhi,31-01-2034,RAC,1,Senior Citizen,12,Senior Citizen,Confirmed
03-10-2034,Sleeper,Tatkal,Mumbai,Bhavnagar,01-02-2034,RAC,4,Adult,26,Defense Quota,Confirmed
06-10-2034,2AC,General,New Delhi,Surat,04-02-2034,Waitlisted,3,Child,25,Defense Quota,Not Confirmed
10-10-2034,1AC,Tatkal,Surat,Mumbai,08-02-2034,Confirmed,1,Adult,27,Senior Citizen,Confirmed
17-10-2034,3AC,Premium Tatkal,Howrah,Bhavnagar,15-02-2034,Confirmed,4,Adult,35,Senior Citizen,Confirmed
18-10-2034,2AC,Premium Tatkal,Bengaluru,Navsari,16-02-2034,Confirmed,4,Child,5,None,Confirmed
28-10-2034,2AC,Ladies,Bharuch,Chennai,26-02-2034,Confirmed,1,Adult,43,Senior Citizen,Confirmed
31-10-2034,2AC,Ladies,Surat,Navsari,01-03-2034,Confirmed,4,Senior Citizen,20,Defense Quota,Confirmed
02-11-2034,1AC,Ladies,Bharuch,Mumbai,03-03-2034,Confirmed,2,Adult,4,Defense Quota,Confirmed
18-11-2034,Sleeper,Premium Tatkal,Surat,New Delhi,19-03-2034,Confirmed,2,Child,13,None,Confirmed
26-11-2034,Sleeper,General,Chennai,Bharuch,27-03-2034,Waitlisted,3,Senior Citizen,26,Senior Citizen,Not Confirmed
27-11-2034,3AC,Tatkal,Surat,Howrah,28-03-2034,Confirmed,1,Senior Citizen,34,Senior Citizen,Confirmed
11-12-2034,3AC,Premium Tatkal,Navsari,Navsari,11-04-2034,Waitlisted,1,Senior Citizen,31,Senior Citizen,Not Confirmed
14-12-2034,2AC,General,Surat,New Delhi,14-04-2034,Confirmed,3,Adult,28,Senior Citizen,Confirmed
29-12-2034,Sleeper,Ladies,Surat,Bengaluru,29-04-2034,RAC,5,Adult,37,Defense Quota,Confirmed
09-01-2035,1AC,General,Bharuch,Mumbai,10-05-2034,Waitlisted,4,Senior Citizen,26,None,Not Confirmed
18-01-2035,1AC,Tatkal,Howrah,Chennai,19-05-2034,Confirmed,5,Adult,34,Defense Quota,Confirmed
20-01-2035,3AC,Tatkal,Bharuch,Bhavnagar,21-05-2034,Waitlisted,1,Adult,24,Senior Citizen,Not Confirmed
22-01-2035,2AC,General,Bhavnagar,Ahmedabad,23-05-2034,RAC,4,Child,26,None,Confirmed
05-02-2035,3AC,Ladies,Ahmedabad,Ahmedabad,06-06-2034,Confirmed,3,Child,16,Defense Quota,Confirmed
13-02-2035,3AC,General,New Delhi,Navsari,14-06-2034,Waitlisted,5,Child,21,Senior Citizen,Not Confirmed
16-02-2035,3AC,Ladies,Chennai,Bharuch,17-06-2034,Confirmed,3,Senior Citizen,46,None,Confirmed
24-02-2035,Sleeper,Premium Tatkal,Howrah,New Delhi,25-06-2034,Waitlisted,1,Senior Citizen,32,Defense Quota,Not Confirmed
05-03-2035,3AC,Premium Tatkal,Mumbai,Ahmedabad,04-07-2034,Waitlisted,1,Adult,3,Defense Quota,Not Confirmed
06-03-2035,2AC,Tatkal,Chennai,Bengaluru,05-07-2034,Confirmed,4,Senior Citizen,2,Senior Citizen,Confirmed
08-03-2035,1AC,Tatkal,Ahmedabad,Navsari,07-07-2034,RAC,4,Senior Citizen,13,None,Confirmed
14-03-2035,1AC,Tatkal,Ahmedabad,Surat,13-07-2034,Waitlisted,1,Adult,26,Senior Citizen,Not Confirmed
23-03-2035,3AC,Ladies,New Delhi,Bengaluru,22-07-2034,Confirmed,2,Child,28,Defense Quota,Confirmed
25-03-2035,Sleeper,Tatkal,Bhavnagar,New Delhi,24-07-2034,Waitlisted,2,Senior Citizen,46,Defense Quota,Not Confirmed
30-03-2035,3AC,Premium Tatkal,Bharuch,Surat,29-07-2034,RAC,3,Child,39,Senior Citizen,Confirmed
09-04-2035,Sleeper,General,Surat,Lucknow,08-08-2034,RAC,1,Adult,41,Senior Citizen,Confirmed
11-04-2035,Sleeper,Premium Tatkal,Ahmedabad,New Delhi,10-08-2034,Waitlisted,1,Adult,3,Defense Quota,Not Confirmed
14-04-2035,1AC,General,Surat,Bharuch,13-08-2034,Confirmed,5,Senior Citizen,44,None,Confirmed
19-04-2035,2AC,General,Ahmedabad,Bharuch,18-08-2034,Waitlisted,3,Child,26,Defense Quota,Not Confirmed
20-04-2035,1AC,General,Ahmedabad,Lucknow,19-08-2034,RAC,3,Child,43,Senior Citizen,Confirmed
25-04-2035,3AC,Tatkal,Howrah,Howrah,24-08-2034,Confirmed,4,Adult,27,None,Confirmed
26-04-2035,1AC,Premium Tatkal,New Delhi,Bhavnagar,25-08-2034,Waitlisted,5,Adult,33,Senior Citizen,Not Confirmed
29-04-2035,Sleeper,Tatkal,Howrah,Surat,28-08-2034,Waitlisted,5,Adult,12,Senior Citizen,Not Confirmed
02-05-2035,Sleeper,Tatkal,Navsari,Mumbai,31-08-2034,RAC,1,Adult,7,None,Confirmed
07-05-2035,3AC,Premium Tatkal,Mumbai,Navsari,05-09-2034,RAC,3,Child,20,Senior Citizen,Confirmed
12-05-2035,Sleeper,Premium Tatkal,Bengaluru,Chennai,10-09-2034,Waitlisted,2,Child,19,Senior Citizen,Not Confirmed
18-05-2035,3AC,General,New Delhi,Ahmedabad,16-09-2034,Confirmed,1,Child,36,Defense Quota,Confirmed
21-05-2035,3AC,General,Howrah,Bengaluru,19-09-2034,RAC,1,Child,36,Senior Citizen,Confirmed
22-05-2035,1AC,Tatkal,Bengaluru,Bhavnagar,20-09-2034,Waitlisted,4,Senior Citizen,4,Senior Citizen,Not Confirmed
27-05-2035,2AC,General,Mumbai,Ahmedabad,25-09-2034,RAC,3,Senior Citizen,26,Defense Quota,Confirmed
01-06-2035,1AC,Ladies,Ahmedabad,Lucknow,30-09-2034,RAC,3,Child,3,Defense Quota,Confirmed
06-06-2035,3AC,Ladies,New Delhi,Lucknow,05-10-2034,RAC,3,Child,44,Defense Quota,Confirmed
07-06-2035,1AC,Tatkal,Surat,Navsari,06-10-2034,Confirmed,1,Adult,26,Senior Citizen,Confirmed
08-06-2035,1AC,General,New Delhi,Ahmedabad,07-10-2034,RAC,5,Adult,25,Senior Citizen,Confirmed
14-06-2035,3AC,Tatkal,Bhavnagar,Lucknow,13-10-2034,Confirmed,3,Senior Citizen,39,Senior Citizen,Confirmed
24-06-2035,2AC,Premium Tatkal,Howrah,Ahmedabad,23-10-2034,Confirmed,3,Adult,37,None,Confirmed
26-06-2035,Sleeper,Tatkal,Ahmedabad,Lucknow,25-10-2034,Waitlisted,2,Adult,9,Defense Quota,Not Confirmed
29-06-2035,1AC,Premium Tatkal,Bhavnagar,New Delhi,28-10-2034,RAC,5,Adult,43,Defense Quota,Confirmed
06-07-2035,2AC,Tatkal,Lucknow,Bharuch,04-11-2034,Waitlisted,4,Adult,17,None,Not Confirmed
07-07-2035,3AC,Tatkal,Chennai,Howrah,05-11-2034,RAC,4,Senior Citizen,3,Defense Quota,Confirmed
10-07-2035,Sleeper,Tatkal,Bhavnagar,Chennai,08-11-2034,RAC,1,Child,26,Senior Citizen,Confirmed
14-07-2035,1AC,General,Howrah,Bharuch,12-11-2034,RAC,3,Child,9,None,Confirmed
17-07-2035,Sleeper,Tatkal,Surat,Lucknow,15-11-2034,Waitlisted,4,Adult,17,Defense Quota,Not Confirmed
21-07-2035,3AC,Ladies,Navsari,Lucknow,19-11-2034,Confirmed,3,Senior Citizen,15,Senior Citizen,Confirmed
28-07-2035,2AC,Ladies,Navsari,Bharuch,26-11-2034,RAC,5,Child,23,None,Confirmed
29-07-2035,3AC,General,Ahmedabad,Bharuch,27-11-2034,RAC,5,Child,10,Senior Citizen,Confirmed
08-08-2035,Sleeper,Ladies,Lucknow,Bhavnagar,07-12-2034,Waitlisted,1,Child,17,Defense Quota,Not Confirmed
09-08-2035,1AC,Premium Tatkal,Mumbai,Lucknow,08-12-2034,Waitlisted,4,Child,31,Defense Quota,Not Confirmed
10-08-2035,3AC,Premium Tatkal,Bengaluru,Lucknow,09-12-2034,Waitlisted,5,Child,44,None,Not Confirmed
14-08-2035,3AC,Ladies,Navsari,Howrah,13-12-2034,RAC,4,Adult,9,Defense Quota,Confirmed
19-08-2035,3AC,Premium Tatkal,Mumbai,Bharuch,18-12-2034,Waitlisted,5,Senior Citizen,21,None,Not Confirmed
24-08-2035,Sleeper,Premium Tatkal,Chennai,Mumbai,23-12-2034,RAC,2,Adult,9,Senior Citizen,Confirmed
08-09-2035,1AC,Premium Tatkal,Bengaluru,Chennai,07-01-2035,RAC,2,Adult,38,Senior Citizen,Confirmed
10-09-2035,1AC,General,Lucknow,Bengaluru,09-01-2035,RAC,1,Adult,26,Senior Citizen,Confirmed
14-09-2035,2AC,Premium Tatkal,Bhavnagar,Chennai,13-01-2035,Confirmed,5,Adult,5,None,Confirmed
16-09-2035,2AC,Tatkal,Bharuch,Bharuch,15-01-2035,Confirmed,4,Child,21,None,Confirmed
17-09-2035,1AC,Tatkal,Howrah,Mumbai,16-01-2035,Confirmed,2,Senior Citizen,45,None,Confirmed
20-09-2035,1AC,General,Chennai,Mumbai,19-01-2035,Confirmed,3,Adult,14,Senior Citizen,Confirmed
25-09-2035,2AC,General,New Delhi,Mumbai,24-01-2035,Confirmed,5,Adult,25,Defense Quota,Confirmed
26-09-2035,Sleeper,Ladies,Howrah,Ahmedabad,25-01-2035,Waitlisted,5,Adult,17,None,Not Confirmed
13-10-2035,2AC,Tatkal,Surat,Mumbai,11-02-2035,RAC,4,Child,32,Defense Quota,Confirmed
15-10-2035,2AC,General,Ahmedabad,Bhavnagar,13-02-2035,Waitlisted,1,Senior Citizen,4,Defense Quota,Not Confirmed
25-10-2035,3AC,Ladies,Mumbai,Navsari,23-02-2035,Confirmed,5,Child,6,None,Confirmed
10-11-2035,2AC,Premium Tatkal,Lucknow,Bharuch,11-03-2035,RAC,1,Senior Citizen,7,Senior Citizen,Confirmed
12-11-2035,2AC,Ladies,New Delhi,Lucknow,13-03-2035,RAC,4,Adult,18,Senior Citizen,Confirmed
13-11-2035,1AC,General,Ahmedabad,Howrah,14-03-2035,Waitlisted,2,Adult,43,None,Not Confirmed
15-11-2035,2AC,Ladies,Navsari,Bengaluru,16-03-2035,Confirmed,4,Senior Citizen,32,Defense Quota,Confirmed
18-11-2035,Sleeper,General,Chennai,Bharuch,19-03-2035,Confirmed,4,Adult,39,Senior Citizen,Confirmed
23-11-2035,Sleeper,Premium Tatkal,Chennai,Navsari,24-03-2035,Waitlisted,2,Adult,9,Senior Citizen,Not Confirmed
28-11-2035,2AC,Ladies,Surat,New Delhi,29-03-2035,Waitlisted,2,Child,9,None,Not Confirmed
05-12-2035,Sleeper,Tatkal,Chennai,Chennai,05-04-2035,Confirmed,3,Adult,24,None,Confirmed
09-12-2035,Sleeper,Premium Tatkal,Howrah,Mumbai,09-04-2035,Confirmed,4,Senior Citizen,3,Senior Citizen,Confirmed
15-12-2035,3AC,General,Mumbai,Howrah,15-04-2035,Confirmed,1,Child,8,Defense Quota,Confirmed
20-12-2035,2AC,Ladies,Mumbai,Chennai,20-04-2035,Confirmed,3,Child,10,Defense Quota,Confirmed
25-12-2035,2AC,Ladies,Bengaluru,Mumbai,25-04-2035,Confirmed,1,Child,24,Senior Citizen,Confirmed
27-12-2035,Sleeper,Ladies,Howrah,Chennai,27-04-2035,Confirmed,1,Adult,11,None,Confirmed
03-01-2036,3AC,Premium Tatkal,Bhavnagar,Howrah,04-05-2035,Confirmed,3,Senior Citizen,5,Defense Quota,Confirmed
07-01-2036,2AC,Premium Tatkal,Navsari,Navsari,08-05-2035,Confirmed,4,Senior Citizen,38,Senior Citizen,Confirmed
11-01-2036,2AC,Tatkal,Surat,Howrah,12-05-2035,Confirmed,4,Adult,12,Senior Citizen,Confirmed
12-01-2036,1AC,General,Mumbai,Bhavnagar,13-05-2035,Confirmed,2,Senior Citizen,45,None,Confirmed
13-01-2036,1AC,General,Howrah,Navsari,14-05-2035,Waitlisted,3,Child,47,Senior Citizen,Not Confirmed
15-01-2036,2AC,Ladies,Mumbai,Howrah,16-05-2035,Waitlisted,4,Senior Citizen,40,None,Not Confirmed
16-01-2036,Sleeper,Ladies,Ahmedabad,Navsari,17-05-2035,RAC,1,Adult,12,Defense Quota,Confirmed
18-01-2036,3AC,Premium Tatkal,Navsari,Navsari,19-05-2035,Confirmed,1,Senior Citizen,25,Senior Citizen,Confirmed
24-01-2036,2AC,Ladies,Surat,Navsari,25-05-2035,Confirmed,5,Adult,9,Defense Quota,Confirmed
27-01-2036,3AC,Premium Tatkal,Bengaluru,Bharuch,28-05-2035,Waitlisted,1,Senior Citizen,20,None,Not Confirmed
05-02-2036,1AC,Tatkal,Howrah,Chennai,06-06-2035,Confirmed,2,Child,2,None,Confirmed
06-02-2036,2AC,Ladies,Howrah,Lucknow,07-06-2035,Waitlisted,2,Adult,42,Defense Quota,Not Confirmed
09-02-2036,1AC,Ladies,Bengaluru,Bhavnagar,10-06-2035,Confirmed,4,Child,35,None,Confirmed
16-02-2036,2AC,Premium Tatkal,Howrah,New Delhi,17-06-2035,Waitlisted,5,Adult,28,None,Not Confirmed
17-02-2036,2AC,General,Bengaluru,Surat,18-06-2035,RAC,2,Child,11,Defense Quota,Confirmed
05-03-2036,1AC,Premium Tatkal,Howrah,Bharuch,05-07-2035,Waitlisted,5,Adult,20,Defense Quota,Not Confirmed
10-03-2036,3AC,General,Mumbai,Surat,10-07-2035,Waitlisted,3,Senior Citizen,19,Senior Citizen,Not Confirmed
15-03-2036,3AC,General,Bengaluru,Ahmedabad,15-07-2035,RAC,3,Child,10,Defense Quota,Confirmed
07-04-2036,3AC,General,Lucknow,Bengaluru,07-08-2035,Confirmed,2,Adult,11,None,Confirmed
11-04-2036,Sleeper,General,Bengaluru,Navsari,11-08-2035,RAC,1,Adult,10,None,Confirmed
19-04-2036,3AC,Ladies,New Delhi,Chennai,19-08-2035,RAC,3,Senior Citizen,22,None,Confirmed
22-04-2036,2AC,General,Bhavnagar,Lucknow,22-08-2035,RAC,5,Senior Citizen,31,Defense Quota,Confirmed
25-04-2036,Sleeper,Tatkal,Bhavnagar,New Delhi,25-08-2035,Confirmed,3,Senior Citizen,9,Senior Citizen,Confirmed
29-04-2036,1AC,General,Howrah,Bharuch,29-08-2035,RAC,4,Child,14,Defense Quota,Confirmed
30-04-2036,3AC,General,Bhavnagar,Bengaluru,30-08-2035,Waitlisted,5,Adult,20,Senior Citizen,Not Confirmed
02-05-2036,3AC,General,Bengaluru,Navsari,01-09-2035,Waitlisted,2,Senior Citizen,31,Defense Quota,Not Confirmed
05-05-2036,2AC,Ladies,Ahmedabad,Navsari,04-09-2035,Waitlisted,2,Senior Citizen,23,Defense Quota,Not Confirmed
06-05-2036,1AC,Tatkal,Surat,Lucknow,05-09-2035,Confirmed,4,Adult,28,Senior Citizen,Confirmed
08-05-2036,2AC,Ladies,Bhavnagar,Navsari,07-09-2035,Confirmed,3,Senior Citizen,4,Defense Quota,Confirmed
11-05-2036,Sleeper,Ladies,Bharuch,Howrah,10-09-2035,RAC,4,Senior Citizen,24,None,Confirmed
12-05-2036,2AC,Ladies,New Delhi,Chennai,11-09-2035,Confirmed,2,Child,2,None,Confirmed
14-05-2036,Sleeper,Premium Tatkal,Bengaluru,Howrah,13-09-2035,RAC,2,Child,31,Senior Citizen,Confirmed
21-05-2036,Sleeper,Ladies,Bharuch,New Delhi,20-09-2035,Waitlisted,3,Senior Citizen,5,None,Not Confirmed
28-05-2036,2AC,Premium Tatkal,Bhavnagar,Bengaluru,27-09-2035,RAC,2,Adult,39,Senior Citizen,Confirmed
31-05-2036,Sleeper,Ladies,Surat,Bharuch,30-09-2035,Waitlisted,2,Senior Citizen,7,Senior Citizen,Not Confirmed
03-06-2036,3AC,General,Bhavnagar,Chennai,03-10-2035,RAC,5,Child,21,None,Confirmed
05-06-2036,3AC,Premium Tatkal,Chennai,Ahmedabad,05-10-2035,Confirmed,1,Child,13,Senior Citizen,Confirmed
06-06-2036,3AC,Ladies,Ahmedabad,Lucknow,06-10-2035,Confirmed,4,Child,14,None,Confirmed
07-06-2036,2AC,General,New Delhi,Howrah,07-10-2035,Confirmed,3,Adult,2,Defense Quota,Confirmed
11-06-2036,1AC,General,Navsari,New Delhi,11-10-2035,RAC,2,Adult,31,None,Confirmed
12-06-2036,2AC,Ladies,Lucknow,Lucknow,12-10-2035,Waitlisted,3,Senior Citizen,10,None,Not Confirmed
15-06-2036,2AC,Tatkal,Ahmedabad,Bharuch,15-10-2035,Waitlisted,4,Child,20,Senior Citizen,Not Confirmed
19-06-2036,2AC,Tatkal,Lucknow,Lucknow,19-10-2035,RAC,1,Adult,11,None,Confirmed
25-06-2036,Sleeper,Premium Tatkal,Bharuch,Surat,25-10-2035,Confirmed,1,Senior Citizen,45,None,Confirmed
02-07-2036,1AC,Tatkal,Navsari,Bengaluru,01-11-2035,Confirmed,4,Adult,43,None,Confirmed
03-07-2036,2AC,Ladies,Howrah,Lucknow,02-11-2035,Waitlisted,5,Senior Citizen,30,None,Not Confirmed
04-07-2036,Sleeper,Tatkal,Mumbai,Navsari,03-11-2035,Confirmed,2,Senior Citizen,45,Defense Quota,Confirmed
06-07-2036,Sleeper,Ladies,Ahmedabad,Mumbai,05-11-2035,Waitlisted,5,Child,16,Senior Citizen,Not Confirmed
15-07-2036,Sleeper,Tatkal,Chennai,Mumbai,14-11-2035,Confirmed,2,Child,45,Senior Citizen,Confirmed
19-07-2036,Sleeper,Ladies,Chennai,Mumbai,18-11-2035,Confirmed,5,Senior Citizen,31,Senior Citizen,Confirmed
20-07-2036,Sleeper,General,Ahmedabad,Navsari,19-11-2035,RAC,5,Child,10,Defense Quota,Confirmed
27-07-2036,1AC,Premium Tatkal,Chennai,Navsari,26-11-2035,Waitlisted,5,Senior Citizen,40,None,Not Confirmed
29-07-2036,3AC,Ladies,Surat,Bengaluru,28-11-2035,Confirmed,1,Child,24,None,Confirmed
06-08-2036,3AC,Ladies,Bengaluru,Mumbai,06-12-2035,Confirmed,1,Child,21,None,Confirmed
14-08-2036,3AC,Premium Tatkal,Ahmedabad,Chennai,14-12-2035,Waitlisted,5,Adult,18,None,Not Confirmed
16-08-2036,2AC,General,Bhavnagar,Chennai,16-12-2035,RAC,1,Adult,33,Defense Quota,Confirmed
17-08-2036,2AC,Ladies,Bharuch,Bengaluru,17-12-2035,Confirmed,1,Senior Citizen,30,None,Confirmed
23-08-2036,Sleeper,General,Bharuch,Navsari,23-12-2035,Confirmed,1,Adult,26,Senior Citizen,Confirmed
26-08-2036,2AC,General,Ahmedabad,Bharuch,26-12-2035,Waitlisted,3,Senior Citizen,17,Senior Citizen,Not Confirmed
07-09-2036,2AC,General,New Delhi,Ahmedabad,07-01-2036,Waitlisted,5,Child,32,Senior Citizen,Not Confirmed
11-09-2036,Sleeper,Ladies,Navsari,Bengaluru,11-01-2036,Waitlisted,2,Senior Citizen,19,Defense Quota,Not Confirmed
12-09-2036,Sleeper,Tatkal,Howrah,Mumbai,12-01-2036,Waitlisted,3,Adult,20,None,Not Confirmed
20-09-2036,Sleeper,Tatkal,Bhavnagar,Howrah,20-01-2036,RAC,4,Child,36,None,Confirmed
24-09-2036,1AC,Ladies,New Delhi,Lucknow,24-01-2036,Confirmed,3,Adult,38,None,Confirmed
28-09-2036,3AC,Tatkal,Chennai,Bharuch,28-01-2036,RAC,2,Adult,47,Defense Quota,Confirmed
01-10-2036,Sleeper,Tatkal,Bhavnagar,Bengaluru,31-01-2036,Confirmed,5,Child,7,Defense Quota,Confirmed
06-10-2036,2AC,Premium Tatkal,Bengaluru,Howrah,05-02-2036,Waitlisted,3,Adult,6,Senior Citizen,Not Confirmed
13-10-2036,1AC,Ladies,Navsari,Howrah,12-02-2036,RAC,3,Child,35,None,Confirmed
15-10-2036,Sleeper,Ladies,Bengaluru,Lucknow,14-02-2036,RAC,3,Senior Citizen,47,Senior Citizen,Confirmed
20-10-2036,2AC,General,Chennai,Navsari,19-02-2036,Waitlisted,5,Senior Citizen,29,None,Not Confirmed
23-10-2036,Sleeper,Tatkal,Surat,Bharuch,22-02-2036,RAC,3,Adult,4,Defense Quota,Confirmed
29-10-2036,2AC,General,Bhavnagar,Surat,28-02-2036,RAC,2,Adult,35,Senior Citizen,Confirmed
31-10-2036,2AC,General,Bhavnagar,Howrah,01-03-2036,RAC,2,Adult,30,Defense Quota,Confirmed
01-11-2036,1AC,Premium Tatkal,Howrah,Howrah,02-03-2036,Waitlisted,3,Senior Citizen,14,Senior Citizen,Not Confirmed
07-11-2036,3AC,General,Ahmedabad,Bhavnagar,08-03-2036,RAC,1,Adult,25,None,Confirmed
08-11-2036,Sleeper,Tatkal,Surat,New Delhi,09-03-2036,RAC,2,Adult,23,Defense Quota,Confirmed
12-11-2036,1AC,General,Chennai,Chennai,13-03-2036,RAC,3,Senior Citizen,19,Senior Citizen,Confirmed
19-11-2036,Sleeper,Premium Tatkal,Chennai,Chennai,20-03-2036,Waitlisted,5,Adult,20,Defense Quota,Not Confirmed
22-11-2036,2AC,Ladies,New Delhi,Bengaluru,23-03-2036,Waitlisted,2,Adult,8,Defense Quota,Not Confirmed
30-11-2036,1AC,Premium Tatkal,Ahmedabad,Bharuch,31-03-2036,Confirmed,1,Adult,29,None,Confirmed
04-12-2036,3AC,Tatkal,Mumbai,Howrah,04-04-2036,RAC,4,Adult,7,None,Confirmed
10-12-2036,1AC,Tatkal,Navsari,Howrah,10-04-2036,Waitlisted,2,Child,14,Defense Quota,Not Confirmed
11-12-2036,Sleeper,Premium Tatkal,Navsari,New Delhi,11-04-2036,Confirmed,5,Senior Citizen,24,None,Confirmed
13-12-2036,2AC,Tatkal,New Delhi,Navsari,13-04-2036,RAC,4,Child,5,Defense Quota,Confirmed
14-12-2036,Sleeper,Tatkal,Mumbai,Bharuch,14-04-2036,RAC,2,Child,40,None,Confirmed
22-12-2036,Sleeper,Tatkal,Surat,Bharuch,22-04-2036,Waitlisted,1,Adult,5,Defense Quota,Not Confirmed
01-01-2037,3AC,Premium Tatkal,Mumbai,Chennai,02-05-2036,Confirmed,5,Child,42,Senior Citizen,Confirmed
09-01-2037,Sleeper,Tatkal,Bengaluru,Howrah,10-05-2036,Confirmed,5,Senior Citizen,27,Senior Citizen,Confirmed
14-01-2037,2AC,General,Howrah,Lucknow,15-05-2036,Waitlisted,5,Child,24,Defense Quota,Not Confirmed
23-01-2037,1AC,Ladies,Surat,Howrah,24-05-2036,Waitlisted,5,Adult,19,Defense Quota,Not Confirmed
05-02-2037,1AC,Tatkal,Chennai,Bhavnagar,06-06-2036,Confirmed,5,Child,3,Defense Quota,Confirmed
07-02-2037,Sleeper,Ladies,Chennai,Chennai,08-06-2036,RAC,4,Senior Citizen,13,Defense Quota,Confirmed
09-02-2037,Sleeper,Ladies,Surat,Lucknow,10-06-2036,Waitlisted,3,Child,13,Defense Quota,Not Confirmed
13-02-2037,2AC,Premium Tatkal,Howrah,Howrah,14-06-2036,Confirmed,3,Senior Citizen,22,Senior Citizen,Confirmed
15-02-2037,Sleeper,Tatkal,Navsari,Bharuch,16-06-2036,Waitlisted,2,Adult,44,Defense Quota,Not Confirmed
19-02-2037,1AC,Tatkal,Bhavnagar,Navsari,20-06-2036,Confirmed,4,Child,24,Defense Quota,Confirmed
23-02-2037,1AC,Ladies,Bharuch,Mumbai,24-06-2036,Confirmed,5,Senior Citizen,36,None,Confirmed
25-02-2037,2AC,Tatkal,Lucknow,Howrah,26-06-2036,Waitlisted,5,Adult,47,None,Not Confirmed
28-02-2037,1AC,Premium Tatkal,Bhavnagar,Bharuch,29-06-2036,Waitlisted,2,Adult,36,None,Not Confirmed
04-03-2037,2AC,Premium Tatkal,Lucknow,Bharuch,03-07-2036,Waitlisted,5,Child,24,Senior Citizen,Not Confirmed
05-03-2037,1AC,Ladies,Ahmedabad,Howrah,04-07-2036,Waitlisted,5,Adult,42,Senior Citizen,Not Confirmed
26-03-2037,1AC,General,Ahmedabad,Howrah,25-07-2036,Confirmed,2,Adult,36,Defense Quota,Confirmed
28-03-2037,Sleeper,Premium Tatkal,Surat,Bengaluru,27-07-2036,RAC,1,Senior Citizen,46,None,Confirmed
01-04-2037,3AC,Premium Tatkal,Surat,Lucknow,31-07-2036,Waitlisted,2,Child,38,None,Not Confirmed
03-04-2037,2AC,Tatkal,Bengaluru,Ahmedabad,02-08-2036,Waitlisted,2,Child,6,Defense Quota,Not Confirmed
09-04-2037,Sleeper,Tatkal,Bhavnagar,Bhavnagar,08-08-2036,RAC,1,Senior Citizen,47,Senior Citizen,Confirmed
21-04-2037,2AC,Ladies,Navsari,Bengaluru,20-08-2036,RAC,3,Senior Citizen,4,Defense Quota,Confirmed
27-04-2037,1AC,Ladies,Surat,Mumbai,26-08-2036,Confirmed,4,Adult,35,Senior Citizen,Confirmed
30-04-2037,3AC,General,Surat,Surat,29-08-2036,Confirmed,4,Child,26,Senior Citizen,Confirmed
05-05-2037,2AC,Tatkal,Navsari,Bharuch,03-09-2036,Confirmed,1,Senior Citizen,4,None,Confirmed
10-05-2037,2AC,General,Chennai,Chennai,08-09-2036,Waitlisted,3,Senior Citizen,30,Defense Quota,Not Confirmed
17-05-2037,2AC,Ladies,Surat,New Delhi,15-09-2036,RAC,5,Senior Citizen,43,None,Confirmed
20-05-2037,3AC,Tatkal,New Delhi,Ahmedabad,18-09-2036,Waitlisted,1,Senior Citizen,18,None,Not Confirmed
22-05-2037,Sleeper,Tatkal,Navsari,Bhavnagar,20-09-2036,Waitlisted,5,Adult,31,Defense Quota,Not Confirmed
27-05-2037,1AC,General,Ahmedabad,Ahmedabad,25-09-2036,RAC,1,Child,43,Defense Quota,Confirmed
28-05-2037,Sleeper,General,Bharuch,Bharuch,26-09-2036,Confirmed,4,Senior Citizen,7,Defense Quota,Confirmed
31-05-2037,Sleeper,Tatkal,Ahmedabad,Navsari,29-09-2036,Confirmed,2,Adult,41,None,Confirmed
02-06-2037,Sleeper,General,Bharuch,New Delhi,01-10-2036,RAC,4,Adult,33,None,Confirmed
05-06-2037,Sleeper,Tatkal,Bengaluru,Howrah,04-10-2036,Confirmed,3,Senior Citizen,20,Defense Quota,Confirmed
07-06-2037,Sleeper,General,New Delhi,New Delhi,06-10-2036,RAC,5,Adult,27,Defense Quota,Confirmed
15-06-2037,1AC,Premium Tatkal,Bhavnagar,Bhavnagar,14-10-2036,Confirmed,4,Senior Citizen,16,None,Confirmed
24-06-2037,3AC,General,Ahmedabad,New Delhi,23-10-2036,Waitlisted,3,Child,46,Senior Citizen,Not Confirmed
29-06-2037,1AC,General,Lucknow,Mumbai,28-10-2036,Confirmed,1,Adult,30,Defense Quota,Confirmed
09-07-2037,Sleeper,General,Surat,Ahmedabad,07-11-2036,Confirmed,3,Senior Citizen,36,None,Confirmed
11-07-2037,2AC,Tatkal,Bharuch,Lucknow,09-11-2036,RAC,3,Senior Citizen,30,None,Confirmed
13-07-2037,2AC,Ladies,Mumbai,Mumbai,11-11-2036,Confirmed,2,Senior Citizen,5,Senior Citizen,Confirmed
15-07-2037,1AC,Ladies,Lucknow,New Delhi,13-11-2036,Waitlisted,3,Senior Citizen,39,Senior Citizen,Not Confirmed
16-07-2037,2AC,Ladies,Bhavnagar,Ahmedabad,14-11-2036,Confirmed,2,Child,21,Senior Citizen,Confirmed
29-07-2037,3AC,Premium Tatkal,Lucknow,Ahmedabad,27-11-2036,RAC,4,Child,30,Senior Citizen,Confirmed
01-08-2037,Sleeper,General,Howrah,Chennai,30-11-2036,Waitlisted,3,Child,8,None,Not Confirmed
04-08-2037,3AC,Premium Tatkal,Bhavnagar,Bhavnagar,03-12-2036,Confirmed,4,Child,14,Senior Citizen,Confirmed
05-08-2037,Sleeper,Tatkal,Chennai,Lucknow,04-12-2036,RAC,5,Child,23,Senior Citizen,Confirmed
11-08-2037,1AC,Premium Tatkal,Bhavnagar,Howrah,10-12-2036,RAC,1,Child,28,Senior Citizen,Confirmed
12-08-2037,3AC,Premium Tatkal,Bengaluru,Bengaluru,11-12-2036,Confirmed,1,Senior Citizen,12,None,Confirmed
17-08-2037,2AC,Ladies,Bhavnagar,Bharuch,16-12-2036,Confirmed,4,Child,7,None,Confirmed
18-08-2037,Sleeper,Tatkal,Ahmedabad,Ahmedabad,17-12-2036,Confirmed,2,Child,6,Defense Quota,Confirmed
30-08-2037,1AC,General,Bharuch,Mumbai,29-12-2036,RAC,2,Adult,43,Defense Quota,Confirmed
03-09-2037,2AC,Tatkal,Bharuch,Bengaluru,02-01-2037,RAC,3,Adult,35,Defense Quota,Confirmed
08-09-2037,1AC,Ladies,Howrah,Howrah,07-01-2037,Confirmed,3,Adult,33,Defense Quota,Confirmed
10-09-2037,2AC,Tatkal,Navsari,Mumbai,09-01-2037,Waitlisted,3,Senior Citizen,9,None,Not Confirmed
12-09-2037,1AC,Ladies,Surat,Mumbai,11-01-2037,RAC,4,Adult,26,Defense Quota,Confirmed
13-09-2037,1AC,Premium Tatkal,Bengaluru,Lucknow,12-01-2037,Confirmed,1,Child,37,Defense Quota,Confirmed
01-10-2037,Sleeper,Ladies,New Delhi,Mumbai,30-01-2037,Waitlisted,5,Senior Citizen,26,None,Not Confirmed
02-10-2037,2AC,Ladies,Ahmedabad,Bengaluru,31-01-2037,RAC,4,Adult,39,None,Confirmed
12-10-2037,1AC,Tatkal,Howrah,Lucknow,10-02-2037,Confirmed,4,Adult,7,None,Confirmed
13-10-2037,3AC,Ladies,Surat,Ahmedabad,11-02-2037,Confirmed,5,Child,10,None,Confirmed
14-10-2037,Sleeper,Tatkal,New Delhi,Lucknow,12-02-2037,Confirmed,4,Adult,27,Senior Citizen,Confirmed
24-10-2037,2AC,Ladies,Ahmedabad,Ahmedabad,22-02-2037,Waitlisted,1,Child,24,None,Not Confirmed
26-10-2037,3AC,Premium Tatkal,Ahmedabad,Chennai,24-02-2037,RAC,3,Child,35,None,Confirmed
31-10-2037,3AC,General,New Delhi,Bharuch,01-03-2037,Confirmed,4,Child,33,Senior Citizen,Confirmed
02-11-2037,1AC,General,Ahmedabad,Mumbai,03-03-2037,Waitlisted,4,Senior Citizen,41,Senior Citizen,Not Confirmed
04-11-2037,2AC,Tatkal,Ahmedabad,Bhavnagar,05-03-2037,Confirmed,2,Child,13,Senior Citizen,Confirmed
05-11-2037,1AC,Tatkal,Lucknow,Howrah,06-03-2037,Waitlisted,4,Senior Citizen,3,None,Not Confirmed
13-11-2037,2AC,General,Chennai,New Delhi,14-03-2037,RAC,3,Adult,15,None,Confirmed
17-11-2037,Sleeper,Premium Tatkal,Bhavnagar,Bharuch,18-03-2037,Confirmed,2,Child,18,Defense Quota,Confirmed
23-11-2037,1AC,General,Mumbai,Ahmedabad,24-03-2037,Confirmed,5,Senior Citizen,40,Senior Citizen,Confirmed
05-12-2037,Sleeper,Tatkal,Ahmedabad,Howrah,05-04-2037,Confirmed,5,Child,36,None,Confirmed
13-12-2037,2AC,Tatkal,Chennai,Bharuch,13-04-2037,RAC,1,Senior Citizen,36,None,Confirmed
15-12-2037,Sleeper,Ladies,Surat,Lucknow,15-04-2037,Waitlisted,1,Senior Citizen,41,None,Not Confirmed
18-12-2037,3AC,General,Howrah,Bharuch,18-04-2037,RAC,3,Senior Citizen,17,None,Confirmed
21-12-2037,3AC,Premium Tatkal,Bharuch,Chennai,21-04-2037,Confirmed,5,Child,16,Senior Citizen,Confirmed
22-12-2037,3AC,Ladies,Surat,Howrah,22-04-2037,Waitlisted,2,Adult,20,Defense Quota,Not Confirmed
23-12-2037,2AC,Ladies,Bhavnagar,Mumbai,23-04-2037,RAC,1,Child,16,Senior Citizen,Confirmed
31-12-2037,1AC,Tatkal,Navsari,Bengaluru,01-05-2037,RAC,3,Adult,9,Senior Citizen,Confirmed
01-01-2038,2AC,Tatkal,Surat,New Delhi,02-05-2037,Confirmed,5,Senior Citizen,19,Defense Quota,Confirmed
05-01-2038,Sleeper,Tatkal,Bengaluru,Ahmedabad,06-05-2037,Confirmed,1,Adult,41,None,Confirmed
06-01-2038,2AC,General,Howrah,Mumbai,07-05-2037,Confirmed,3,Child,11,Senior Citizen,Confirmed
10-01-2038,3AC,General,Bhavnagar,Bengaluru,11-05-2037,Confirmed,2,Adult,5,Defense Quota,Confirmed
12-01-2038,2AC,General,Mumbai,New Delhi,13-05-2037,Confirmed,1,Child,11,Senior Citizen,Confirmed
15-01-2038,2AC,General,Navsari,Bharuch,16-05-2037,Confirmed,3,Child,16,Defense Quota,Confirmed
22-01-2038,2AC,Premium Tatkal,Surat,Bharuch,23-05-2037,Confirmed,5,Adult,17,Senior Citizen,Confirmed
30-01-2038,1AC,Ladies,Chennai,Chennai,31-05-2037,Waitlisted,5,Adult,7,None,Not Confirmed
31-01-2038,1AC,Tatkal,New Delhi,Navsari,01-06-2037,Confirmed,1,Senior Citizen,35,Senior Citizen,Confirmed
04-02-2038,Sleeper,Ladies,Surat,Howrah,05-06-2037,Confirmed,1,Senior Citizen,7,None,Confirmed
05-02-2038,1AC,Premium Tatkal,Mumbai,Howrah,06-06-2037,Confirmed,5,Child,12,None,Confirmed
08-02-2038,3AC,Tatkal,Ahmedabad,Bhavnagar,09-06-2037,RAC,1,Adult,44,None,Confirmed
11-02-2038,1AC,Tatkal,Navsari,Ahmedabad,12-06-2037,Waitlisted,4,Senior Citizen,13,None,Not Confirmed
15-02-2038,1AC,Premium Tatkal,Bengaluru,Ahmedabad,16-06-2037,RAC,1,Adult,16,Senior Citizen,Confirmed
16-02-2038,Sleeper,Premium Tatkal,Mumbai,Navsari,17-06-2037,RAC,2,Adult,10,None,Confirmed
17-02-2038,2AC,Ladies,Mumbai,Bhavnagar,18-06-2037,RAC,4,Adult,8,Senior Citizen,Confirmed
22-02-2038,3AC,Tatkal,Bengaluru,Navsari,23-06-2037,Waitlisted,5,Senior Citizen,12,Defense Quota,Not Confirmed
26-02-2038,3AC,Premium Tatkal,Howrah,Bengaluru,27-06-2037,Waitlisted,2,Child,3,None,Not Confirmed
02-03-2038,1AC,Tatkal,Lucknow,Lucknow,01-07-2037,Confirmed,5,Senior Citizen,32,Senior Citizen,Confirmed
03-03-2038,2AC,Tatkal,Ahmedabad,Ahmedabad,02-07-2037,Confirmed,2,Senior Citizen,21,None,Confirmed
06-03-2038,Sleeper,Ladies,Ahmedabad,Surat,05-07-2037,RAC,1,Adult,44,None,Confirmed
13-03-2038,2AC,General,Lucknow,Surat,12-07-2037,RAC,4,Child,2,Defense Quota,Confirmed
14-03-2038,1AC,Tatkal,New Delhi,New Delhi,13-07-2037,Confirmed,3,Adult,38,Defense Quota,Confirmed
23-03-2038,3AC,Ladies,Bengaluru,Mumbai,22-07-2037,RAC,2,Senior Citizen,2,Senior Citizen,Confirmed
25-03-2038,2AC,Ladies,Lucknow,Lucknow,24-07-2037,RAC,5,Adult,20,None,Confirmed
30-03-2038,1AC,Tatkal,Ahmedabad,Howrah,29-07-2037,RAC,1,Child,38,Senior Citizen,Confirmed
01-04-2038,Sleeper,General,Bharuch,Howrah,31-07-2037,Confirmed,3,Senior Citizen,22,Defense Quota,Confirmed
03-04-2038,1AC,Ladies,Howrah,Ahmedabad,02-08-2037,Waitlisted,2,Child,38,Defense Quota,Not Confirmed
04-04-2038,Sleeper,Tatkal,Surat,Bhavnagar,03-08-2037,Waitlisted,2,Senior Citizen,34,None,Not Confirmed
13-04-2038,2AC,General,Howrah,Bhavnagar,12-08-2037,Confirmed,1,Senior Citizen,26,Senior Citizen,Confirmed
16-04-2038,1AC,Premium Tatkal,Bengaluru,Navsari,15-08-2037,RAC,1,Senior Citizen,40,Defense Quota,Confirmed
17-04-2038,3AC,Tatkal,Bengaluru,New Delhi,16-08-2037,Waitlisted,5,Child,19,Defense Quota,Not Confirmed
20-04-2038,Sleeper,General,Bengaluru,Lucknow,19-08-2037,Waitlisted,5,Child,25,Defense Quota,Not Confirmed
22-04-2038,1AC,Premium Tatkal,Chennai,Surat,21-08-2037,RAC,2,Adult,47,Senior Citizen,Confirmed
23-04-2038,1AC,General,Bengaluru,Surat,22-08-2037,RAC,2,Child,36,Defense Quota,Confirmed
28-04-2038,Sleeper,Premium Tatkal,Surat,New Delhi,27-08-2037,Waitlisted,4,Senior Citizen,36,None,Not Confirmed
09-05-2038,2AC,Tatkal,New Delhi,New Delhi,07-09-2037,Confirmed,4,Child,10,Senior Citizen,Confirmed
11-05-2038,Sleeper,General,Surat,Howrah,09-09-2037,RAC,1,Child,24,Defense Quota,Confirmed
19-05-2038,1AC,Tatkal,New Delhi,Bhavnagar,17-09-2037,RAC,4,Senior Citizen,47,Defense Quota,Confirmed
24-05-2038,Sleeper,General,New Delhi,Mumbai,22-09-2037,Waitlisted,1,Adult,20,Defense Quota,Not Confirmed
04-06-2038,3AC,Ladies,Bharuch,Howrah,03-10-2037,RAC,1,Senior Citizen,41,None,Confirmed
06-06-2038,Sleeper,Tatkal,Howrah,Mumbai,05-10-2037,Confirmed,3,Adult,15,None,Confirmed
07-06-2038,3AC,Tatkal,New Delhi,Surat,06-10-2037,Confirmed,3,Senior Citizen,5,Defense Quota,Confirmed
08-06-2038,Sleeper,Premium Tatkal,Surat,Mumbai,07-10-2037,Waitlisted,5,Child,2,Defense Quota,Not Confirmed
14-06-2038,2AC,Tatkal,Mumbai,Surat,13-10-2037,Confirmed,2,Adult,10,Defense Quota,Confirmed
23-06-2038,2AC,Premium Tatkal,Lucknow,Chennai,22-10-2037,Waitlisted,1,Senior Citizen,18,None,Not Confirmed
30-06-2038,3AC,Ladies,Bengaluru,Lucknow,29-10-2037,Confirmed,3,Child,23,None,Confirmed
01-07-2038,Sleeper,Premium Tatkal,Ahmedabad,Chennai,30-10-2037,Confirmed,5,Adult,2,Defense Quota,Confirmed
15-07-2038,1AC,Tatkal,Surat,Chennai,13-11-2037,Confirmed,4,Child,40,Senior Citizen,Confirmed
20-07-2038,1AC,General,Navsari,Surat,18-11-2037,Confirmed,1,Child,26,None,Confirmed
21-07-2038,1AC,General,Ahmedabad,Lucknow,19-11-2037,Confirmed,1,Child,37,Senior Citizen,Confirmed
22-07-2038,2AC,Ladies,Chennai,Howrah,20-11-2037,Waitlisted,5,Adult,9,Senior Citizen,Not Confirmed
30-07-2038,3AC,Ladies,Bengaluru,Ahmedabad,28-11-2037,Waitlisted,4,Senior Citizen,25,Senior Citizen,Not Confirmed
31-07-2038,3AC,General,Lucknow,Mumbai,29-11-2037,Confirmed,3,Child,31,None,Confirmed
01-08-2038,1AC,Ladies,Navsari,Navsari,30-11-2037,Waitlisted,2,Adult,16,Senior Citizen,Not Confirmed
06-08-2038,2AC,Ladies,Bhavnagar,New Delhi,05-12-2037,Confirmed,3,Senior Citizen,45,Senior Citizen,Confirmed
16-08-2038,2AC,Ladies,Howrah,Lucknow,15-12-2037,Confirmed,3,Child,47,Defense Quota,Confirmed
19-08-2038,Sleeper,Premium Tatkal,Mumbai,New Delhi,18-12-2037,RAC,2,Child,5,None,Confirmed
03-09-2038,2AC,Ladies,Bharuch,Navsari,02-01-2038,RAC,2,Senior Citizen,27,None,Confirmed
05-09-2038,2AC,Premium Tatkal,Mumbai,Bengaluru,04-01-2038,Waitlisted,3,Senior Citizen,4,Senior Citizen,Not Confirmed
10-09-2038,3AC,Ladies,Mumbai,Ahmedabad,09-01-2038,Waitlisted,2,Child,32,Defense Quota,Not Confirmed
12-09-2038,3AC,General,Bharuch,Bhavnagar,11-01-2038,Confirmed,4,Child,36,Senior Citizen,Confirmed
15-09-2038,1AC,Premium Tatkal,Mumbai,Bharuch,14-01-2038,Confirmed,1,Child,8,Senior Citizen,Confirmed
20-09-2038,1AC,Ladies,New Delhi,Ahmedabad,19-01-2038,Confirmed,3,Senior Citizen,8,Senior Citizen,Confirmed
22-09-2038,2AC,Premium Tatkal,Howrah,Chennai,21-01-2038,Waitlisted,5,Child,27,None,Not Confirmed
23-09-2038,2AC,Premium Tatkal,Bhavnagar,Surat,22-01-2038,RAC,4,Adult,45,Senior Citizen,Confirmed
25-09-2038,2AC,General,Surat,Bharuch,24-01-2038,Waitlisted,3,Child,19,Senior Citizen,Not Confirmed
27-09-2038,3AC,General,Chennai,Howrah,26-01-2038,Waitlisted,3,Child,26,Senior Citizen,Not Confirmed
04-10-2038,3AC,Ladies,New Delhi,Ahmedabad,02-02-2038,Waitlisted,4,Child,44,None,Not Confirmed
07-10-2038,3AC,Premium Tatkal,Lucknow,Bengaluru,05-02-2038,RAC,5,Adult,27,Senior Citizen,Confirmed
12-10-2038,Sleeper,General,Bharuch,Chennai,10-02-2038,Confirmed,4,Adult,23,Senior Citizen,Confirmed
22-10-2038,Sleeper,Tatkal,New Delhi,Lucknow,20-02-2038,Waitlisted,2,Senior Citizen,10,Senior Citizen,Not Confirmed
25-10-2038,Sleeper,Tatkal,Navsari,Bharuch,23-02-2038,Waitlisted,3,Senior Citizen,27,Defense Quota,Not Confirmed
28-10-2038,1AC,General,Bhavnagar,Navsari,26-02-2038,Waitlisted,2,Adult,44,None,Not Confirmed
02-11-2038,1AC,Ladies,Ahmedabad,Chennai,03-03-2038,RAC,2,Adult,6,None,Confirmed
03-11-2038,2AC,Ladies,Chennai,Howrah,04-03-2038,Confirmed,4,Senior Citizen,37,Senior Citizen,Confirmed
15-11-2038,3AC,Tatkal,Mumbai,Bharuch,16-03-2038,Waitlisted,1,Adult,7,Defense Quota,Not Confirmed
23-11-2038,1AC,Premium Tatkal,Bharuch,Navsari,24-03-2038,Confirmed,1,Adult,37,Defense Quota,Confirmed
26-11-2038,3AC,Ladies,Mumbai,New Delhi,27-03-2038,Confirmed,2,Adult,38,Senior Citizen,Confirmed
29-11-2038,Sleeper,Ladies,Bengaluru,Bengaluru,30-03-2038,Waitlisted,4,Child,26,Defense Quota,Not Confirmed
01-12-2038,1AC,General,Bhavnagar,Bharuch,01-04-2038,Waitlisted,5,Adult,45,Senior Citizen,Not Confirmed
02-12-2038,2AC,Tatkal,Howrah,Bhavnagar,02-04-2038,Waitlisted,1,Senior Citizen,30,Senior Citizen,Not Confirmed
04-12-2038,1AC,Ladies,Bharuch,Bengaluru,04-04-2038,Confirmed,5,Child,18,Senior Citizen,Confirmed
06-12-2038,2AC,Ladies,Navsari,Chennai,06-04-2038,Waitlisted,2,Child,28,Senior Citizen,Not Confirmed
08-12-2038,Sleeper,Tatkal,Surat,Bharuch,08-04-2038,Waitlisted,5,Adult,15,Senior Citizen,Not Confirmed
10-12-2038,2AC,Ladies,Surat,Lucknow,10-04-2038,RAC,2,Child,7,Senior Citizen,Confirmed
11-12-2038,1AC,Tatkal,Surat,Bengaluru,11-04-2038,Waitlisted,2,Senior Citizen,34,Defense Quota,Not Confirmed
14-12-2038,3AC,Tatkal,Howrah,Navsari,14-04-2038,Confirmed,1,Senior Citizen,13,None,Confirmed
18-12-2038,Sleeper,Tatkal,Howrah,Bhavnagar,18-04-2038,Confirmed,4,Adult,25,Defense Quota,Confirmed
25-12-2038,3AC,Ladies,Chennai,Surat,25-04-2038,Waitlisted,4,Senior Citizen,21,None,Not Confirmed
30-12-2038,3AC,General,Chennai,Lucknow,30-04-2038,Waitlisted,2,Child,9,Defense Quota,Not Confirmed
05-01-2039,Sleeper,Tatkal,Howrah,Bharuch,06-05-2038,Waitlisted,2,Adult,9,Defense Quota,Not Confirmed
19-01-2039,3AC,Premium Tatkal,Bengaluru,Bengaluru,20-05-2038,RAC,3,Child,34,Defense Quota,Confirmed
20-01-2039,1AC,Premium Tatkal,Chennai,Lucknow,21-05-2038,Waitlisted,2,Adult,7,Senior Citizen,Not Confirmed
30-01-2039,3AC,Ladies,Howrah,Surat,31-05-2038,RAC,1,Adult,43,Defense Quota,Confirmed
03-02-2039,Sleeper,Tatkal,Bharuch,Mumbai,04-06-2038,Waitlisted,1,Adult,4,Defense Quota,Not Confirmed
04-02-2039,3AC,Premium Tatkal,Lucknow,Bengaluru,05-06-2038,Waitlisted,1,Adult,43,Defense Quota,Not Confirmed
06-02-2039,2AC,Tatkal,Surat,Howrah,07-06-2038,Confirmed,3,Senior Citizen,32,Defense Quota,Confirmed
10-02-2039,1AC,Ladies,Howrah,Mumbai,11-06-2038,Confirmed,5,Child,21,None,Confirmed
11-02-2039,2AC,Premium Tatkal,Lucknow,Chennai,12-06-2038,Waitlisted,1,Senior Citizen,3,None,Not Confirmed
16-02-2039,3AC,Tatkal,Mumbai,Bharuch,17-06-2038,Waitlisted,3,Child,34,None,Not Confirmed
25-02-2039,3AC,General,Bhavnagar,Bhavnagar,26-06-2038,Confirmed,4,Senior Citizen,35,None,Confirmed
28-02-2039,1AC,General,Ahmedabad,Bharuch,29-06-2038,RAC,4,Child,45,Defense Quota,Confirmed
07-03-2039,2AC,Premium Tatkal,Lucknow,Howrah,06-07-2038,Confirmed,4,Adult,31,Senior Citizen,Confirmed
09-03-2039,Sleeper,Premium Tatkal,Howrah,Navsari,08-07-2038,RAC,2,Child,17,Defense Quota,Confirmed
11-03-2039,1AC,Ladies,Chennai,Howrah,10-07-2038,RAC,4,Adult,28,Defense Quota,Confirmed
12-03-2039,1AC,Ladies,Chennai,Lucknow,11-07-2038,Waitlisted,1,Senior Citizen,26,Senior Citizen,Not Confirmed
16-03-2039,Sleeper,Ladies,Bhavnagar,Surat,15-07-2038,Confirmed,4,Senior Citizen,13,None,Confirmed
19-03-2039,2AC,General,Surat,Bengaluru,18-07-2038,Waitlisted,3,Senior Citizen,40,None,Not Confirmed
13-04-2039,1AC,Ladies,Chennai,Howrah,12-08-2038,Confirmed,3,Senior Citizen,20,Senior Citizen,Confirmed
18-04-2039,Sleeper,Premium Tatkal,Navsari,Mumbai,17-08-2038,Confirmed,4,Adult,42,Senior Citizen,Confirmed
25-04-2039,Sleeper,Ladies,Surat,Mumbai,24-08-2038,RAC,1,Adult,18,Defense Quota,Confirmed
26-04-2039,3AC,General,Howrah,Bhavnagar,25-08-2038,Waitlisted,4,Adult,23,Senior Citizen,Not Confirmed
28-04-2039,2AC,General,Chennai,Bhavnagar,27-08-2038,Confirmed,2,Adult,45,None,Confirmed
01-05-2039,2AC,Premium Tatkal,Bhavnagar,Howrah,30-08-2038,Confirmed,1,Adult,13,Senior Citizen,Confirmed
05-05-2039,1AC,Premium Tatkal,Howrah,Lucknow,03-09-2038,RAC,2,Adult,13,Defense Quota,Confirmed
10-05-2039,1AC,Ladies,Lucknow,Bhavnagar,08-09-2038,Confirmed,3,Child,45,Defense Quota,Confirmed
12-05-2039,2AC,Ladies,Howrah,Howrah,10-09-2038,Waitlisted,3,Senior Citizen,37,None,Not Confirmed
17-05-2039,3AC,Ladies,Surat,Howrah,15-09-2038,RAC,2,Adult,8,None,Confirmed
03-06-2039,3AC,Ladies,Chennai,Bengaluru,02-10-2038,Confirmed,2,Child,32,Senior Citizen,Confirmed
04-06-2039,2AC,General,Ahmedabad,Bhavnagar,03-10-2038,RAC,4,Adult,34,None,Confirmed
05-06-2039,1AC,Premium Tatkal,Bharuch,Chennai,04-10-2038,Waitlisted,5,Adult,36,Defense Quota,Not Confirmed
14-06-2039,1AC,General,Bharuch,Howrah,13-10-2038,RAC,5,Adult,44,Senior Citizen,Confirmed
15-06-2039,3AC,General,Bhavnagar,Lucknow,14-10-2038,Waitlisted,4,Adult,14,None,Not Confirmed
16-06-2039,2AC,Ladies,Howrah,Chennai,15-10-2038,Confirmed,4,Adult,17,Defense Quota,Confirmed
18-06-2039,2AC,Premium Tatkal,Bharuch,Howrah,17-10-2038,Waitlisted,3,Adult,14,Senior Citizen,Not Confirmed
21-06-2039,Sleeper,General,Bengaluru,Bharuch,20-10-2038,Confirmed,5,Senior Citizen,44,Defense Quota,Confirmed
27-06-2039,Sleeper,Tatkal,Lucknow,Surat,26-10-2038,Confirmed,4,Adult,40,Senior Citizen,Confirmed
29-06-2039,Sleeper,General,Mumbai,Lucknow,28-10-2038,RAC,5,Senior Citizen,11,Defense Quota,Confirmed
03-07-2039,1AC,Ladies,Ahmedabad,New Delhi,01-11-2038,RAC,4,Adult,11,None,Confirmed
04-07-2039,Sleeper,General,Mumbai,New Delhi,02-11-2038,Confirmed,4,Child,47,None,Confirmed
08-07-2039,2AC,General,Chennai,Bharuch,06-11-2038,Waitlisted,5,Senior Citizen,40,None,Not Confirmed
18-07-2039,1AC,Tatkal,Bharuch,Bhavnagar,16-11-2038,RAC,5,Child,15,None,Confirmed
20-07-2039,1AC,Tatkal,Lucknow,Surat,18-11-2038,Confirmed,3,Child,30,Defense Quota,Confirmed
28-07-2039,3AC,General,Ahmedabad,Ahmedabad,26-11-2038,RAC,3,Child,15,Defense Quota,Confirmed
29-07-2039,2AC,Premium Tatkal,Bharuch,Ahmedabad,27-11-2038,RAC,1,Adult,44,Senior Citizen,Confirmed
03-08-2039,Sleeper,Tatkal,Ahmedabad,Howrah,02-12-2038,Waitlisted,2,Senior Citizen,31,Senior Citizen,Not Confirmed
05-08-2039,3AC,Ladies,Howrah,Lucknow,04-12-2038,RAC,3,Adult,28,Senior Citizen,Confirmed
09-08-2039,2AC,General,Howrah,Lucknow,08-12-2038,Confirmed,5,Senior Citizen,18,None,Confirmed
18-08-2039,3AC,Ladies,Ahmedabad,Howrah,17-12-2038,RAC,1,Adult,23,Defense Quota,Confirmed
20-08-2039,3AC,General,New Delhi,Ahmedabad,19-12-2038,Waitlisted,2,Adult,6,Defense Quota,Not Confirmed
26-08-2039,3AC,Ladies,New Delhi,New Delhi,25-12-2038,Confirmed,3,Adult,29,None,Confirmed
05-09-2039,3AC,General,Bhavnagar,Ahmedabad,04-01-2039,Confirmed,5,Adult,40,None,Confirmed
08-09-2039,3AC,General,Ahmedabad,Howrah,07-01-2039,Confirmed,3,Adult,33,Senior Citizen,Confirmed
09-09-2039,Sleeper,Premium Tatkal,Bhavnagar,New Delhi,08-01-2039,Waitlisted,1,Child,20,None,Not Confirmed
13-09-2039,2AC,General,Chennai,Howrah,12-01-2039,Waitlisted,1,Adult,36,Defense Quota,Not Confirmed
16-09-2039,Sleeper,Tatkal,Bengaluru,Lucknow,15-01-2039,RAC,5,Senior Citizen,6,None,Confirmed
18-09-2039,3AC,Tatkal,Mumbai,Ahmedabad,17-01-2039,RAC,3,Child,40,None,Confirmed
21-09-2039,Sleeper,Ladies,Ahmedabad,Bhavnagar,20-01-2039,Confirmed,4,Child,47,None,Confirmed
30-09-2039,2AC,General,Lucknow,Mumbai,29-01-2039,RAC,4,Adult,5,Defense Quota,Confirmed
04-10-2039,Sleeper,Ladies,Bengaluru,Surat,02-02-2039,Waitlisted,4,Child,43,None,Not Confirmed
06-10-2039,Sleeper,General,Bharuch,Bharuch,04-02-2039,RAC,2,Child,31,Senior Citizen,Confirmed
07-10-2039,Sleeper,Ladies,Surat,Bharuch,05-02-2039,Waitlisted,2,Senior Citizen,21,Defense Quota,Not Confirmed
08-10-2039,2AC,Premium Tatkal,Chennai,Mumbai,06-02-2039,RAC,1,Child,47,Senior Citizen,Confirmed
13-10-2039,3AC,Premium Tatkal,Bhavnagar,Bharuch,11-02-2039,Confirmed,4,Adult,7,Senior Citizen,Confirmed
14-10-2039,1AC,Premium Tatkal,Bengaluru,Howrah,12-02-2039,RAC,4,Senior Citizen,26,Senior Citizen,Confirmed
22-10-2039,1AC,Premium Tatkal,Bharuch,Navsari,20-02-2039,Confirmed,1,Child,26,Defense Quota,Confirmed
31-10-2039,1AC,General,Bharuch,Bharuch,01-03-2039,Confirmed,5,Adult,28,Senior Citizen,Confirmed
15-11-2039,3AC,Premium Tatkal,Howrah,New Delhi,16-03-2039,RAC,1,Adult,19,None,Confirmed
17-11-2039,2AC,General,Bhavnagar,Bhavnagar,18-03-2039,RAC,2,Senior Citizen,32,Senior Citizen,Confirmed
25-11-2039,2AC,Ladies,Ahmedabad,Bhavnagar,26-03-2039,Waitlisted,5,Senior Citizen,6,Senior Citizen,Not Confirmed
03-12-2039,2AC,General,Bharuch,Bharuch,03-04-2039,Confirmed,2,Child,35,Defense Quota,Confirmed
05-12-2039,Sleeper,Ladies,Mumbai,Ahmedabad,05-04-2039,Confirmed,3,Senior Citizen,12,None,Confirmed
07-12-2039,3AC,Ladies,Mumbai,Bharuch,07-04-2039,Confirmed,5,Senior Citizen,35,None,Confirmed
09-12-2039,1AC,Ladies,Bhavnagar,Chennai,09-04-2039,RAC,3,Adult,41,Defense Quota,Confirmed
17-12-2039,Sleeper,Ladies,Lucknow,Howrah,17-04-2039,Waitlisted,4,Senior Citizen,43,Defense Quota,Not Confirmed
28-12-2039,2AC,Ladies,Bharuch,Mumbai,28-04-2039,Waitlisted,3,Child,24,Defense Quota,Not Confirmed
03-01-2040,2AC,General,Bengaluru,Ahmedabad,04-05-2039,RAC,5,Senior Citizen,34,None,Confirmed
10-01-2040,1AC,Tatkal,Bharuch,Howrah,11-05-2039,RAC,3,Adult,40,Defense Quota,Confirmed
14-01-2040,2AC,Premium Tatkal,Howrah,Surat,15-05-2039,Waitlisted,1,Child,6,Defense Quota,Not Confirmed
31-01-2040,3AC,Premium Tatkal,Chennai,Surat,01-06-2039,Waitlisted,1,Senior Citizen,6,Senior Citizen,Not Confirmed
12-02-2040,2AC,General,Bengaluru,Ahmedabad,13-06-2039,Confirmed,3,Adult,37,Senior Citizen,Confirmed
29-02-2040,2AC,Tatkal,Howrah,Mumbai,30-06-2039,Confirmed,4,Adult,40,Senior Citizen,Confirmed
02-03-2040,3AC,Tatkal,Ahmedabad,Navsari,02-07-2039,Waitlisted,3,Senior Citizen,4,Defense Quota,Not Confirmed
04-03-2040,Sleeper,Premium Tatkal,Ahmedabad,Lucknow,04-07-2039,Confirmed,2,Senior Citizen,23,Senior Citizen,Confirmed
07-03-2040,1AC,Tatkal,Bengaluru,Navsari,07-07-2039,RAC,4,Child,3,Senior Citizen,Confirmed
08-03-2040,1AC,General,Lucknow,Bharuch,08-07-2039,Waitlisted,5,Senior Citizen,10,Senior Citizen,Not Confirmed
14-03-2040,Sleeper,Premium Tatkal,Lucknow,Mumbai,14-07-2039,Confirmed,2,Child,43,None,Confirmed
16-03-2040,1AC,Tatkal,Bharuch,Bhavnagar,16-07-2039,Confirmed,3,Child,44,Defense Quota,Confirmed
19-03-2040,1AC,Ladies,Bharuch,Ahmedabad,19-07-2039,RAC,2,Senior Citizen,5,Senior Citizen,Confirmed
25-03-2040,2AC,Premium Tatkal,Bharuch,Chennai,25-07-2039,Waitlisted,1,Adult,9,Defense Quota,Not Confirmed
27-03-2040,1AC,Ladies,Mumbai,Bhavnagar,27-07-2039,Waitlisted,4,Adult,31,Senior Citizen,Not Confirmed
31-03-2040,1AC,General,New Delhi,Lucknow,31-07-2039,RAC,3,Adult,15,None,Confirmed
07-04-2040,3AC,Premium Tatkal,Bengaluru,Bharuch,07-08-2039,RAC,1,Adult,45,Senior Citizen,Confirmed
16-04-2040,1AC,Premium Tatkal,Ahmedabad,Howrah,16-08-2039,RAC,4,Child,46,Defense Quota,Confirmed
19-04-2040,2AC,Ladies,Howrah,Bhavnagar,19-08-2039,Confirmed,4,Senior Citizen,42,Defense Quota,Confirmed
25-04-2040,3AC,Ladies,Surat,Howrah,25-08-2039,Waitlisted,3,Child,3,None,Not Confirmed
29-04-2040,3AC,Tatkal,Surat,Bengaluru,29-08-2039,Confirmed,4,Child,43,None,Confirmed
30-04-2040,2AC,Premium Tatkal,Howrah,New Delhi,30-08-2039,RAC,5,Senior Citizen,22,None,Confirmed
01-05-2040,1AC,General,Bharuch,Chennai,31-08-2039,RAC,1,Child,17,Defense Quota,Confirmed
02-05-2040,3AC,General,Navsari,Mumbai,01-09-2039,RAC,2,Senior Citizen,30,Defense Quota,Confirmed
07-05-2040,1AC,Premium Tatkal,Bengaluru,Ahmedabad,06-09-2039,Confirmed,1,Senior Citizen,22,Defense Quota,Confirmed
09-05-2040,3AC,Tatkal,Howrah,Bengaluru,08-09-2039,Confirmed,2,Senior Citizen,28,Senior Citizen,Confirmed
17-05-2040,3AC,Tatkal,Chennai,Howrah,16-09-2039,Waitlisted,5,Child,18,Senior Citizen,Not Confirmed
22-05-2040,2AC,Premium Tatkal,Ahmedabad,Bhavnagar,21-09-2039,RAC,3,Senior Citizen,44,Defense Quota,Confirmed
02-06-2040,1AC,General,Mumbai,Bhavnagar,02-10-2039,Confirmed,2,Senior Citizen,21,Senior Citizen,Confirmed
03-06-2040,3AC,General,Navsari,Chennai,03-10-2039,RAC,2,Child,18,Defense Quota,Confirmed
05-06-2040,Sleeper,General,Bharuch,Bengaluru,05-10-2039,RAC,2,Adult,41,None,Confirmed
06-06-2040,1AC,General,Navsari,Chennai,06-10-2039,RAC,2,Child,7,Senior Citizen,Confirmed
09-06-2040,2AC,General,Navsari,New Delhi,09-10-2039,RAC,4,Child,33,None,Confirmed
14-06-2040,3AC,Ladies,Navsari,Lucknow,14-10-2039,Waitlisted,5,Child,12,Defense Quota,Not Confirmed
16-06-2040,2AC,General,Bharuch,Surat,16-10-2039,Confirmed,4,Senior Citizen,11,None,Confirmed
21-06-2040,2AC,Premium Tatkal,New Delhi,New Delhi,21-10-2039,Waitlisted,1,Senior Citizen,12,Senior Citizen,Not Confirmed
25-06-2040,3AC,Premium Tatkal,Lucknow,Howrah,25-10-2039,Confirmed,2,Child,40,Defense Quota,Confirmed
29-06-2040,3AC,Tatkal,New Delhi,Chennai,29-10-2039,RAC,1,Senior Citizen,22,Senior Citizen,Confirmed
01-07-2040,1AC,Premium Tatkal,Lucknow,Bengaluru,31-10-2039,Confirmed,2,Adult,34,None,Confirmed
02-07-2040,Sleeper,Premium Tatkal,Navsari,Mumbai,01-11-2039,RAC,4,Adult,3,Defense Quota,Confirmed
19-07-2040,3AC,Tatkal,New Delhi,Bharuch,18-11-2039,RAC,1,Senior Citizen,44,Defense Quota,Confirmed
21-07-2040,1AC,Ladies,Mumbai,New Delhi,20-11-2039,RAC,4,Senior Citizen,31,None,Confirmed
30-07-2040,1AC,Tatkal,Bhavnagar,Ahmedabad,29-11-2039,RAC,2,Adult,24,None,Confirmed
01-08-2040,Sleeper,Premium Tatkal,Bharuch,Bengaluru,01-12-2039,Waitlisted,3,Adult,38,Senior Citizen,Not Confirmed
04-08-2040,3AC,Premium Tatkal,Bhavnagar,Chennai,04-12-2039,Waitlisted,2,Senior Citizen,30,Senior Citizen,Not Confirmed
21-08-2040,2AC,General,Ahmedabad,New Delhi,21-12-2039,Confirmed,3,Child,20,None,Confirmed
27-08-2040,Sleeper,Tatkal,Howrah,New Delhi,27-12-2039,Confirmed,1,Adult,11,None,Confirmed
30-08-2040,1AC,Ladies,Surat,Bharuch,30-12-2039,Confirmed,4,Child,28,Senior Citizen,Confirmed
12-09-2040,1AC,Ladies,Navsari,Howrah,12-01-2040,Confirmed,1,Senior Citizen,47,Senior Citizen,Confirmed
17-09-2040,1AC,Premium Tatkal,Bengaluru,Mumbai,17-01-2040,Confirmed,4,Adult,40,Defense Quota,Confirmed
19-09-2040,1AC,Premium Tatkal,Mumbai,Navsari,19-01-2040,Confirmed,1,Child,9,None,Confirmed
27-09-2040,3AC,Ladies,Ahmedabad,Mumbai,27-01-2040,Confirmed,3,Senior Citizen,4,Defense Quota,Confirmed
05-10-2040,3AC,Premium Tatkal,Surat,Mumbai,04-02-2040,RAC,4,Senior Citizen,21,None,Confirmed
07-10-2040,3AC,Premium Tatkal,Surat,Lucknow,06-02-2040,RAC,2,Senior Citizen,2,None,Confirmed
09-10-2040,3AC,General,Ahmedabad,Ahmedabad,08-02-2040,Waitlisted,3,Senior Citizen,9,None,Not Confirmed
10-10-2040,2AC,General,Bengaluru,Ahmedabad,09-02-2040,RAC,2,Child,21,None,Confirmed
13-10-2040,1AC,Ladies,Mumbai,Bharuch,12-02-2040,RAC,3,Adult,7,Senior Citizen,Confirmed
14-10-2040,2AC,Ladies,Mumbai,Lucknow,13-02-2040,Confirmed,1,Child,19,Defense Quota,Confirmed
15-10-2040,Sleeper,General,New Delhi,Lucknow,14-02-2040,Confirmed,4,Adult,24,Defense Quota,Confirmed
21-10-2040,Sleeper,Tatkal,Surat,New Delhi,20-02-2040,RAC,2,Child,8,Senior Citizen,Confirmed
24-10-2040,3AC,Tatkal,Navsari,Howrah,23-02-2040,Waitlisted,4,Child,32,Senior Citizen,Not Confirmed
27-10-2040,2AC,Tatkal,Surat,Chennai,26-02-2040,RAC,5,Child,8,Senior Citizen,Confirmed
29-10-2040,2AC,Premium Tatkal,Bhavnagar,Mumbai,28-02-2040,Confirmed,3,Senior Citizen,22,Senior Citizen,Confirmed
01-11-2040,1AC,Tatkal,New Delhi,Howrah,02-03-2040,Waitlisted,3,Adult,14,Senior Citizen,Not Confirmed
08-11-2040,Sleeper,Premium Tatkal,Lucknow,Bharuch,09-03-2040,Confirmed,5,Adult,11,None,Confirmed
14-11-2040,2AC,Ladies,Mumbai,Ahmedabad,15-03-2040,Confirmed,1,Senior Citizen,19,Defense Quota,Confirmed
17-11-2040,2AC,General,Bengaluru,Howrah,18-03-2040,RAC,2,Senior Citizen,32,Senior Citizen,Confirmed
22-11-2040,1AC,General,Mumbai,Bharuch,23-03-2040,Waitlisted,4,Child,29,Defense Quota,Not Confirmed
27-11-2040,2AC,General,Bhavnagar,Howrah,28-03-2040,RAC,4,Child,13,None,Confirmed
29-11-2040,2AC,Ladies,Ahmedabad,Howrah,30-03-2040,RAC,4,Senior Citizen,35,Defense Quota,Confirmed
01-12-2040,Sleeper,General,Mumbai,Mumbai,01-04-2040,Waitlisted,4,Senior Citizen,3,None,Not Confirmed
06-12-2040,3AC,Tatkal,Ahmedabad,Lucknow,06-04-2040,Waitlisted,5,Senior Citizen,10,Defense Quota,Not Confirmed
14-12-2040,1AC,Tatkal,Bharuch,Ahmedabad,14-04-2040,Waitlisted,3,Child,44,None,Not Confirmed
19-12-2040,Sleeper,Ladies,Mumbai,Bharuch,19-04-2040,Waitlisted,1,Adult,32,Defense Quota,Not Confirmed
21-12-2040,Sleeper,Premium Tatkal,Bhavnagar,New Delhi,21-04-2040,RAC,2,Adult,22,Defense Quota,Confirmed
24-12-2040,2AC,Tatkal,Mumbai,Navsari,24-04-2040,Waitlisted,5,Senior Citizen,42,Senior Citizen,Not Confirmed
25-12-2040,2AC,Ladies,Surat,Bhavnagar,25-04-2040,Confirmed,1,Adult,39,Defense Quota,Confirmed
26-12-2040,Sleeper,Ladies,Navsari,Howrah,26-04-2040,Waitlisted,4,Child,4,Senior Citizen,Not Confirmed
03-01-2041,3AC,Ladies,Bengaluru,Ahmedabad,04-05-2040,Confirmed,4,Child,36,Defense Quota,Confirmed
06-01-2041,Sleeper,Ladies,Chennai,Ahmedabad,07-05-2040,Waitlisted,2,Adult,37,None,Not Confirmed
14-01-2041,1AC,Tatkal,Chennai,Howrah,15-05-2040,Waitlisted,4,Child,28,Senior Citizen,Not Confirmed
15-01-2041,1AC,Ladies,Bengaluru,Chennai,16-05-2040,Confirmed,5,Senior Citizen,3,Senior Citizen,Confirmed
18-01-2041,3AC,General,Bhavnagar,Howrah,19-05-2040,Confirmed,3,Adult,32,Defense Quota,Confirmed
19-01-2041,Sleeper,General,Bharuch,Navsari,20-05-2040,Waitlisted,2,Child,43,None,Not Confirmed
20-01-2041,3AC,General,Ahmedabad,Bengaluru,21-05-2040,RAC,2,Adult,34,Defense Quota,Confirmed
22-01-2041,3AC,Premium Tatkal,Navsari,Surat,23-05-2040,RAC,1,Senior Citizen,9,Senior Citizen,Confirmed
25-01-2041,2AC,Tatkal,Ahmedabad,Bengaluru,26-05-2040,Waitlisted,5,Senior Citizen,32,Defense Quota,Not Confirmed
01-02-2041,2AC,General,Bharuch,Navsari,02-06-2040,Waitlisted,1,Senior Citizen,22,None,Not Confirmed
05-02-2041,Sleeper,Premium Tatkal,Bhavnagar,Mumbai,06-06-2040,Confirmed,5,Adult,16,None,Confirmed
08-02-2041,2AC,General,Bhavnagar,New Delhi,09-06-2040,Confirmed,3,Adult,34,Defense Quota,Confirmed
11-02-2041,Sleeper,General,Bharuch,New Delhi,12-06-2040,Confirmed,4,Senior Citizen,8,Senior Citizen,Confirmed
13-02-2041,Sleeper,Tatkal,Howrah,Howrah,14-06-2040,Waitlisted,5,Senior Citizen,11,Senior Citizen,Not Confirmed
14-02-2041,1AC,Ladies,Bengaluru,Bharuch,15-06-2040,Waitlisted,1,Senior Citizen,36,Senior Citizen,Not Confirmed
17-02-2041,2AC,Ladies,Bengaluru,Bhavnagar,18-06-2040,Confirmed,3,Adult,38,Senior Citizen,Confirmed
19-02-2041,Sleeper,Tatkal,Bharuch,Ahmedabad,20-06-2040,Confirmed,4,Senior Citizen,35,Defense Quota,Confirmed
28-02-2041,3AC,Ladies,Bengaluru,Navsari,29-06-2040,Confirmed,2,Senior Citizen,46,None,Confirmed
04-03-2041,2AC,Tatkal,Ahmedabad,Ahmedabad,03-07-2040,Waitlisted,1,Child,44,Defense Quota,Not Confirmed
08-03-2041,Sleeper,Premium Tatkal,Bhavnagar,Navsari,07-07-2040,RAC,4,Child,37,Senior Citizen,Confirmed
12-03-2041,Sleeper,General,Mumbai,Bharuch,11-07-2040,Waitlisted,4,Senior Citizen,39,Senior Citizen,Not Confirmed
14-03-2041,Sleeper,Tatkal,Bhavnagar,Lucknow,13-07-2040,Confirmed,5,Senior Citizen,3,Senior Citizen,Confirmed
19-03-2041,Sleeper,Tatkal,Bharuch,Howrah,18-07-2040,Confirmed,3,Child,37,Senior Citizen,Confirmed
22-03-2041,1AC,Ladies,New Delhi,Surat,21-07-2040,Confirmed,3,Child,13,Defense Quota,Confirmed
27-03-2041,Sleeper,Ladies,Bengaluru,Surat,26-07-2040,Waitlisted,3,Senior Citizen,31,Defense Quota,Not Confirmed
28-03-2041,3AC,Ladies,Howrah,Bharuch,27-07-2040,Waitlisted,1,Adult,24,None,Not Confirmed
29-03-2041,2AC,Ladies,Lucknow,New Delhi,28-07-2040,RAC,3,Adult,11,Senior Citizen,Confirmed
02-04-2041,1AC,Tatkal,Surat,Ahmedabad,01-08-2040,Waitlisted,3,Senior Citizen,4,Senior Citizen,Not Confirmed
03-04-2041,2AC,Premium Tatkal,Lucknow,Bharuch,02-08-2040,Waitlisted,2,Adult,28,Senior Citizen,Not Confirmed
09-04-2041,3AC,Premium Tatkal,Bharuch,Bhavnagar,08-08-2040,RAC,5,Child,37,None,Confirmed
12-04-2041,3AC,Tatkal,Ahmedabad,Mumbai,11-08-2040,Waitlisted,5,Adult,43,None,Not Confirmed
15-04-2041,2AC,Ladies,Lucknow,Mumbai,14-08-2040,RAC,3,Child,39,None,Confirmed
20-04-2041,1AC,Ladies,Bhavnagar,Surat,19-08-2040,RAC,5,Senior Citizen,24,None,Confirmed
21-04-2041,1AC,Ladies,Bhavnagar,Navsari,20-08-2040,Confirmed,4,Child,27,Senior Citizen,Confirmed
23-04-2041,Sleeper,General,Chennai,Chennai,22-08-2040,Waitlisted,4,Adult,25,Senior Citizen,Not Confirmed
30-04-2041,2AC,Premium Tatkal,Mumbai,Surat,29-08-2040,RAC,3,Child,5,Senior Citizen,Confirmed
01-05-2041,2AC,General,Bengaluru,New Delhi,30-08-2040,Waitlisted,4,Senior Citizen,30,None,Not Confirmed
02-05-2041,1AC,Ladies,Bengaluru,Bengaluru,31-08-2040,Waitlisted,3,Child,21,Senior Citizen,Not Confirmed
05-05-2041,Sleeper,General,Bhavnagar,New Delhi,03-09-2040,Waitlisted,2,Senior Citizen,24,Defense Quota,Not Confirmed
06-05-2041,3AC,Tatkal,Mumbai,Howrah,04-09-2040,Confirmed,3,Child,23,None,Confirmed
12-05-2041,1AC,Ladies,Bharuch,New Delhi,10-09-2040,Waitlisted,2,Senior Citizen,5,Senior Citizen,Not Confirmed
17-05-2041,3AC,Tatkal,Lucknow,Chennai,15-09-2040,RAC,5,Senior Citizen,41,Senior Citizen,Confirmed
18-05-2041,Sleeper,Tatkal,New Delhi,Ahmedabad,16-09-2040,RAC,4,Senior Citizen,11,None,Confirmed
22-05-2041,2AC,Premium Tatkal,Lucknow,Lucknow,20-09-2040,Confirmed,5,Senior Citizen,31,None,Confirmed
07-06-2041,1AC,Premium Tatkal,Bharuch,Lucknow,06-10-2040,Waitlisted,1,Child,20,None,Not Confirmed
11-06-2041,1AC,Tatkal,Chennai,Surat,10-10-2040,Waitlisted,2,Adult,28,None,Not Confirmed
14-06-2041,3AC,Tatkal,Bengaluru,Bhavnagar,13-10-2040,RAC,2,Adult,13,None,Confirmed
18-06-2041,2AC,Premium Tatkal,Chennai,Howrah,17-10-2040,Waitlisted,5,Child,14,Defense Quota,Not Confirmed
23-06-2041,1AC,Premium Tatkal,Lucknow,Ahmedabad,22-10-2040,Confirmed,5,Senior Citizen,12,Senior Citizen,Confirmed
25-06-2041,Sleeper,Ladies,Howrah,Mumbai,24-10-2040,Waitlisted,1,Child,8,None,Not Confirmed
27-06-2041,1AC,Premium Tatkal,Bengaluru,Surat,26-10-2040,Confirmed,3,Child,18,None,Confirmed
01-07-2041,3AC,General,Navsari,Bhavnagar,30-10-2040,Confirmed,4,Child,21,Senior Citizen,Confirmed
04-07-2041,Sleeper,Ladies,New Delhi,Bharuch,02-11-2040,Waitlisted,5,Senior Citizen,21,Senior Citizen,Not Confirmed
11-07-2041,3AC,General,Bengaluru,Bengaluru,09-11-2040,Confirmed,5,Senior Citizen,16,None,Confirmed
12-07-2041,Sleeper,Premium Tatkal,Bengaluru,Howrah,10-11-2040,Confirmed,1,Senior Citizen,13,Defense Quota,Confirmed
17-07-2041,2AC,Ladies,Lucknow,Bhavnagar,15-11-2040,Confirmed,4,Adult,3,None,Confirmed
20-07-2041,1AC,Tatkal,Navsari,New Delhi,18-11-2040,Waitlisted,2,Child,12,None,Not Confirmed
29-07-2041,3AC,Tatkal,Bhavnagar,Ahmedabad,27-11-2040,RAC,2,Senior Citizen,15,Defense Quota,Confirmed
01-08-2041,2AC,Ladies,Bengaluru,Navsari,30-11-2040,Waitlisted,2,Adult,15,None,Not Confirmed
12-08-2041,2AC,Tatkal,Navsari,Bengaluru,11-12-2040,Waitlisted,2,Child,44,Defense Quota,Not Confirmed
16-08-2041,Sleeper,Tatkal,Chennai,Mumbai,15-12-2040,Waitlisted,4,Senior Citizen,20,Senior Citizen,Not Confirmed
17-08-2041,3AC,General,New Delhi,New Delhi,16-12-2040,Waitlisted,3,Adult,9,Defense Quota,Not Confirmed
18-08-2041,3AC,Tatkal,Ahmedabad,Howrah,17-12-2040,Waitlisted,5,Senior Citizen,39,None,Not Confirmed
24-08-2041,1AC,Tatkal,New Delhi,Ahmedabad,23-12-2040,Confirmed,3,Child,31,None,Confirmed
26-08-2041,3AC,General,New Delhi,Chennai,25-12-2040,RAC,2,Adult,9,Senior Citizen,Confirmed
27-08-2041,Sleeper,Ladies,Bengaluru,Bhavnagar,26-12-2040,Waitlisted,2,Child,9,None,Not Confirmed
03-09-2041,3AC,Ladies,Bharuch,Ahmedabad,02-01-2041,RAC,2,Child,45,None,Confirmed
09-09-2041,2AC,Premium Tatkal,Howrah,New Delhi,08-01-2041,Confirmed,2,Child,34,Defense Quota,Confirmed
17-09-2041,1AC,Ladies,New Delhi,New Delhi,16-01-2041,Waitlisted,1,Child,45,Senior Citizen,Not Confirmed
19-09-2041,1AC,General,Chennai,Bhavnagar,18-01-2041,RAC,5,Senior Citizen,45,Defense Quota,Confirmed
22-09-2041,Sleeper,General,Chennai,Mumbai,21-01-2041,RAC,4,Senior Citizen,46,Senior Citizen,Confirmed
27-09-2041,Sleeper,Premium Tatkal,Howrah,Lucknow,26-01-2041,Confirmed,4,Adult,43,Defense Quota,Confirmed
29-09-2041,Sleeper,Ladies,Howrah,Ahmedabad,28-01-2041,RAC,5,Senior Citizen,16,Defense Quota,Confirmed
02-10-2041,Sleeper,General,Surat,Navsari,31-01-2041,Confirmed,2,Adult,46,None,Confirmed
03-10-2041,2AC,General,Lucknow,New Delhi,01-02-2041,Waitlisted,5,Adult,2,Defense Quota,Not Confirmed
04-10-2041,Sleeper,General,Bhavnagar,Bharuch,02-02-2041,Waitlisted,5,Child,28,None,Not Confirmed
07-10-2041,1AC,Tatkal,Mumbai,Bengaluru,05-02-2041,RAC,3,Child,40,Senior Citizen,Confirmed
12-10-2041,2AC,Tatkal,Surat,Navsari,10-02-2041,RAC,4,Child,37,Senior Citizen,Confirmed
15-10-2041,3AC,Tatkal,Chennai,Lucknow,13-02-2041,RAC,3,Child,36,Senior Citizen,Confirmed
21-10-2041,2AC,Ladies,Howrah,Mumbai,19-02-2041,Waitlisted,4,Adult,8,Defense Quota,Not Confirmed
26-10-2041,Sleeper,Tatkal,Bharuch,Chennai,24-02-2041,RAC,1,Child,9,Defense Quota,Confirmed
01-11-2041,Sleeper,General,Surat,Bengaluru,02-03-2041,Waitlisted,2,Child,28,Defense Quota,Not Confirmed
12-11-2041,Sleeper,Ladies,Bharuch,Bharuch,13-03-2041,RAC,4,Adult,19,None,Confirmed
20-11-2041,2AC,Ladies,Bengaluru,Bengaluru,21-03-2041,RAC,5,Adult,45,Defense Quota,Confirmed
23-11-2041,1AC,Ladies,Mumbai,Bharuch,24-03-2041,Waitlisted,3,Adult,14,None,Not Confirmed
26-11-2041,3AC,General,Ahmedabad,Lucknow,27-03-2041,Confirmed,5,Child,4,Defense Quota,Confirmed
28-11-2041,1AC,Ladies,Lucknow,Bhavnagar,29-03-2041,RAC,3,Senior Citizen,12,Senior Citizen,Confirmed
04-12-2041,3AC,Premium Tatkal,Bharuch,Chennai,04-04-2041,RAC,3,Child,34,Defense Quota,Confirmed
06-12-2041,2AC,Tatkal,New Delhi,Bharuch,06-04-2041,Confirmed,4,Child,17,None,Confirmed
09-12-2041,1AC,General,Surat,Bengaluru,09-04-2041,Confirmed,2,Senior Citizen,43,Senior Citizen,Confirmed
16-12-2041,Sleeper,General,Howrah,Bengaluru,16-04-2041,RAC,3,Child,34,Senior Citizen,Confirmed
19-12-2041,Sleeper,Tatkal,Mumbai,Bharuch,19-04-2041,Confirmed,2,Adult,20,Defense Quota,Confirmed
23-12-2041,Sleeper,General,Surat,Bhavnagar,23-04-2041,RAC,4,Adult,3,None,Confirmed
25-12-2041,2AC,General,Navsari,Ahmedabad,25-04-2041,Confirmed,4,Child,16,None,Confirmed
29-12-2041,3AC,Tatkal,Ahmedabad,Bhavnagar,29-04-2041,Waitlisted,1,Senior Citizen,42,None,Not Confirmed
02-01-2042,3AC,Ladies,Bengaluru,Lucknow,03-05-2041,Confirmed,5,Child,40,None,Confirmed
03-01-2042,2AC,Ladies,Chennai,Bengaluru,04-05-2041,Confirmed,1,Senior Citizen,33,Senior Citizen,Confirmed
08-01-2042,1AC,Ladies,Bharuch,Ahmedabad,09-05-2041,Confirmed,4,Adult,14,Senior Citizen,Confirmed
14-01-2042,2AC,Ladies,Navsari,Howrah,15-05-2041,Confirmed,3,Senior Citizen,24,Defense Quota,Confirmed
19-01-2042,1AC,Premium Tatkal,Lucknow,Navsari,20-05-2041,Waitlisted,4,Child,34,Defense Quota,Not Confirmed
27-01-2042,Sleeper,General,Surat,Lucknow,28-05-2041,Confirmed,1,Adult,12,None,Confirmed
30-01-2042,2AC,Ladies,Chennai,Bhavnagar,31-05-2041,Confirmed,4,Adult,39,Senior Citizen,Confirmed
07-02-2042,Sleeper,General,Bengaluru,Lucknow,08-06-2041,RAC,2,Adult,23,Defense Quota,Confirmed
20-02-2042,3AC,Tatkal,Howrah,Surat,21-06-2041,Waitlisted,2,Child,38,Senior Citizen,Not Confirmed
26-02-2042,2AC,General,Surat,Bharuch,27-06-2041,Confirmed,2,Senior Citizen,6,Senior Citizen,Confirmed
04-03-2042,1AC,General,New Delhi,Chennai,03-07-2041,Waitlisted,1,Senior Citizen,26,Defense Quota,Not Confirmed
06-03-2042,1AC,Premium Tatkal,New Delhi,Chennai,05-07-2041,Waitlisted,3,Adult,16,Defense Quota,Not Confirmed
07-03-2042,2AC,Tatkal,Lucknow,Howrah,06-07-2041,Waitlisted,5,Senior Citizen,23,Defense Quota,Not Confirmed
08-03-2042,3AC,Ladies,Mumbai,Mumbai,07-07-2041,Waitlisted,3,Child,17,Defense Quota,Not Confirmed
09-03-2042,Sleeper,General,Surat,Lucknow,08-07-2041,RAC,4,Adult,20,Senior Citizen,Confirmed
18-03-2042,Sleeper,General,Surat,Howrah,17-07-2041,Confirmed,3,Senior Citizen,38,Defense Quota,Confirmed
22-03-2042,Sleeper,Tatkal,Mumbai,Bhavnagar,21-07-2041,Waitlisted,5,Senior Citizen,12,Senior Citizen,Not Confirmed
24-03-2042,Sleeper,General,Mumbai,Surat,23-07-2041,RAC,1,Senior Citizen,39,None,Confirmed
25-03-2042,Sleeper,General,Lucknow,Navsari,24-07-2041,Confirmed,1,Senior Citizen,28,Senior Citizen,Confirmed
27-03-2042,2AC,General,Ahmedabad,Mumbai,26-07-2041,Confirmed,1,Child,14,Defense Quota,Confirmed
02-04-2042,3AC,General,Lucknow,New Delhi,01-08-2041,RAC,1,Adult,43,Senior Citizen,Confirmed
07-04-2042,Sleeper,Tatkal,Bengaluru,Bhavnagar,06-08-2041,Waitlisted,3,Senior Citizen,16,None,Not Confirmed
08-04-2042,Sleeper,Premium Tatkal,Surat,Chennai,07-08-2041,RAC,1,Child,39,Defense Quota,Confirmed
10-04-2042,2AC,Tatkal,Bengaluru,Surat,09-08-2041,RAC,5,Senior Citizen,4,None,Confirmed
11-04-2042,2AC,General,Mumbai,Chennai,10-08-2041,RAC,5,Senior Citizen,22,None,Confirmed
22-04-2042,3AC,Premium Tatkal,Chennai,Navsari,21-08-2041,Waitlisted,3,Child,18,Defense Quota,Not Confirmed
25-04-2042,2AC,General,Lucknow,Surat,24-08-2041,Waitlisted,5,Child,41,None,Not Confirmed
03-05-2042,Sleeper,Premium Tatkal,Lucknow,Surat,01-09-2041,Waitlisted,1,Child,9,Defense Quota,Not Confirmed
05-05-2042,1AC,Tatkal,Bharuch,Bhavnagar,03-09-2041,Waitlisted,4,Senior Citizen,19,Defense Quota,Not Confirmed
06-05-2042,3AC,Tatkal,Bhavnagar,Surat,04-09-2041,RAC,4,Senior Citizen,47,Defense Quota,Confirmed
18-05-2042,1AC,General,Bharuch,Navsari,16-09-2041,Confirmed,3,Senior Citizen,25,None,Confirmed
08-06-2042,1AC,Tatkal,Howrah,Bhavnagar,07-10-2041,Waitlisted,4,Adult,20,Defense Quota,Not Confirmed
11-06-2042,1AC,Premium Tatkal,Navsari,Lucknow,10-10-2041,RAC,2,Senior Citizen,11,None,Confirmed
13-06-2042,3AC,Tatkal,New Delhi,Lucknow,12-10-2041,Confirmed,3,Senior Citizen,26,Defense Quota,Confirmed
27-06-2042,3AC,Ladies,Bengaluru,Bharuch,26-10-2041,Waitlisted,5,Child,46,Senior Citizen,Not Confirmed
28-06-2042,1AC,Tatkal,Mumbai,Bhavnagar,27-10-2041,Confirmed,4,Adult,8,Defense Quota,Confirmed
02-07-2042,3AC,Ladies,Navsari,Bharuch,31-10-2041,Waitlisted,5,Adult,29,None,Not Confirmed
08-07-2042,1AC,Ladies,Bhavnagar,Navsari,06-11-2041,Confirmed,4,Senior Citizen,35,None,Confirmed
11-07-2042,2AC,Ladies,Chennai,Lucknow,09-11-2041,Waitlisted,4,Adult,27,None,Not Confirmed
12-07-2042,3AC,Premium Tatkal,Surat,Howrah,10-11-2041,Confirmed,5,Adult,38,Defense Quota,Confirmed
17-07-2042,Sleeper,Ladies,Bengaluru,Ahmedabad,15-11-2041,RAC,2,Senior Citizen,26,Senior Citizen,Confirmed
20-07-2042,2AC,General,Chennai,Chennai,18-11-2041,Confirmed,4,Senior Citizen,28,Senior Citizen,Confirmed
21-07-2042,Sleeper,Ladies,Chennai,Lucknow,19-11-2041,Waitlisted,1,Child,17,None,Not Confirmed
27-07-2042,3AC,General,Bharuch,Bharuch,25-11-2041,Confirmed,4,Senior Citizen,22,None,Confirmed
28-07-2042,2AC,Premium Tatkal,Mumbai,Surat,26-11-2041,Waitlisted,5,Senior Citizen,39,Senior Citizen,Not Confirmed
30-07-2042,1AC,Ladies,Bharuch,Chennai,28-11-2041,RAC,3,Adult,25,None,Confirmed
06-08-2042,1AC,General,Bharuch,New Delhi,05-12-2041,RAC,3,Adult,4,Senior Citizen,Confirmed
09-08-2042,2AC,Premium Tatkal,Bhavnagar,Bhavnagar,08-12-2041,Confirmed,5,Adult,19,Defense Quota,Confirmed
16-08-2042,Sleeper,Ladies,Surat,Chennai,15-12-2041,RAC,5,Adult,39,None,Confirmed
27-08-2042,3AC,Premium Tatkal,Bharuch,Bengaluru,26-12-2041,Confirmed,5,Senior Citizen,38,None,Confirmed
31-08-2042,1AC,Ladies,Bhavnagar,Ahmedabad,30-12-2041,RAC,3,Senior Citizen,15,Defense Quota,Confirmed
01-09-2042,1AC,Tatkal,Mumbai,Bharuch,31-12-2041,Waitlisted,5,Senior Citizen,46,None,Not Confirmed
09-09-2042,3AC,Ladies,Lucknow,Lucknow,08-01-2042,RAC,5,Adult,20,Defense Quota,Confirmed
15-09-2042,1AC,Ladies,Lucknow,Navsari,14-01-2042,Confirmed,1,Adult,47,None,Confirmed
16-09-2042,Sleeper,Ladies,Ahmedabad,Ahmedabad,15-01-2042,Waitlisted,1,Adult,15,Defense Quota,Not Confirmed
04-10-2042,2AC,General,Ahmedabad,New Delhi,02-02-2042,RAC,3,Child,11,None,Confirmed
07-10-2042,Sleeper,General,Chennai,Bengaluru,05-02-2042,Waitlisted,1,Adult,8,None,Not Confirmed
11-10-2042,1AC,General,Surat,Ahmedabad,09-02-2042,Waitlisted,2,Adult,19,Senior Citizen,Not Confirmed
17-10-2042,3AC,Ladies,Lucknow,Ahmedabad,15-02-2042,Waitlisted,3,Senior Citizen,5,Senior Citizen,Not Confirmed
20-10-2042,2AC,General,Ahmedabad,Navsari,18-02-2042,RAC,1,Adult,45,None,Confirmed
22-10-2042,3AC,General,Surat,Bhavnagar,20-02-2042,Waitlisted,2,Adult,22,Senior Citizen,Not Confirmed
24-10-2042,1AC,Premium Tatkal,Surat,Ahmedabad,22-02-2042,RAC,3,Child,24,Senior Citizen,Confirmed
27-10-2042,3AC,General,Ahmedabad,Mumbai,25-02-2042,RAC,1,Child,17,None,Confirmed
31-10-2042,1AC,Tatkal,New Delhi,Navsari,01-03-2042,Waitlisted,2,Senior Citizen,33,Defense Quota,Not Confirmed
03-11-2042,1AC,General,Bharuch,Chennai,04-03-2042,Confirmed,4,Adult,12,Defense Quota,Confirmed
05-11-2042,2AC,Premium Tatkal,Bengaluru,Surat,06-03-2042,Waitlisted,5,Adult,18,Defense Quota,Not Confirmed
09-11-2042,1AC,General,Bharuch,Bharuch,10-03-2042,RAC,2,Child,43,Senior Citizen,Confirmed
11-11-2042,2AC,Tatkal,Bhavnagar,Ahmedabad,12-03-2042,Confirmed,1,Child,7,None,Confirmed
23-11-2042,3AC,Premium Tatkal,Bengaluru,Surat,24-03-2042,Confirmed,2,Adult,25,Senior Citizen,Confirmed
26-11-2042,Sleeper,General,Mumbai,Surat,27-03-2042,RAC,2,Adult,5,None,Confirmed
03-12-2042,2AC,General,New Delhi,Mumbai,03-04-2042,RAC,5,Child,25,Senior Citizen,Confirmed
06-12-2042,1AC,Premium Tatkal,Mumbai,Bengaluru,06-04-2042,Confirmed,2,Senior Citizen,45,Defense Quota,Confirmed
09-12-2042,2AC,Tatkal,Navsari,Lucknow,09-04-2042,Confirmed,3,Adult,14,Defense Quota,Confirmed
17-12-2042,Sleeper,Ladies,Mumbai,Ahmedabad,17-04-2042,RAC,5,Senior Citizen,18,Defense Quota,Confirmed
23-12-2042,Sleeper,General,Surat,Lucknow,23-04-2042,Waitlisted,1,Senior Citizen,33,Defense Quota,Not Confirmed
25-12-2042,3AC,Tatkal,Bharuch,Bhavnagar,25-04-2042,Waitlisted,3,Child,39,None,Not Confirmed
26-12-2042,Sleeper,General,Bengaluru,Chennai,26-04-2042,Waitlisted,3,Senior Citizen,14,Senior Citizen,Not Confirmed
02-01-2043,1AC,Ladies,Navsari,Chennai,03-05-2042,RAC,2,Senior Citizen,6,Senior Citizen,Confirmed
04-01-2043,3AC,Premium Tatkal,Mumbai,Chennai,05-05-2042,Confirmed,5,Child,36,Senior Citizen,Confirmed
05-01-2043,2AC,Premium Tatkal,Surat,Lucknow,06-05-2042,Confirmed,3,Child,28,Defense Quota,Confirmed
12-01-2043,2AC,General,Mumbai,Chennai,13-05-2042,Waitlisted,1,Child,37,Defense Quota,Not Confirmed
19-01-2043,3AC,General,Lucknow,Bhavnagar,20-05-2042,Waitlisted,3,Senior Citizen,37,None,Not Confirmed
30-01-2043,3AC,Premium Tatkal,Bengaluru,New Delhi,31-05-2042,Waitlisted,2,Adult,25,None,Not Confirmed
06-02-2043,3AC,General,Bhavnagar,New Delhi,07-06-2042,Confirmed,3,Adult,22,Senior Citizen,Confirmed
16-02-2043,1AC,Tatkal,Chennai,Mumbai,17-06-2042,Confirmed,1,Child,18,Defense Quota,Confirmed
22-02-2043,1AC,Premium Tatkal,Bhavnagar,Surat,23-06-2042,Waitlisted,3,Senior Citizen,43,None,Not Confirmed
24-02-2043,Sleeper,General,Mumbai,Surat,25-06-2042,Waitlisted,3,Senior Citizen,2,None,Not Confirmed
27-02-2043,Sleeper,Premium Tatkal,Bharuch,Bengaluru,28-06-2042,RAC,4,Child,10,Defense Quota,Confirmed
01-03-2043,1AC,Ladies,Chennai,Mumbai,30-06-2042,Waitlisted,5,Adult,24,Senior Citizen,Not Confirmed
10-03-2043,2AC,Tatkal,Lucknow,Mumbai,09-07-2042,Waitlisted,3,Senior Citizen,10,Senior Citizen,Not Confirmed
26-03-2043,2AC,General,Chennai,Bengaluru,25-07-2042,RAC,4,Adult,4,None,Confirmed
30-03-2043,1AC,Ladies,Mumbai,Bengaluru,29-07-2042,Waitlisted,4,Senior Citizen,29,Senior Citizen,Not Confirmed
06-04-2043,Sleeper,Ladies,Surat,Howrah,05-08-2042,Confirmed,5,Senior Citizen,14,Defense Quota,Confirmed
18-04-2043,Sleeper,Ladies,Navsari,Navsari,17-08-2042,RAC,5,Child,44,Senior Citizen,Confirmed
20-04-2043,2AC,Premium Tatkal,Navsari,New Delhi,19-08-2042,Confirmed,4,Child,3,Defense Quota,Confirmed
21-04-2043,Sleeper,Tatkal,Surat,Surat,20-08-2042,Confirmed,1,Senior Citizen,36,None,Confirmed
01-05-2043,1AC,Tatkal,Chennai,Ahmedabad,30-08-2042,RAC,5,Senior Citizen,38,Defense Quota,Confirmed
10-05-2043,2AC,Tatkal,Bhavnagar,Bhavnagar,08-09-2042,Waitlisted,2,Senior Citizen,36,Defense Quota,Not Confirmed
13-05-2043,2AC,General,Ahmedabad,Ahmedabad,11-09-2042,RAC,4,Child,42,Senior Citizen,Confirmed
17-05-2043,3AC,Ladies,Ahmedabad,Surat,15-09-2042,Waitlisted,2,Adult,7,Senior Citizen,Not Confirmed
18-05-2043,2AC,Tatkal,Lucknow,Howrah,16-09-2042,Waitlisted,3,Senior Citizen,4,Defense Quota,Not Confirmed
20-05-2043,2AC,General,Bengaluru,Surat,18-09-2042,Confirmed,3,Senior Citizen,4,Defense Quota,Confirmed
31-05-2043,3AC,Ladies,Bengaluru,Surat,29-09-2042,Confirmed,4,Adult,20,Senior Citizen,Confirmed
04-06-2043,2AC,General,Lucknow,Bengaluru,03-10-2042,Confirmed,3,Senior Citizen,30,None,Confirmed
13-06-2043,1AC,Premium Tatkal,Bengaluru,Ahmedabad,12-10-2042,Waitlisted,3,Child,32,Defense Quota,Not Confirmed
16-06-2043,3AC,General,Chennai,New Delhi,15-10-2042,RAC,2,Senior Citizen,13,Defense Quota,Confirmed
27-06-2043,1AC,Premium Tatkal,Bengaluru,Surat,26-10-2042,Confirmed,1,Child,5,None,Confirmed
05-07-2043,2AC,General,Mumbai,Mumbai,03-11-2042,RAC,4,Senior Citizen,30,Defense Quota,Confirmed
08-07-2043,3AC,Tatkal,New Delhi,Howrah,06-11-2042,Confirmed,5,Adult,5,Defense Quota,Confirmed
13-07-2043,Sleeper,Premium Tatkal,New Delhi,Howrah,11-11-2042,Confirmed,1,Child,16,Defense Quota,Confirmed
14-07-2043,1AC,Tatkal,New Delhi,Lucknow,12-11-2042,Waitlisted,4,Adult,16,Defense Quota,Not Confirmed
16-07-2043,1AC,Premium Tatkal,Navsari,Chennai,14-11-2042,Waitlisted,3,Adult,18,None,Not Confirmed
23-07-2043,3AC,Premium Tatkal,Mumbai,Chennai,21-11-2042,Waitlisted,5,Adult,38,Senior Citizen,Not Confirmed
24-07-2043,1AC,Tatkal,Bhavnagar,Mumbai,22-11-2042,Confirmed,2,Senior Citizen,7,None,Confirmed
27-07-2043,2AC,Ladies,Bhavnagar,Bhavnagar,25-11-2042,Confirmed,5,Child,26,Defense Quota,Confirmed
28-07-2043,1AC,Premium Tatkal,New Delhi,Navsari,26-11-2042,Waitlisted,5,Child,40,Defense Quota,Not Confirmed
03-08-2043,3AC,General,Mumbai,Bharuch,02-12-2042,RAC,2,Adult,17,Defense Quota,Confirmed
10-08-2043,Sleeper,Ladies,Ahmedabad,Chennai,09-12-2042,RAC,3,Child,22,Defense Quota,Confirmed
12-08-2043,2AC,Premium Tatkal,Bharuch,Ahmedabad,11-12-2042,RAC,1,Adult,24,Senior Citizen,Confirmed
17-08-2043,Sleeper,Ladies,Lucknow,Bengaluru,16-12-2042,RAC,3,Child,7,Senior Citizen,Confirmed
18-08-2043,2AC,Tatkal,Howrah,Bengaluru,17-12-2042,Waitlisted,5,Adult,44,None,Not Confirmed
24-08-2043,1AC,General,Bhavnagar,New Delhi,23-12-2042,RAC,4,Adult,41,Defense Quota,Confirmed
29-08-2043,1AC,Ladies,Ahmedabad,Howrah,28-12-2042,Confirmed,1,Child,39,None,Confirmed
30-08-2043,1AC,General,Surat,New Delhi,29-12-2042,RAC,3,Child,31,Defense Quota,Confirmed
06-09-2043,Sleeper,Ladies,Lucknow,Chennai,05-01-2043,RAC,5,Adult,14,Senior Citizen,Confirmed
08-09-2043,3AC,General,Mumbai,Bharuch,07-01-2043,Waitlisted,2,Child,34,Senior Citizen,Not Confirmed
10-09-2043,2AC,Ladies,Surat,Chennai,09-01-2043,Confirmed,5,Senior Citizen,34,Defense Quota,Confirmed
11-09-2043,3AC,Premium Tatkal,Bengaluru,Mumbai,10-01-2043,Confirmed,5,Adult,30,Senior Citizen,Confirmed
13-09-2043,Sleeper,Tatkal,Bharuch,Chennai,12-01-2043,Confirmed,1,Senior Citizen,19,Defense Quota,Confirmed
21-09-2043,3AC,General,New Delhi,Navsari,20-01-2043,RAC,5,Adult,35,None,Confirmed
01-10-2043,3AC,General,Mumbai,Mumbai,30-01-2043,RAC,5,Child,9,Senior Citizen,Confirmed
10-10-2043,2AC,Premium Tatkal,Bhavnagar,Surat,08-02-2043,Waitlisted,2,Adult,30,Senior Citizen,Not Confirmed
11-10-2043,1AC,Ladies,Ahmedabad,Bengaluru,09-02-2043,Waitlisted,5,Senior Citizen,9,None,Not Confirmed
12-10-2043,1AC,Ladies,New Delhi,Navsari,10-02-2043,RAC,4,Senior Citizen,26,None,Confirmed
22-10-2043,3AC,Tatkal,Bharuch,Bengaluru,20-02-2043,RAC,3,Adult,37,Senior Citizen,Confirmed
27-10-2043,3AC,Premium Tatkal,Bharuch,Mumbai,25-02-2043,Waitlisted,4,Senior Citizen,4,None,Not Confirmed
29-10-2043,3AC,General,Bengaluru,Navsari,27-02-2043,Confirmed,4,Child,6,Defense Quota,Confirmed
01-11-2043,1AC,Tatkal,Chennai,Surat,02-03-2043,Confirmed,1,Senior Citizen,45,None,Confirmed
13-11-2043,2AC,Ladies,Lucknow,Navsari,14-03-2043,Confirmed,3,Senior Citizen,17,None,Confirmed
15-11-2043,Sleeper,Ladies,New Delhi,Bhavnagar,16-03-2043,RAC,5,Adult,6,Senior Citizen,Confirmed
16-11-2043,2AC,General,Mumbai,Bharuch,17-03-2043,RAC,3,Senior Citizen,11,Defense Quota,Confirmed
17-11-2043,3AC,Tatkal,Howrah,Mumbai,18-03-2043,Confirmed,3,Adult,17,Senior Citizen,Confirmed
18-11-2043,2AC,Tatkal,Surat,Navsari,19-03-2043,Waitlisted,2,Child,40,Defense Quota,Not Confirmed
19-11-2043,3AC,Tatkal,Chennai,Bengaluru,20-03-2043,Waitlisted,3,Senior Citizen,25,Senior Citizen,Not Confirmed
20-11-2043,1AC,Ladies,Surat,Bhavnagar,21-03-2043,Confirmed,5,Adult,26,Defense Quota,Confirmed
23-11-2043,Sleeper,Premium Tatkal,Ahmedabad,Lucknow,24-03-2043,Waitlisted,5,Adult,40,Senior Citizen,Not Confirmed
24-11-2043,Sleeper,Premium Tatkal,Ahmedabad,Mumbai,25-03-2043,RAC,1,Senior Citizen,3,None,Confirmed
09-12-2043,Sleeper,Premium Tatkal,Mumbai,Ahmedabad,09-04-2043,Confirmed,3,Child,37,Senior Citizen,Confirmed
10-12-2043,2AC,Tatkal,Bharuch,Chennai,10-04-2043,Waitlisted,3,Adult,24,Senior Citizen,Not Confirmed
12-12-2043,3AC,Tatkal,Navsari,Ahmedabad,12-04-2043,Confirmed,3,Adult,28,Defense Quota,Confirmed
14-12-2043,1AC,Premium Tatkal,Navsari,Howrah,14-04-2043,RAC,5,Adult,38,None,Confirmed
22-12-2043,3AC,Tatkal,Bengaluru,Howrah,22-04-2043,Waitlisted,2,Child,34,Senior Citizen,Not Confirmed
25-12-2043,2AC,General,Ahmedabad,Ahmedabad,25-04-2043,Confirmed,4,Senior Citizen,26,Senior Citizen,Confirmed
26-12-2043,3AC,General,New Delhi,Lucknow,26-04-2043,Confirmed,2,Child,42,None,Confirmed
27-12-2043,3AC,General,Surat,Surat,27-04-2043,RAC,4,Senior Citizen,37,None,Confirmed
05-01-2044,3AC,General,Navsari,Howrah,06-05-2043,Waitlisted,3,Senior Citizen,7,Defense Quota,Not Confirmed
06-01-2044,3AC,General,Surat,Bhavnagar,07-05-2043,Waitlisted,2,Child,18,None,Not Confirmed
12-01-2044,Sleeper,Premium Tatkal,Ahmedabad,Ahmedabad,13-05-2043,Waitlisted,4,Adult,26,Senior Citizen,Not Confirmed
17-01-2044,3AC,Ladies,New Delhi,New Delhi,18-05-2043,Confirmed,5,Child,34,Senior Citizen,Confirmed
18-01-2044,2AC,Tatkal,Chennai,Lucknow,19-05-2043,RAC,4,Adult,18,Defense Quota,Confirmed
19-01-2044,3AC,Premium Tatkal,Lucknow,Surat,20-05-2043,RAC,2,Child,8,Defense Quota,Confirmed
25-01-2044,3AC,General,Bhavnagar,Lucknow,26-05-2043,RAC,4,Child,19,Senior Citizen,Confirmed
28-01-2044,3AC,Ladies,New Delhi,Howrah,29-05-2043,Waitlisted,5,Senior Citizen,37,None,Not Confirmed
29-01-2044,3AC,Premium Tatkal,Chennai,Bharuch,30-05-2043,Waitlisted,4,Child,6,None,Not Confirmed
01-02-2044,1AC,Tatkal,New Delhi,Navsari,02-06-2043,Confirmed,3,Adult,11,Defense Quota,Confirmed
03-02-2044,3AC,Ladies,Navsari,New Delhi,04-06-2043,Confirmed,4,Child,12,None,Confirmed
04-02-2044,Sleeper,General,Chennai,Ahmedabad,05-06-2043,Waitlisted,5,Adult,35,None,Not Confirmed
05-02-2044,Sleeper,Ladies,New Delhi,Lucknow,06-06-2043,Confirmed,4,Senior Citizen,27,Senior Citizen,Confirmed
11-02-2044,2AC,Premium Tatkal,Howrah,Chennai,12-06-2043,RAC,4,Child,34,None,Confirmed
13-02-2044,3AC,Tatkal,Navsari,Bhavnagar,14-06-2043,RAC,4,Adult,6,Defense Quota,Confirmed
21-02-2044,2AC,Ladies,Surat,Chennai,22-06-2043,RAC,2,Child,8,None,Confirmed
24-02-2044,2AC,Tatkal,Ahmedabad,Bharuch,25-06-2043,RAC,5,Senior Citizen,22,None,Confirmed
05-03-2044,Sleeper,Premium Tatkal,Lucknow,Ahmedabad,05-07-2043,Waitlisted,2,Adult,6,Senior Citizen,Not Confirmed
07-03-2044,1AC,General,Mumbai,Chennai,07-07-2043,RAC,5,Child,24,None,Confirmed
12-03-2044,3AC,General,Bharuch,Chennai,12-07-2043,Confirmed,1,Adult,25,None,Confirmed
16-03-2044,1AC,General,Ahmedabad,Mumbai,16-07-2043,RAC,1,Child,40,Defense Quota,Confirmed
17-03-2044,Sleeper,General,New Delhi,Bharuch,17-07-2043,RAC,5,Senior Citizen,33,Defense Quota,Confirmed
22-03-2044,3AC,Premium Tatkal,Bhavnagar,Bharuch,22-07-2043,RAC,3,Adult,16,None,Confirmed
24-03-2044,1AC,Ladies,Howrah,Surat,24-07-2043,Confirmed,4,Senior Citizen,38,Defense Quota,Confirmed
26-03-2044,3AC,General,Lucknow,Chennai,26-07-2043,RAC,2,Child,19,None,Confirmed
29-03-2044,3AC,Tatkal,Bharuch,Bhavnagar,29-07-2043,Waitlisted,1,Senior Citizen,8,Defense Quota,Not Confirmed
01-04-2044,Sleeper,General,Howrah,Howrah,01-08-2043,RAC,3,Senior Citizen,10,Defense Quota,Confirmed
03-04-2044,Sleeper,General,Mumbai,Mumbai,03-08-2043,Waitlisted,4,Adult,25,None,Not Confirmed
06-04-2044,2AC,General,New Delhi,Bharuch,06-08-2043,Waitlisted,1,Senior Citizen,11,Senior Citizen,Not Confirmed
07-04-2044,3AC,Ladies,Surat,New Delhi,07-08-2043,Confirmed,2,Senior Citizen,11,Senior Citizen,Confirmed
16-04-2044,1AC,Tatkal,Navsari,Ahmedabad,16-08-2043,Confirmed,2,Senior Citizen,7,Senior Citizen,Confirmed
17-04-2044,2AC,Tatkal,Mumbai,Navsari,17-08-2043,Confirmed,4,Adult,42,Senior Citizen,Confirmed
21-04-2044,1AC,General,Ahmedabad,Howrah,21-08-2043,RAC,4,Senior Citizen,19,None,Confirmed
24-04-2044,1AC,Tatkal,Surat,Bengaluru,24-08-2043,Confirmed,3,Senior Citizen,43,Defense Quota,Confirmed
27-04-2044,2AC,Ladies,Navsari,Howrah,27-08-2043,Confirmed,5,Child,25,Senior Citizen,Confirmed
28-04-2044,2AC,Ladies,New Delhi,Bengaluru,28-08-2043,Waitlisted,5,Child,47,None,Not Confirmed
06-05-2044,1AC,General,Mumbai,Navsari,05-09-2043,Waitlisted,1,Adult,31,Senior Citizen,Not Confirmed
12-05-2044,3AC,Premium Tatkal,New Delhi,Bengaluru,11-09-2043,Waitlisted,2,Adult,4,None,Not Confirmed
14-05-2044,Sleeper,Premium Tatkal,Chennai,Bharuch,13-09-2043,RAC,5,Senior Citizen,47,Senior Citizen,Confirmed
15-05-2044,3AC,Premium Tatkal,Lucknow,Mumbai,14-09-2043,RAC,5,Child,11,None,Confirmed
18-05-2044,2AC,Tatkal,New Delhi,Bengaluru,17-09-2043,RAC,5,Child,4,Senior Citizen,Confirmed
24-05-2044,1AC,Ladies,Chennai,Howrah,23-09-2043,Confirmed,4,Senior Citizen,19,Defense Quota,Confirmed
28-05-2044,1AC,Tatkal,New Delhi,New Delhi,27-09-2043,Waitlisted,1,Child,21,Senior Citizen,Not Confirmed
31-05-2044,2AC,General,Ahmedabad,New Delhi,30-09-2043,Confirmed,3,Adult,47,None,Confirmed
02-06-2044,3AC,Ladies,Ahmedabad,Mumbai,02-10-2043,Waitlisted,4,Child,12,Senior Citizen,Not Confirmed
05-06-2044,1AC,General,Navsari,Bharuch,05-10-2043,Waitlisted,2,Senior Citizen,45,Defense Quota,Not Confirmed
08-06-2044,Sleeper,Tatkal,New Delhi,Lucknow,08-10-2043,RAC,3,Child,40,Defense Quota,Confirmed
12-06-2044,2AC,General,Mumbai,Navsari,12-10-2043,RAC,4,Senior Citizen,37,Defense Quota,Confirmed
15-06-2044,1AC,Tatkal,Mumbai,Chennai,15-10-2043,Waitlisted,1,Adult,44,Senior Citizen,Not Confirmed
18-06-2044,Sleeper,General,Navsari,New Delhi,18-10-2043,Waitlisted,5,Senior Citizen,32,None,Not Confirmed
23-06-2044,1AC,Ladies,Ahmedabad,Bhavnagar,23-10-2043,Confirmed,3,Senior Citizen,46,Senior Citizen,Confirmed
01-07-2044,Sleeper,Premium Tatkal,New Delhi,Navsari,31-10-2043,Waitlisted,2,Senior Citizen,26,Defense Quota,Not Confirmed
05-07-2044,2AC,General,Navsari,Navsari,04-11-2043,Confirmed,5,Child,40,Senior Citizen,Confirmed
06-07-2044,Sleeper,Premium Tatkal,Lucknow,Bharuch,05-11-2043,Waitlisted,4,Adult,11,Senior Citizen,Not Confirmed
09-07-2044,3AC,Premium Tatkal,Bengaluru,Howrah,08-11-2043,Confirmed,1,Adult,15,Defense Quota,Confirmed
11-07-2044,1AC,Tatkal,Howrah,Bhavnagar,10-11-2043,Waitlisted,3,Child,44,Senior Citizen,Not Confirmed
17-07-2044,2AC,Tatkal,Bharuch,Mumbai,16-11-2043,Waitlisted,5,Adult,45,Senior Citizen,Not Confirmed
18-07-2044,2AC,General,Chennai,Chennai,17-11-2043,RAC,1,Child,17,None,Confirmed
20-07-2044,1AC,General,Mumbai,New Delhi,19-11-2043,RAC,1,Child,16,Defense Quota,Confirmed
22-07-2044,1AC,Tatkal,Lucknow,New Delhi,21-11-2043,Confirmed,4,Adult,32,Senior Citizen,Confirmed
27-07-2044,1AC,Ladies,Chennai,Bengaluru,26-11-2043,Confirmed,3,Adult,18,Defense Quota,Confirmed
01-08-2044,2AC,Ladies,Lucknow,Bhavnagar,01-12-2043,Waitlisted,4,Adult,45,Senior Citizen,Not Confirmed
02-08-2044,1AC,Ladies,Bengaluru,Mumbai,02-12-2043,Waitlisted,2,Adult,39,Defense Quota,Not Confirmed
22-08-2044,Sleeper,Premium Tatkal,Mumbai,Ahmedabad,22-12-2043,Confirmed,2,Adult,44,None,Confirmed
25-08-2044,2AC,Ladies,Lucknow,Chennai,25-12-2043,Confirmed,1,Adult,7,None,Confirmed
30-08-2044,Sleeper,Premium Tatkal,Ahmedabad,New Delhi,30-12-2043,Waitlisted,4,Senior Citizen,29,None,Not Confirmed
02-09-2044,3AC,General,Surat,Surat,02-01-2044,Waitlisted,3,Adult,35,Defense Quota,Not Confirmed
03-09-2044,1AC,Tatkal,Chennai,Mumbai,03-01-2044,Confirmed,4,Adult,18,Senior Citizen,Confirmed
16-09-2044,3AC,Tatkal,Navsari,Howrah,16-01-2044,Waitlisted,3,Adult,27,Senior Citizen,Not Confirmed
26-09-2044,2AC,Premium Tatkal,Mumbai,Bharuch,26-01-2044,Confirmed,5,Senior Citizen,22,Senior Citizen,Confirmed
30-09-2044,Sleeper,Ladies,Navsari,Bhavnagar,30-01-2044,Confirmed,5,Child,30,Senior Citizen,Confirmed
02-10-2044,3AC,General,Ahmedabad,Bharuch,01-02-2044,Waitlisted,1,Adult,24,Defense Quota,Not Confirmed
04-10-2044,Sleeper,General,Bhavnagar,Surat,03-02-2044,Confirmed,4,Adult,26,None,Confirmed
05-10-2044,Sleeper,General,Chennai,New Delhi,04-02-2044,RAC,3,Adult,23,None,Confirmed
16-10-2044,Sleeper,Tatkal,Bengaluru,Bharuch,15-02-2044,Waitlisted,1,Senior Citizen,31,None,Not Confirmed
30-10-2044,3AC,Tatkal,Mumbai,Bharuch,29-02-2044,RAC,4,Child,40,Defense Quota,Confirmed
01-11-2044,1AC,Ladies,Howrah,Bharuch,02-03-2044,RAC,3,Child,18,Senior Citizen,Confirmed
06-11-2044,Sleeper,Premium Tatkal,Bharuch,Navsari,07-03-2044,RAC,2,Child,47,Senior Citizen,Confirmed
08-11-2044,2AC,General,Mumbai,Bengaluru,09-03-2044,RAC,3,Adult,37,Defense Quota,Confirmed
11-11-2044,3AC,Ladies,Bhavnagar,Lucknow,12-03-2044,Confirmed,2,Child,11,Senior Citizen,Confirmed
14-11-2044,Sleeper,Tatkal,Bhavnagar,Lucknow,15-03-2044,Waitlisted,1,Child,23,Defense Quota,Not Confirmed
17-11-2044,3AC,Ladies,New Delhi,Surat,18-03-2044,Waitlisted,1,Senior Citizen,21,Defense Quota,Not Confirmed
25-11-2044,Sleeper,General,Howrah,Bengaluru,26-03-2044,Confirmed,1,Senior Citizen,4,Senior Citizen,Confirmed
29-11-2044,3AC,General,Bharuch,Bhavnagar,30-03-2044,Confirmed,3,Child,11,None,Confirmed
30-11-2044,1AC,Ladies,Chennai,Bharuch,31-03-2044,RAC,2,Child,45,None,Confirmed
03-12-2044,Sleeper,General,Lucknow,Surat,03-04-2044,RAC,4,Adult,3,Senior Citizen,Confirmed
04-12-2044,2AC,Premium Tatkal,Navsari,Bharuch,04-04-2044,RAC,3,Child,3,Senior Citizen,Confirmed
06-12-2044,1AC,Ladies,Ahmedabad,Bengaluru,06-04-2044,Confirmed,3,Child,21,Senior Citizen,Confirmed
09-12-2044,1AC,General,Chennai,Howrah,09-04-2044,RAC,2,Adult,21,Defense Quota,Confirmed
15-12-2044,1AC,Premium Tatkal,Howrah,Navsari,15-04-2044,Confirmed,1,Senior Citizen,6,Senior Citizen,Confirmed
16-12-2044,Sleeper,General,Surat,Bengaluru,16-04-2044,Waitlisted,4,Senior Citizen,15,Defense Quota,Not Confirmed
17-12-2044,Sleeper,Premium Tatkal,Ahmedabad,Howrah,17-04-2044,Confirmed,2,Child,18,Senior Citizen,Confirmed
22-12-2044,2AC,Tatkal,Bhavnagar,Bharuch,22-04-2044,RAC,3,Adult,42,Defense Quota,Confirmed
24-12-2044,Sleeper,General,Howrah,Ahmedabad,24-04-2044,Confirmed,2,Child,22,Senior Citizen,Confirmed
28-12-2044,1AC,Premium Tatkal,New Delhi,Lucknow,28-04-2044,RAC,2,Adult,14,Defense Quota,Confirmed
30-12-2044,2AC,Premium Tatkal,Chennai,Bharuch,30-04-2044,RAC,1,Senior Citizen,41,None,Confirmed
05-01-2045,2AC,General,Ahmedabad,Bengaluru,06-05-2044,Waitlisted,3,Senior Citizen,4,None,Not Confirmed
06-01-2045,2AC,Premium Tatkal,New Delhi,Navsari,07-05-2044,RAC,5,Senior Citizen,47,Defense Quota,Confirmed
10-01-2045,2AC,General,Bhavnagar,Navsari,11-05-2044,RAC,4,Child,26,Defense Quota,Confirmed
14-01-2045,2AC,Premium Tatkal,Lucknow,Bharuch,15-05-2044,RAC,3,Child,33,None,Confirmed
24-01-2045,2AC,Premium Tatkal,New Delhi,Surat,25-05-2044,RAC,3,Adult,14,Senior Citizen,Confirmed
27-01-2045,2AC,Ladies,New Delhi,New Delhi,28-05-2044,Confirmed,1,Senior Citizen,39,None,Confirmed
31-01-2045,2AC,Tatkal,Ahmedabad,Navsari,01-06-2044,Waitlisted,5,Adult,32,Defense Quota,Not Confirmed
04-02-2045,1AC,General,Ahmedabad,Bengaluru,05-06-2044,Waitlisted,1,Child,16,Senior Citizen,Not Confirmed
05-02-2045,3AC,Ladies,Mumbai,Mumbai,06-06-2044,Confirmed,5,Adult,38,None,Confirmed
11-02-2045,Sleeper,Ladies,Surat,Bengaluru,12-06-2044,RAC,3,Child,24,None,Confirmed
12-02-2045,3AC,Ladies,Bengaluru,Bharuch,13-06-2044,Confirmed,1,Child,30,Senior Citizen,Confirmed
14-02-2045,2AC,Tatkal,Bhavnagar,Bharuch,15-06-2044,Waitlisted,1,Adult,6,Senior Citizen,Not Confirmed
22-02-2045,1AC,Ladies,Surat,Bharuch,23-06-2044,Confirmed,1,Senior Citizen,14,Senior Citizen,Confirmed
02-03-2045,2AC,Tatkal,Howrah,New Delhi,01-07-2044,Confirmed,3,Child,3,Senior Citizen,Confirmed
03-03-2045,Sleeper,Premium Tatkal,Bhavnagar,Surat,02-07-2044,Confirmed,1,Child,31,Senior Citizen,Confirmed
05-03-2045,3AC,Premium Tatkal,Bengaluru,Bharuch,04-07-2044,Confirmed,4,Adult,27,Defense Quota,Confirmed
06-03-2045,1AC,Ladies,Chennai,Ahmedabad,05-07-2044,Waitlisted,2,Child,31,Defense Quota,Not Confirmed
10-03-2045,Sleeper,Ladies,Mumbai,Howrah,09-07-2044,Waitlisted,2,Child,27,Defense Quota,Not Confirmed
11-03-2045,3AC,Ladies,Ahmedabad,Lucknow,10-07-2044,Confirmed,4,Child,46,Senior Citizen,Confirmed
13-03-2045,3AC,Ladies,Ahmedabad,Bharuch,12-07-2044,RAC,3,Senior Citizen,41,None,Confirmed
14-03-2045,1AC,Premium Tatkal,Bhavnagar,Chennai,13-07-2044,Waitlisted,1,Child,28,Senior Citizen,Not Confirmed
16-03-2045,3AC,Ladies,Mumbai,Bhavnagar,15-07-2044,RAC,1,Senior Citizen,38,Defense Quota,Confirmed
18-03-2045,Sleeper,Premium Tatkal,Navsari,Ahmedabad,17-07-2044,Confirmed,2,Adult,21,Defense Quota,Confirmed
23-03-2045,3AC,Ladies,Navsari,Bengaluru,22-07-2044,Confirmed,5,Child,43,Senior Citizen,Confirmed
24-03-2045,Sleeper,Ladies,Bharuch,Surat,23-07-2044,Waitlisted,2,Child,42,None,Not Confirmed
28-03-2045,1AC,Premium Tatkal,Bhavnagar,Lucknow,27-07-2044,RAC,5,Senior Citizen,42,None,Confirmed
07-04-2045,2AC,General,Bengaluru,Bengaluru,06-08-2044,Confirmed,5,Adult,7,Defense Quota,Confirmed
10-04-2045,2AC,Tatkal,Bengaluru,Lucknow,09-08-2044,RAC,4,Senior Citizen,40,Senior Citizen,Confirmed
12-04-2045,2AC,Tatkal,Howrah,Lucknow,11-08-2044,Waitlisted,2,Adult,35,Defense Quota,Not Confirmed
22-04-2045,2AC,Premium Tatkal,Bhavnagar,Howrah,21-08-2044,Confirmed,1,Adult,16,Defense Quota,Confirmed
23-04-2045,2AC,Tatkal,Chennai,Ahmedabad,22-08-2044,Waitlisted,3,Senior Citizen,30,Senior Citizen,Not Confirmed
28-04-2045,2AC,Ladies,Bharuch,Ahmedabad,27-08-2044,Confirmed,4,Adult,32,Defense Quota,Confirmed
30-04-2045,1AC,Ladies,Lucknow,Bhavnagar,29-08-2044,RAC,4,Child,45,None,Confirmed
02-05-2045,2AC,Ladies,Ahmedabad,Navsari,31-08-2044,Confirmed,2,Child,47,None,Confirmed
03-05-2045,Sleeper,Premium Tatkal,Surat,Lucknow,01-09-2044,RAC,2,Senior Citizen,42,Defense Quota,Confirmed
06-05-2045,2AC,Ladies,Lucknow,Bengaluru,04-09-2044,Confirmed,4,Adult,47,None,Confirmed
12-05-2045,2AC,Premium Tatkal,Navsari,Mumbai,10-09-2044,Waitlisted,4,Child,18,Defense Quota,Not Confirmed
20-05-2045,3AC,Ladies,Bhavnagar,Mumbai,18-09-2044,Waitlisted,2,Child,25,Defense Quota,Not Confirmed
23-05-2045,1AC,Tatkal,Bharuch,Bharuch,21-09-2044,Waitlisted,4,Child,23,None,Not Confirmed
24-05-2045,1AC,Ladies,Bhavnagar,Ahmedabad,22-09-2044,RAC,4,Senior Citizen,25,None,Confirmed
29-05-2045,1AC,Tatkal,Bengaluru,Bharuch,27-09-2044,RAC,1,Senior Citizen,27,None,Confirmed
31-05-2045,Sleeper,Premium Tatkal,Bharuch,Surat,29-09-2044,RAC,3,Adult,27,Senior Citizen,Confirmed
02-06-2045,Sleeper,Ladies,Bhavnagar,Surat,01-10-2044,RAC,5,Child,4,Senior Citizen,Confirmed
03-06-2045,1AC,Tatkal,Surat,Chennai,02-10-2044,Waitlisted,5,Senior Citizen,12,Defense Quota,Not Confirmed
05-06-2045,Sleeper,Premium Tatkal,Mumbai,Chennai,04-10-2044,Waitlisted,1,Child,43,Defense Quota,Not Confirmed
06-06-2045,3AC,Premium Tatkal,Surat,Lucknow,05-10-2044,Waitlisted,4,Child,46,Senior Citizen,Not Confirmed
12-06-2045,Sleeper,Ladies,New Delhi,Chennai,11-10-2044,Confirmed,2,Child,13,Senior Citizen,Confirmed
14-06-2045,Sleeper,Premium Tatkal,New Delhi,Bharuch,13-10-2044,Confirmed,2,Senior Citizen,46,None,Confirmed
19-06-2045,2AC,Premium Tatkal,New Delhi,Howrah,18-10-2044,RAC,2,Senior Citizen,8,Senior Citizen,Confirmed
23-06-2045,2AC,Premium Tatkal,Bhavnagar,Mumbai,22-10-2044,Confirmed,2,Adult,45,None,Confirmed
27-06-2045,2AC,Ladies,Ahmedabad,Lucknow,26-10-2044,RAC,1,Senior Citizen,47,Defense Quota,Confirmed
28-06-2045,Sleeper,Ladies,Mumbai,Ahmedabad,27-10-2044,RAC,3,Adult,16,None,Confirmed
30-06-2045,2AC,Ladies,Bengaluru,Chennai,29-10-2044,Confirmed,2,Adult,10,None,Confirmed
01-07-2045,Sleeper,Tatkal,Bharuch,Navsari,30-10-2044,Waitlisted,3,Child,36,Defense Quota,Not Confirmed
05-07-2045,3AC,Tatkal,Bharuch,Bharuch,03-11-2044,Confirmed,4,Child,43,Defense Quota,Confirmed
07-07-2045,1AC,General,Mumbai,Ahmedabad,05-11-2044,Waitlisted,4,Adult,18,Senior Citizen,Not Confirmed
08-07-2045,1AC,Premium Tatkal,Mumbai,Howrah,06-11-2044,RAC,5,Child,28,Defense Quota,Confirmed
10-07-2045,1AC,Tatkal,Surat,Ahmedabad,08-11-2044,Confirmed,3,Senior Citizen,6,None,Confirmed
12-07-2045,2AC,General,Mumbai,Navsari,10-11-2044,Confirmed,3,Senior Citizen,39,Defense Quota,Confirmed
16-07-2045,3AC,General,Bharuch,Navsari,14-11-2044,Confirmed,4,Adult,35,Senior Citizen,Confirmed
25-07-2045,1AC,General,Lucknow,Bhavnagar,23-11-2044,Waitlisted,2,Senior Citizen,39,Senior Citizen,Not Confirmed
28-07-2045,3AC,Premium Tatkal,Chennai,Surat,26-11-2044,Waitlisted,2,Adult,23,Defense Quota,Not Confirmed
29-07-2045,3AC,General,Chennai,Chennai,27-11-2044,Waitlisted,1,Adult,47,Senior Citizen,Not Confirmed
05-08-2045,2AC,Tatkal,Chennai,Surat,04-12-2044,Confirmed,1,Adult,22,Defense Quota,Confirmed
08-08-2045,2AC,Tatkal,Bengaluru,Bengaluru,07-12-2044,Confirmed,2,Senior Citizen,32,Defense Quota,Confirmed
14-08-2045,Sleeper,Ladies,Bhavnagar,Surat,13-12-2044,Confirmed,4,Senior Citizen,11,None,Confirmed
16-08-2045,1AC,Premium Tatkal,Surat,Bhavnagar,15-12-2044,Waitlisted,5,Adult,37,None,Not Confirmed
19-08-2045,1AC,Premium Tatkal,Howrah,Bhavnagar,18-12-2044,RAC,4,Child,29,Senior Citizen,Confirmed
23-08-2045,Sleeper,Premium Tatkal,Bhavnagar,Ahmedabad,22-12-2044,Confirmed,3,Child,11,None,Confirmed
28-08-2045,1AC,General,Chennai,Ahmedabad,27-12-2044,Confirmed,2,Senior Citizen,18,None,Confirmed
02-09-2045,3AC,General,Bengaluru,Mumbai,01-01-2045,Confirmed,4,Child,4,None,Confirmed
04-09-2045,2AC,General,Surat,Ahmedabad,03-01-2045,Waitlisted,4,Adult,24,Defense Quota,Not Confirmed
09-09-2045,1AC,General,Howrah,Bharuch,08-01-2045,Confirmed,2,Adult,44,Senior Citizen,Confirmed
11-09-2045,3AC,General,New Delhi,New Delhi,10-01-2045,Waitlisted,3,Adult,42,Senior Citizen,Not Confirmed
16-09-2045,1AC,Premium Tatkal,Surat,Surat,15-01-2045,RAC,4,Adult,18,None,Confirmed
19-09-2045,1AC,Premium Tatkal,Bengaluru,Lucknow,18-01-2045,Confirmed,5,Senior Citizen,29,None,Confirmed
25-09-2045,Sleeper,Premium Tatkal,Lucknow,Bharuch,24-01-2045,Confirmed,1,Child,20,None,Confirmed
30-09-2045,2AC,General,Lucknow,Lucknow,29-01-2045,Confirmed,1,Senior Citizen,46,Defense Quota,Confirmed
03-10-2045,Sleeper,Tatkal,Navsari,Bengaluru,01-02-2045,RAC,3,Senior Citizen,17,Senior Citizen,Confirmed
05-10-2045,3AC,General,Bengaluru,Navsari,03-02-2045,RAC,5,Adult,25,None,Confirmed
09-10-2045,Sleeper,Tatkal,Bharuch,Mumbai,07-02-2045,RAC,2,Adult,34,None,Confirmed
10-10-2045,3AC,Premium Tatkal,Lucknow,New Delhi,08-02-2045,Waitlisted,2,Senior Citizen,16,Senior Citizen,Not Confirmed
13-10-2045,3AC,Tatkal,New Delhi,Navsari,11-02-2045,RAC,5,Adult,44,Defense Quota,Confirmed
16-10-2045,2AC,General,Lucknow,Navsari,14-02-2045,RAC,1,Adult,42,Senior Citizen,Confirmed
22-10-2045,1AC,General,Surat,Navsari,20-02-2045,Waitlisted,5,Senior Citizen,38,Senior Citizen,Not Confirmed
23-10-2045,2AC,Premium Tatkal,New Delhi,Surat,21-02-2045,RAC,4,Adult,37,Defense Quota,Confirmed
27-10-2045,1AC,Tatkal,Bengaluru,Surat,25-02-2045,Waitlisted,5,Senior Citizen,17,Defense Quota,Not Confirmed
31-10-2045,Sleeper,General,Lucknow,Bengaluru,01-03-2045,Confirmed,5,Child,12,Senior Citizen,Confirmed
02-11-2045,2AC,General,Bhavnagar,Lucknow,03-03-2045,RAC,3,Adult,22,None,Confirmed
03-11-2045,3AC,Premium Tatkal,Bhavnagar,Bharuch,04-03-2045,Confirmed,3,Adult,22,Senior Citizen,Confirmed
10-11-2045,3AC,Ladies,Ahmedabad,Ahmedabad,11-03-2045,Waitlisted,5,Adult,7,Senior Citizen,Not Confirmed
16-11-2045,2AC,Tatkal,Bhavnagar,Ahmedabad,17-03-2045,Waitlisted,4,Adult,15,None,Not Confirmed
17-11-2045,1AC,Ladies,Chennai,Bharuch,18-03-2045,RAC,1,Child,44,Senior Citizen,Confirmed
18-11-2045,1AC,Premium Tatkal,Howrah,Surat,19-03-2045,Confirmed,4,Adult,45,None,Confirmed
26-11-2045,3AC,Ladies,Bengaluru,Navsari,27-03-2045,RAC,2,Child,3,None,Confirmed
27-11-2045,2AC,Tatkal,Lucknow,Surat,28-03-2045,Confirmed,3,Child,27,None,Confirmed
01-12-2045,1AC,General,Surat,New Delhi,01-04-2045,Waitlisted,5,Senior Citizen,25,None,Not Confirmed
02-12-2045,3AC,General,New Delhi,Surat,02-04-2045,Waitlisted,2,Child,12,None,Not Confirmed
04-12-2045,2AC,General,Chennai,Bengaluru,04-04-2045,RAC,1,Senior Citizen,37,None,Confirmed
06-12-2045,2AC,Tatkal,Surat,Bharuch,06-04-2045,Confirmed,5,Senior Citizen,32,Senior Citizen,Confirmed
07-12-2045,1AC,Tatkal,New Delhi,Bengaluru,07-04-2045,RAC,4,Child,11,None,Confirmed
11-12-2045,3AC,Tatkal,Ahmedabad,Bengaluru,11-04-2045,Waitlisted,4,Child,36,None,Not Confirmed
14-12-2045,3AC,Premium Tatkal,Navsari,Howrah,14-04-2045,RAC,3,Adult,30,Defense Quota,Confirmed
16-12-2045,1AC,Premium Tatkal,Surat,Lucknow,16-04-2045,RAC,5,Senior Citizen,13,Senior Citizen,Confirmed
17-12-2045,2AC,Tatkal,Mumbai,Surat,17-04-2045,Confirmed,4,Child,12,Senior Citizen,Confirmed
20-12-2045,2AC,Tatkal,Chennai,Bharuch,20-04-2045,Confirmed,1,Child,42,Defense Quota,Confirmed
27-12-2045,1AC,Ladies,Howrah,Bengaluru,27-04-2045,Confirmed,1,Senior Citizen,9,Defense Quota,Confirmed
03-01-2046,Sleeper,Tatkal,New Delhi,Lucknow,04-05-2045,Confirmed,2,Adult,10,Defense Quota,Confirmed
05-01-2046,1AC,General,Bharuch,Bengaluru,06-05-2045,Waitlisted,4,Adult,27,None,Not Confirmed
07-01-2046,1AC,General,New Delhi,Mumbai,08-05-2045,Confirmed,1,Adult,39,Defense Quota,Confirmed
13-01-2046,Sleeper,Premium Tatkal,New Delhi,Chennai,14-05-2045,Confirmed,4,Child,29,Senior Citizen,Confirmed
25-01-2046,3AC,General,Howrah,Chennai,26-05-2045,Confirmed,5,Adult,29,Senior Citizen,Confirmed
29-01-2046,Sleeper,Premium Tatkal,Ahmedabad,Navsari,30-05-2045,RAC,4,Child,5,None,Confirmed
05-02-2046,1AC,General,Navsari,Surat,06-06-2045,Waitlisted,1,Child,23,Defense Quota,Not Confirmed
08-02-2046,Sleeper,General,Bhavnagar,Bharuch,09-06-2045,Confirmed,2,Adult,41,None,Confirmed
10-02-2046,2AC,Premium Tatkal,Ahmedabad,Navsari,11-06-2045,Confirmed,3,Child,31,None,Confirmed
12-02-2046,Sleeper,General,New Delhi,Bengaluru,13-06-2045,Waitlisted,4,Adult,42,Defense Quota,Not Confirmed
13-02-2046,2AC,Ladies,Bhavnagar,Chennai,14-06-2045,RAC,2,Adult,47,Defense Quota,Confirmed
16-02-2046,1AC,Ladies,Bhavnagar,Surat,17-06-2045,RAC,2,Adult,7,Defense Quota,Confirmed
17-02-2046,2AC,Ladies,Mumbai,Howrah,18-06-2045,Confirmed,2,Child,40,Defense Quota,Confirmed
21-02-2046,Sleeper,General,Lucknow,Navsari,22-06-2045,Confirmed,2,Senior Citizen,31,Senior Citizen,Confirmed
26-02-2046,Sleeper,Tatkal,Bengaluru,Bharuch,27-06-2045,RAC,1,Senior Citizen,25,Defense Quota,Confirmed
27-02-2046,Sleeper,Premium Tatkal,Chennai,Bhavnagar,28-06-2045,Confirmed,3,Child,10,Defense Quota,Confirmed
02-03-2046,2AC,Ladies,New Delhi,Bengaluru,01-07-2045,Confirmed,5,Senior Citizen,13,Senior Citizen,Confirmed
03-03-2046,Sleeper,Premium Tatkal,Bhavnagar,Bengaluru,02-07-2045,RAC,5,Child,9,Senior Citizen,Confirmed
07-03-2046,2AC,General,Ahmedabad,Chennai,06-07-2045,RAC,1,Child,31,Senior Citizen,Confirmed
15-03-2046,Sleeper,Premium Tatkal,Bharuch,Chennai,14-07-2045,Confirmed,4,Child,28,Defense Quota,Confirmed
17-03-2046,3AC,Tatkal,Navsari,Navsari,16-07-2045,Confirmed,2,Senior Citizen,37,None,Confirmed
21-03-2046,Sleeper,Tatkal,Ahmedabad,Bharuch,20-07-2045,Confirmed,3,Adult,30,Senior Citizen,Confirmed
26-03-2046,3AC,Tatkal,Chennai,Bharuch,25-07-2045,Confirmed,2,Child,6,None,Confirmed
01-04-2046,2AC,Premium Tatkal,Ahmedabad,Ahmedabad,31-07-2045,Waitlisted,1,Adult,43,Senior Citizen,Not Confirmed
03-04-2046,1AC,Ladies,New Delhi,Surat,02-08-2045,RAC,4,Adult,25,Defense Quota,Confirmed
07-04-2046,1AC,Ladies,Ahmedabad,Mumbai,06-08-2045,Waitlisted,1,Adult,19,Senior Citizen,Not Confirmed
13-04-2046,2AC,General,Navsari,Mumbai,12-08-2045,Waitlisted,5,Senior Citizen,11,Defense Quota,Not Confirmed
17-04-2046,3AC,General,Bengaluru,Surat,16-08-2045,Confirmed,5,Adult,16,Senior Citizen,Confirmed
21-04-2046,2AC,Tatkal,New Delhi,Surat,20-08-2045,Waitlisted,3,Senior Citizen,15,None,Not Confirmed
22-04-2046,3AC,Tatkal,Ahmedabad,Navsari,21-08-2045,Waitlisted,5,Senior Citizen,12,Defense Quota,Not Confirmed
29-04-2046,1AC,General,Bengaluru,Chennai,28-08-2045,Waitlisted,4,Senior Citizen,39,Defense Quota,Not Confirmed
30-04-2046,2AC,Ladies,Lucknow,Bharuch,29-08-2045,RAC,1,Adult,41,Senior Citizen,Confirmed
07-05-2046,Sleeper,General,Mumbai,Bengaluru,05-09-2045,Confirmed,5,Adult,34,None,Confirmed
17-05-2046,3AC,Premium Tatkal,Bhavnagar,Mumbai,15-09-2045,Waitlisted,4,Senior Citizen,16,Senior Citizen,Not Confirmed
30-05-2046,3AC,Tatkal,Navsari,Bengaluru,28-09-2045,Confirmed,2,Senior Citizen,43,Senior Citizen,Confirmed
01-06-2046,1AC,Ladies,Bengaluru,Bharuch,30-09-2045,Confirmed,2,Senior Citizen,33,None,Confirmed
02-06-2046,3AC,Premium Tatkal,Chennai,Howrah,01-10-2045,Waitlisted,5,Senior Citizen,23,Senior Citizen,Not Confirmed
19-06-2046,Sleeper,General,Surat,Mumbai,18-10-2045,Confirmed,4,Senior Citizen,40,Senior Citizen,Confirmed
23-06-2046,Sleeper,General,Navsari,Howrah,22-10-2045,Waitlisted,1,Senior Citizen,7,None,Not Confirmed
26-06-2046,2AC,Ladies,Lucknow,Ahmedabad,25-10-2045,RAC,4,Child,21,Senior Citizen,Confirmed
03-07-2046,Sleeper,Ladies,Howrah,Bhavnagar,01-11-2045,Waitlisted,1,Child,29,Defense Quota,Not Confirmed
17-07-2046,2AC,Tatkal,Howrah,Mumbai,15-11-2045,Confirmed,5,Child,20,Senior Citizen,Confirmed
19-07-2046,3AC,General,Ahmedabad,Lucknow,17-11-2045,Confirmed,5,Adult,36,Senior Citizen,Confirmed
25-07-2046,1AC,Ladies,Mumbai,New Delhi,23-11-2045,Waitlisted,1,Senior Citizen,15,Senior Citizen,Not Confirmed
29-07-2046,2AC,Ladies,Lucknow,Lucknow,27-11-2045,RAC,2,Adult,46,None,Confirmed
01-08-2046,3AC,Premium Tatkal,Bharuch,Bharuch,30-11-2045,RAC,5,Child,34,None,Confirmed
06-08-2046,Sleeper,General,Navsari,Bharuch,05-12-2045,Confirmed,2,Adult,29,Defense Quota,Confirmed
11-08-2046,Sleeper,General,Ahmedabad,Bhavnagar,10-12-2045,Confirmed,3,Child,42,None,Confirmed
22-08-2046,Sleeper,Ladies,Bhavnagar,Mumbai,21-12-2045,RAC,2,Adult,28,None,Confirmed
25-08-2046,2AC,Tatkal,New Delhi,Chennai,24-12-2045,Confirmed,2,Senior Citizen,25,Senior Citizen,Confirmed
03-09-2046,1AC,Ladies,New Delhi,Lucknow,02-01-2046,RAC,3,Child,25,Senior Citizen,Confirmed
05-09-2046,2AC,Tatkal,Bhavnagar,Mumbai,04-01-2046,Confirmed,2,Child,46,Defense Quota,Confirmed
15-09-2046,2AC,Ladies,Surat,Howrah,14-01-2046,RAC,3,Senior Citizen,26,Senior Citizen,Confirmed
22-09-2046,Sleeper,Ladies,Bharuch,Mumbai,21-01-2046,Confirmed,5,Adult,8,Senior Citizen,Confirmed
26-09-2046,1AC,Premium Tatkal,Chennai,Surat,25-01-2046,RAC,1,Senior Citizen,2,Defense Quota,Confirmed
01-10-2046,Sleeper,Premium Tatkal,New Delhi,Howrah,30-01-2046,Waitlisted,1,Adult,32,Defense Quota,Not Confirmed
02-10-2046,2AC,Tatkal,Mumbai,Navsari,31-01-2046,Waitlisted,1,Child,10,None,Not Confirmed
04-10-2046,1AC,Premium Tatkal,Navsari,New Delhi,02-02-2046,Waitlisted,1,Senior Citizen,15,Defense Quota,Not Confirmed
12-10-2046,2AC,Premium Tatkal,Navsari,Lucknow,10-02-2046,RAC,5,Adult,22,Senior Citizen,Confirmed
13-10-2046,1AC,Ladies,Surat,Surat,11-02-2046,Confirmed,3,Adult,35,Defense Quota,Confirmed
20-10-2046,2AC,Ladies,Surat,Howrah,18-02-2046,RAC,4,Child,39,None,Confirmed
21-10-2046,Sleeper,General,New Delhi,Howrah,19-02-2046,Confirmed,2,Child,3,None,Confirmed
24-10-2046,2AC,Tatkal,Ahmedabad,Bhavnagar,22-02-2046,Confirmed,2,Adult,20,Defense Quota,Confirmed
26-10-2046,Sleeper,Premium Tatkal,Bengaluru,Bengaluru,24-02-2046,RAC,1,Adult,9,Defense Quota,Confirmed
31-10-2046,3AC,Premium Tatkal,New Delhi,Surat,01-03-2046,Waitlisted,3,Senior Citizen,19,Defense Quota,Not Confirmed
06-11-2046,1AC,General,Ahmedabad,Bharuch,07-03-2046,Confirmed,5,Senior Citizen,26,Senior Citizen,Confirmed
24-11-2046,Sleeper,Tatkal,Bhavnagar,Bengaluru,25-03-2046,RAC,4,Adult,21,Senior Citizen,Confirmed
25-11-2046,Sleeper,Ladies,Mumbai,Navsari,26-03-2046,RAC,1,Adult,30,Senior Citizen,Confirmed
26-11-2046,1AC,Ladies,Ahmedabad,Ahmedabad,27-03-2046,RAC,1,Adult,11,None,Confirmed
28-11-2046,Sleeper,Ladies,New Delhi,Chennai,29-03-2046,RAC,1,Senior Citizen,10,Defense Quota,Confirmed
03-12-2046,Sleeper,Premium Tatkal,Chennai,Navsari,03-04-2046,Waitlisted,4,Senior Citizen,26,Defense Quota,Not Confirmed
08-12-2046,2AC,Tatkal,Mumbai,Navsari,08-04-2046,Confirmed,5,Adult,18,None,Confirmed
14-12-2046,3AC,Tatkal,Howrah,Navsari,14-04-2046,RAC,4,Child,43,None,Confirmed
16-12-2046,3AC,Premium Tatkal,Surat,Surat,16-04-2046,Confirmed,5,Child,33,Defense Quota,Confirmed
17-12-2046,3AC,Ladies,Lucknow,Ahmedabad,17-04-2046,Waitlisted,4,Senior Citizen,32,None,Not Confirmed
18-12-2046,Sleeper,General,Mumbai,Chennai,18-04-2046,Confirmed,4,Child,35,Defense Quota,Confirmed
21-12-2046,3AC,Premium Tatkal,Howrah,Chennai,21-04-2046,Confirmed,3,Adult,3,None,Confirmed
22-12-2046,3AC,General,Bhavnagar,Surat,22-04-2046,Waitlisted,1,Child,46,Senior Citizen,Not Confirmed
04-01-2047,1AC,Premium Tatkal,Bhavnagar,Surat,05-05-2046,RAC,2,Senior Citizen,3,None,Confirmed
09-01-2047,1AC,Premium Tatkal,Howrah,New Delhi,10-05-2046,Waitlisted,3,Senior Citizen,37,None,Not Confirmed
23-01-2047,1AC,Tatkal,New Delhi,Mumbai,24-05-2046,RAC,4,Adult,40,Defense Quota,Confirmed
31-01-2047,Sleeper,Premium Tatkal,Howrah,Surat,01-06-2046,RAC,1,Senior Citizen,31,Defense Quota,Confirmed
05-02-2047,Sleeper,General,Ahmedabad,Bhavnagar,06-06-2046,Waitlisted,4,Child,22,Senior Citizen,Not Confirmed
08-02-2047,2AC,Tatkal,Mumbai,Surat,09-06-2046,RAC,4,Child,19,Senior Citizen,Confirmed
11-02-2047,1AC,Tatkal,Lucknow,New Delhi,12-06-2046,RAC,3,Adult,16,Senior Citizen,Confirmed
15-02-2047,3AC,Ladies,Surat,Ahmedabad,16-06-2046,Confirmed,2,Child,40,None,Confirmed
17-02-2047,1AC,Tatkal,Bharuch,Bengaluru,18-06-2046,RAC,4,Adult,29,Defense Quota,Confirmed
19-02-2047,Sleeper,Premium Tatkal,Bhavnagar,Bharuch,20-06-2046,Waitlisted,2,Senior Citizen,39,Defense Quota,Not Confirmed
21-02-2047,2AC,Premium Tatkal,Ahmedabad,Bharuch,22-06-2046,Waitlisted,1,Senior Citizen,6,Senior Citizen,Not Confirmed
22-02-2047,3AC,Premium Tatkal,Navsari,Bharuch,23-06-2046,Waitlisted,5,Senior Citizen,10,Senior Citizen,Not Confirmed
23-02-2047,2AC,Tatkal,Bharuch,Ahmedabad,24-06-2046,Confirmed,3,Child,2,None,Confirmed
02-03-2047,Sleeper,Premium Tatkal,Navsari,Bharuch,01-07-2046,Waitlisted,5,Child,2,Senior Citizen,Not Confirmed
13-03-2047,2AC,Ladies,Lucknow,Chennai,12-07-2046,Waitlisted,1,Child,40,Senior Citizen,Not Confirmed
18-03-2047,2AC,Ladies,Bengaluru,Bengaluru,17-07-2046,Confirmed,1,Senior Citizen,26,Senior Citizen,Confirmed
23-03-2047,Sleeper,Premium Tatkal,Bengaluru,Lucknow,22-07-2046,Confirmed,1,Senior Citizen,7,Defense Quota,Confirmed
24-03-2047,2AC,General,Bengaluru,Chennai,23-07-2046,Confirmed,2,Child,18,None,Confirmed
26-03-2047,Sleeper,General,Bengaluru,Bharuch,25-07-2046,RAC,1,Senior Citizen,18,Senior Citizen,Confirmed
27-03-2047,1AC,General,Ahmedabad,Howrah,26-07-2046,Confirmed,5,Child,23,None,Confirmed
03-04-2047,Sleeper,Tatkal,Mumbai,New Delhi,02-08-2046,RAC,2,Senior Citizen,9,Defense Quota,Confirmed
09-04-2047,3AC,Premium Tatkal,Bharuch,Surat,08-08-2046,RAC,4,Adult,44,None,Confirmed
10-04-2047,2AC,Tatkal,Bengaluru,Surat,09-08-2046,RAC,1,Adult,23,Defense Quota,Confirmed
13-04-2047,1AC,Premium Tatkal,Bhavnagar,New Delhi,12-08-2046,Confirmed,5,Child,32,None,Confirmed
19-04-2047,1AC,Premium Tatkal,Bhavnagar,Howrah,18-08-2046,Waitlisted,1,Child,13,Senior Citizen,Not Confirmed
24-04-2047,3AC,Tatkal,Bengaluru,Bharuch,23-08-2046,Waitlisted,2,Child,47,None,Not Confirmed
27-04-2047,Sleeper,General,New Delhi,Navsari,26-08-2046,RAC,3,Senior Citizen,44,None,Confirmed
06-05-2047,3AC,Ladies,New Delhi,Chennai,04-09-2046,RAC,1,Senior Citizen,43,None,Confirmed
13-05-2047,Sleeper,Tatkal,Mumbai,Bhavnagar,11-09-2046,Waitlisted,2,Adult,26,None,Not Confirmed
19-05-2047,1AC,Tatkal,Bharuch,Mumbai,17-09-2046,RAC,3,Child,13,None,Confirmed
29-05-2047,1AC,Premium Tatkal,Navsari,Mumbai,27-09-2046,Waitlisted,5,Adult,6,Defense Quota,Not Confirmed
01-06-2047,Sleeper,General,Mumbai,Bharuch,30-09-2046,RAC,3,Senior Citizen,26,Senior Citizen,Confirmed
03-06-2047,Sleeper,General,Bhavnagar,Surat,02-10-2046,Confirmed,4,Child,18,Defense Quota,Confirmed
04-06-2047,3AC,General,Lucknow,Howrah,03-10-2046,Confirmed,3,Adult,38,Senior Citizen,Confirmed
06-06-2047,2AC,Ladies,Mumbai,Navsari,05-10-2046,RAC,4,Child,22,None,Confirmed
11-06-2047,1AC,General,Bharuch,Ahmedabad,10-10-2046,RAC,1,Senior Citizen,43,Defense Quota,Confirmed
14-06-2047,2AC,Premium Tatkal,Lucknow,Mumbai,13-10-2046,RAC,2,Child,40,Senior Citizen,Confirmed
15-06-2047,Sleeper,Ladies,Bharuch,Mumbai,14-10-2046,Waitlisted,2,Adult,34,Senior Citizen,Not Confirmed
18-06-2047,2AC,Tatkal,Howrah,Surat,17-10-2046,Confirmed,4,Senior Citizen,40,Defense Quota,Confirmed
21-06-2047,3AC,General,Bhavnagar,Ahmedabad,20-10-2046,Confirmed,5,Adult,15,Defense Quota,Confirmed
26-06-2047,3AC,Ladies,Ahmedabad,Howrah,25-10-2046,Confirmed,2,Senior Citizen,47,None,Confirmed
27-06-2047,3AC,Ladies,Surat,Bengaluru,26-10-2046,Confirmed,3,Senior Citizen,33,Senior Citizen,Confirmed
29-06-2047,1AC,Ladies,New Delhi,New Delhi,28-10-2046,Waitlisted,3,Adult,26,Senior Citizen,Not Confirmed
30-06-2047,1AC,Tatkal,Ahmedabad,Chennai,29-10-2046,RAC,4,Adult,13,None,Confirmed
02-07-2047,3AC,Premium Tatkal,Bengaluru,Surat,31-10-2046,Waitlisted,4,Adult,19,Defense Quota,Not Confirmed
03-07-2047,3AC,Tatkal,Howrah,Mumbai,01-11-2046,Confirmed,5,Child,47,None,Confirmed
05-07-2047,3AC,Ladies,Mumbai,Lucknow,03-11-2046,Confirmed,2,Child,22,Senior Citizen,Confirmed
07-07-2047,2AC,General,Chennai,Navsari,05-11-2046,Waitlisted,4,Child,42,None,Not Confirmed
08-07-2047,1AC,Ladies,Navsari,Surat,06-11-2046,Confirmed,2,Child,21,None,Confirmed
21-07-2047,2AC,Premium Tatkal,Surat,Howrah,19-11-2046,Waitlisted,3,Adult,33,Senior Citizen,Not Confirmed
30-07-2047,Sleeper,Tatkal,Bharuch,Lucknow,28-11-2046,RAC,3,Child,18,Senior Citizen,Confirmed
02-08-2047,3AC,Tatkal,Howrah,Lucknow,01-12-2046,Confirmed,1,Senior Citizen,11,Senior Citizen,Confirmed
06-08-2047,3AC,General,Bengaluru,Navsari,05-12-2046,Waitlisted,4,Senior Citizen,21,None,Not Confirmed
07-08-2047,3AC,Premium Tatkal,Navsari,Bengaluru,06-12-2046,RAC,2,Adult,38,Defense Quota,Confirmed
08-08-2047,2AC,Premium Tatkal,Bengaluru,Chennai,07-12-2046,RAC,4,Child,41,None,Confirmed
12-08-2047,3AC,Premium Tatkal,Mumbai,Ahmedabad,11-12-2046,Confirmed,3,Senior Citizen,35,Senior Citizen,Confirmed
18-08-2047,Sleeper,Premium Tatkal,Ahmedabad,Mumbai,17-12-2046,Confirmed,3,Adult,46,Senior Citizen,Confirmed
02-09-2047,1AC,Tatkal,Chennai,Lucknow,01-01-2047,RAC,4,Adult,28,Defense Quota,Confirmed
04-09-2047,1AC,General,New Delhi,Bhavnagar,03-01-2047,RAC,3,Child,10,Senior Citizen,Confirmed
05-09-2047,3AC,General,Bharuch,Surat,04-01-2047,Waitlisted,4,Adult,5,Senior Citizen,Not Confirmed
08-09-2047,1AC,Tatkal,Chennai,Surat,07-01-2047,RAC,5,Child,8,None,Confirmed
09-09-2047,1AC,General,Bhavnagar,Mumbai,08-01-2047,Waitlisted,2,Senior Citizen,5,Senior Citizen,Not Confirmed
18-09-2047,Sleeper,Tatkal,New Delhi,Navsari,17-01-2047,Waitlisted,5,Adult,46,Defense Quota,Not Confirmed
22-09-2047,Sleeper,Ladies,Howrah,Bhavnagar,21-01-2047,RAC,5,Senior Citizen,47,Defense Quota,Confirmed
24-09-2047,1AC,Premium Tatkal,Lucknow,Ahmedabad,23-01-2047,Confirmed,1,Child,26,Senior Citizen,Confirmed
26-09-2047,2AC,Premium Tatkal,Bengaluru,Chennai,25-01-2047,Waitlisted,5,Child,37,Senior Citizen,Not Confirmed
28-09-2047,1AC,Premium Tatkal,Mumbai,Chennai,27-01-2047,Confirmed,4,Senior Citizen,29,None,Confirmed
29-09-2047,2AC,General,Surat,Lucknow,28-01-2047,RAC,4,Senior Citizen,39,Senior Citizen,Confirmed
04-10-2047,1AC,General,Bengaluru,Howrah,02-02-2047,RAC,4,Child,8,Senior Citizen,Confirmed
08-10-2047,3AC,Ladies,Chennai,Lucknow,06-02-2047,Waitlisted,4,Adult,22,Senior Citizen,Not Confirmed
10-10-2047,2AC,Ladies,Bhavnagar,Ahmedabad,08-02-2047,Waitlisted,4,Adult,10,None,Not Confirmed
14-10-2047,Sleeper,Ladies,Bharuch,Ahmedabad,12-02-2047,RAC,4,Senior Citizen,40,Senior Citizen,Confirmed
15-10-2047,1AC,General,Howrah,Bhavnagar,13-02-2047,Waitlisted,5,Adult,30,Senior Citizen,Not Confirmed
17-10-2047,1AC,Tatkal,Lucknow,Lucknow,15-02-2047,Confirmed,3,Senior Citizen,33,None,Confirmed
25-10-2047,Sleeper,Premium Tatkal,Surat,Howrah,23-02-2047,Confirmed,5,Adult,45,Defense Quota,Confirmed
29-10-2047,1AC,Premium Tatkal,Lucknow,Bengaluru,27-02-2047,Waitlisted,4,Adult,28,None,Not Confirmed
31-10-2047,Sleeper,Ladies,New Delhi,Chennai,01-03-2047,RAC,5,Adult,27,Senior Citizen,Confirmed
05-11-2047,3AC,Premium Tatkal,Navsari,Navsari,06-03-2047,Waitlisted,2,Adult,26,None,Not Confirmed
09-11-2047,1AC,Premium Tatkal,Surat,Mumbai,10-03-2047,Confirmed,2,Senior Citizen,11,Senior Citizen,Confirmed
13-11-2047,3AC,Tatkal,Lucknow,Bengaluru,14-03-2047,Waitlisted,1,Adult,20,Senior Citizen,Not Confirmed
23-11-2047,2AC,General,New Delhi,Ahmedabad,24-03-2047,RAC,1,Senior Citizen,36,None,Confirmed
28-11-2047,1AC,Ladies,Ahmedabad,Surat,29-03-2047,Confirmed,5,Child,38,Defense Quota,Confirmed
02-12-2047,1AC,Premium Tatkal,Navsari,Surat,02-04-2047,Confirmed,3,Adult,40,Defense Quota,Confirmed
10-12-2047,Sleeper,Tatkal,Chennai,Bharuch,10-04-2047,Waitlisted,1,Child,35,Defense Quota,Not Confirmed
25-12-2047,Sleeper,Ladies,Chennai,Navsari,25-04-2047,Confirmed,2,Child,38,Defense Quota,Confirmed
30-12-2047,Sleeper,Tatkal,Bharuch,New Delhi,30-04-2047,Confirmed,4,Adult,42,Defense Quota,Confirmed
11-01-2048,2AC,Ladies,New Delhi,New Delhi,12-05-2047,Confirmed,4,Adult,18,Defense Quota,Confirmed
12-01-2048,3AC,General,Navsari,Bharuch,13-05-2047,Waitlisted,1,Child,24,Defense Quota,Not Confirmed
13-01-2048,2AC,Ladies,New Delhi,Bhavnagar,14-05-2047,RAC,4,Child,38,Defense Quota,Confirmed
18-01-2048,1AC,Premium Tatkal,Ahmedabad,New Delhi,19-05-2047,Confirmed,3,Adult,3,Defense Quota,Confirmed
19-01-2048,Sleeper,General,Lucknow,Ahmedabad,20-05-2047,RAC,3,Senior Citizen,7,None,Confirmed
28-01-2048,3AC,General,Bengaluru,Surat,29-05-2047,Confirmed,2,Child,7,Defense Quota,Confirmed
31-01-2048,3AC,General,Howrah,Bhavnagar,01-06-2047,RAC,3,Senior Citizen,15,Senior Citizen,Confirmed
01-02-2048,2AC,Ladies,Chennai,Ahmedabad,02-06-2047,RAC,3,Senior Citizen,41,None,Confirmed
05-02-2048,3AC,General,Surat,Navsari,06-06-2047,Confirmed,5,Child,46,Senior Citizen,Confirmed
07-02-2048,2AC,Premium Tatkal,Lucknow,Surat,08-06-2047,Waitlisted,5,Child,9,Senior Citizen,Not Confirmed
11-02-2048,3AC,Tatkal,Navsari,Bhavnagar,12-06-2047,Confirmed,2,Adult,19,None,Confirmed
13-02-2048,1AC,Tatkal,Chennai,Surat,14-06-2047,RAC,2,Child,33,Senior Citizen,Confirmed
17-02-2048,1AC,Ladies,Bharuch,Bhavnagar,18-06-2047,RAC,5,Senior Citizen,20,None,Confirmed
19-02-2048,Sleeper,Tatkal,New Delhi,Howrah,20-06-2047,Confirmed,5,Senior Citizen,32,None,Confirmed
21-02-2048,Sleeper,Tatkal,Navsari,Bengaluru,22-06-2047,Waitlisted,3,Senior Citizen,38,Senior Citizen,Not Confirmed
28-02-2048,1AC,Ladies,Bengaluru,Bhavnagar,29-06-2047,Confirmed,1,Senior Citizen,11,Defense Quota,Confirmed
05-03-2048,1AC,General,Surat,Navsari,05-07-2047,Confirmed,4,Child,33,Senior Citizen,Confirmed
07-03-2048,3AC,Premium Tatkal,Ahmedabad,Navsari,07-07-2047,Waitlisted,1,Senior Citizen,30,Senior Citizen,Not Confirmed
11-03-2048,Sleeper,General,Navsari,Navsari,11-07-2047,RAC,1,Child,19,None,Confirmed
15-03-2048,1AC,Ladies,Ahmedabad,Bhavnagar,15-07-2047,RAC,3,Child,5,Senior Citizen,Confirmed
22-03-2048,Sleeper,General,Bengaluru,New Delhi,22-07-2047,Waitlisted,1,Senior Citizen,7,Senior Citizen,Not Confirmed
24-03-2048,Sleeper,General,Mumbai,Ahmedabad,24-07-2047,RAC,1,Adult,20,Defense Quota,Confirmed
27-03-2048,Sleeper,Premium Tatkal,New Delhi,New Delhi,27-07-2047,Confirmed,3,Adult,33,Senior Citizen,Confirmed
30-03-2048,2AC,Ladies,Mumbai,Navsari,30-07-2047,Confirmed,4,Child,35,Defense Quota,Confirmed
01-04-2048,Sleeper,Premium Tatkal,New Delhi,Bengaluru,01-08-2047,Confirmed,4,Adult,47,Senior Citizen,Confirmed
05-04-2048,1AC,Ladies,New Delhi,Bhavnagar,05-08-2047,Confirmed,3,Adult,28,Defense Quota,Confirmed
11-04-2048,3AC,General,New Delhi,Lucknow,11-08-2047,RAC,3,Child,15,Senior Citizen,Confirmed
25-04-2048,3AC,General,Surat,Chennai,25-08-2047,Waitlisted,4,Adult,40,Defense Quota,Not Confirmed
26-04-2048,2AC,General,Lucknow,Bhavnagar,26-08-2047,Waitlisted,5,Adult,34,Defense Quota,Not Confirmed
27-04-2048,3AC,Ladies,New Delhi,Surat,27-08-2047,RAC,3,Senior Citizen,46,None,Confirmed
28-04-2048,2AC,Premium Tatkal,Bharuch,Howrah,28-08-2047,RAC,1,Child,42,Defense Quota,Confirmed
24-05-2048,Sleeper,Premium Tatkal,Navsari,Bharuch,23-09-2047,Waitlisted,2,Adult,46,Defense Quota,Not Confirmed
25-05-2048,3AC,Ladies,Navsari,Bengaluru,24-09-2047,Confirmed,5,Adult,33,None,Confirmed
10-06-2048,2AC,Tatkal,Bengaluru,Mumbai,10-10-2047,Waitlisted,1,Child,4,Senior Citizen,Not Confirmed
14-06-2048,2AC,Premium Tatkal,Chennai,Bengaluru,14-10-2047,RAC,5,Adult,26,Defense Quota,Confirmed
16-06-2048,Sleeper,Premium Tatkal,Lucknow,New Delhi,16-10-2047,Confirmed,3,Adult,41,Senior Citizen,Confirmed
17-06-2048,Sleeper,General,Ahmedabad,Bhavnagar,17-10-2047,RAC,4,Adult,25,Defense Quota,Confirmed
20-06-2048,Sleeper,Premium Tatkal,Surat,Bhavnagar,20-10-2047,RAC,1,Senior Citizen,10,None,Confirmed
23-06-2048,3AC,Tatkal,Ahmedabad,Ahmedabad,23-10-2047,Confirmed,2,Adult,26,Defense Quota,Confirmed
24-06-2048,3AC,Premium Tatkal,Howrah,Surat,24-10-2047,Confirmed,1,Adult,24,None,Confirmed
03-07-2048,3AC,Ladies,Howrah,Bengaluru,02-11-2047,Confirmed,4,Senior Citizen,44,Defense Quota,Confirmed
05-07-2048,Sleeper,General,Lucknow,New Delhi,04-11-2047,Confirmed,1,Senior Citizen,27,None,Confirmed
15-07-2048,Sleeper,Tatkal,Surat,Navsari,14-11-2047,RAC,4,Child,31,Senior Citizen,Confirmed
23-07-2048,1AC,Ladies,Navsari,Bengaluru,22-11-2047,Confirmed,4,Adult,3,Defense Quota,Confirmed
31-07-2048,3AC,Premium Tatkal,Navsari,Bengaluru,30-11-2047,Confirmed,4,Child,19,Defense Quota,Confirmed
13-08-2048,2AC,Tatkal,Bhavnagar,Ahmedabad,13-12-2047,Confirmed,5,Senior Citizen,7,Defense Quota,Confirmed
20-08-2048,Sleeper,Tatkal,Bharuch,Bhavnagar,20-12-2047,Waitlisted,4,Senior Citizen,45,Defense Quota,Not Confirmed
25-08-2048,3AC,General,Chennai,Chennai,25-12-2047,Waitlisted,2,Adult,44,Defense Quota,Not Confirmed
28-08-2048,1AC,Ladies,Surat,Howrah,28-12-2047,Waitlisted,5,Child,18,Senior Citizen,Not Confirmed
30-08-2048,2AC,Premium Tatkal,Mumbai,Bharuch,30-12-2047,RAC,4,Adult,11,Senior Citizen,Confirmed
07-09-2048,1AC,Tatkal,Chennai,Howrah,07-01-2048,Waitlisted,5,Child,6,None,Not Confirmed
11-09-2048,1AC,Ladies,Navsari,Mumbai,11-01-2048,Confirmed,3,Senior Citizen,19,None,Confirmed
16-09-2048,1AC,General,Howrah,Bharuch,16-01-2048,Waitlisted,5,Adult,13,Defense Quota,Not Confirmed
03-10-2048,Sleeper,Premium Tatkal,Lucknow,Lucknow,02-02-2048,RAC,1,Senior Citizen,23,Defense Quota,Confirmed
05-10-2048,Sleeper,General,Howrah,Mumbai,04-02-2048,Confirmed,4,Adult,7,Defense Quota,Confirmed
08-10-2048,Sleeper,Premium Tatkal,Howrah,New Delhi,07-02-2048,Waitlisted,1,Adult,18,Senior Citizen,Not Confirmed
17-10-2048,3AC,Tatkal,Bharuch,Ahmedabad,16-02-2048,RAC,4,Senior Citizen,26,Senior Citizen,Confirmed
22-10-2048,1AC,General,New Delhi,Mumbai,21-02-2048,Confirmed,4,Child,10,None,Confirmed
23-10-2048,1AC,General,Bengaluru,Mumbai,22-02-2048,RAC,3,Child,47,None,Confirmed
26-10-2048,2AC,Tatkal,Navsari,Surat,25-02-2048,Waitlisted,4,Senior Citizen,8,Senior Citizen,Not Confirmed
30-10-2048,Sleeper,General,Ahmedabad,Bhavnagar,29-02-2048,Waitlisted,3,Child,17,Senior Citizen,Not Confirmed
01-11-2048,1AC,Ladies,Bharuch,New Delhi,02-03-2048,Confirmed,5,Adult,27,None,Confirmed
03-11-2048,2AC,General,Howrah,Lucknow,04-03-2048,RAC,2,Senior Citizen,42,Senior Citizen,Confirmed
04-11-2048,1AC,General,Ahmedabad,Surat,05-03-2048,RAC,1,Child,17,Senior Citizen,Confirmed
06-11-2048,3AC,General,Bharuch,Bharuch,07-03-2048,Confirmed,4,Child,41,Defense Quota,Confirmed
09-11-2048,Sleeper,Ladies,New Delhi,Ahmedabad,10-03-2048,Confirmed,2,Adult,15,Senior Citizen,Confirmed
12-11-2048,3AC,Premium Tatkal,Bharuch,Chennai,13-03-2048,Confirmed,3,Child,8,None,Confirmed
23-11-2048,2AC,Tatkal,New Delhi,Bengaluru,24-03-2048,Confirmed,5,Child,21,Defense Quota,Confirmed
01-12-2048,3AC,Premium Tatkal,Chennai,Bharuch,01-04-2048,RAC,2,Child,29,Senior Citizen,Confirmed
02-12-2048,Sleeper,General,Howrah,Navsari,02-04-2048,Waitlisted,5,Senior Citizen,44,Defense Quota,Not Confirmed
06-12-2048,Sleeper,General,Bhavnagar,New Delhi,06-04-2048,Confirmed,1,Adult,39,Defense Quota,Confirmed
07-12-2048,1AC,Premium Tatkal,Lucknow,Lucknow,07-04-2048,RAC,5,Adult,14,None,Confirmed
09-12-2048,1AC,Premium Tatkal,Bharuch,Bharuch,09-04-2048,RAC,4,Senior Citizen,8,None,Confirmed
19-12-2048,2AC,Tatkal,Bengaluru,Bhavnagar,19-04-2048,Waitlisted,2,Adult,30,None,Not Confirmed
26-12-2048,2AC,Ladies,Howrah,Bhavnagar,26-04-2048,Confirmed,3,Child,40,Defense Quota,Confirmed
29-12-2048,1AC,General,New Delhi,Bhavnagar,29-04-2048,Confirmed,3,Child,39,Defense Quota,Confirmed
01-01-2049,3AC,Ladies,Howrah,Howrah,02-05-2048,Waitlisted,2,Adult,7,Senior Citizen,Not Confirmed
03-01-2049,2AC,Tatkal,Mumbai,Howrah,04-05-2048,Confirmed,4,Adult,14,None,Confirmed
17-01-2049,1AC,Tatkal,Bengaluru,Navsari,18-05-2048,Waitlisted,5,Adult,33,Senior Citizen,Not Confirmed
18-01-2049,Sleeper,General,New Delhi,Ahmedabad,19-05-2048,Confirmed,4,Senior Citizen,47,Senior Citizen,Confirmed
19-01-2049,3AC,Ladies,Chennai,Ahmedabad,20-05-2048,RAC,3,Adult,16,Defense Quota,Confirmed
21-01-2049,3AC,Premium Tatkal,New Delhi,Bhavnagar,22-05-2048,Waitlisted,5,Adult,29,Senior Citizen,Not Confirmed
22-01-2049,2AC,General,Chennai,Lucknow,23-05-2048,RAC,1,Child,12,None,Confirmed
24-01-2049,2AC,Ladies,Navsari,Bhavnagar,25-05-2048,RAC,4,Senior Citizen,34,Defense Quota,Confirmed
03-02-2049,3AC,Tatkal,Navsari,Bharuch,04-06-2048,RAC,2,Child,12,Senior Citizen,Confirmed
04-02-2049,2AC,General,Mumbai,Surat,05-06-2048,Confirmed,5,Senior Citizen,47,None,Confirmed
05-02-2049,3AC,Premium Tatkal,Surat,Navsari,06-06-2048,Waitlisted,1,Child,24,Defense Quota,Not Confirmed
10-02-2049,2AC,Ladies,Surat,Mumbai,11-06-2048,RAC,2,Senior Citizen,15,Defense Quota,Confirmed
11-02-2049,2AC,Ladies,Bharuch,Chennai,12-06-2048,RAC,5,Adult,45,Senior Citizen,Confirmed
17-02-2049,2AC,Tatkal,Howrah,Chennai,18-06-2048,RAC,3,Adult,26,Senior Citizen,Confirmed
26-02-2049,1AC,General,Bharuch,Bengaluru,27-06-2048,RAC,5,Child,5,Senior Citizen,Confirmed
05-03-2049,1AC,Tatkal,Surat,Howrah,04-07-2048,Confirmed,4,Senior Citizen,25,Senior Citizen,Confirmed
13-03-2049,1AC,Premium Tatkal,Chennai,Lucknow,12-07-2048,Confirmed,4,Adult,12,Defense Quota,Confirmed
16-03-2049,1AC,Tatkal,Mumbai,Mumbai,15-07-2048,Confirmed,1,Child,24,Senior Citizen,Confirmed
20-03-2049,3AC,General,New Delhi,Mumbai,19-07-2048,Confirmed,3,Adult,34,None,Confirmed
23-03-2049,Sleeper,Ladies,Bhavnagar,Lucknow,22-07-2048,RAC,2,Senior Citizen,14,None,Confirmed
28-03-2049,3AC,Premium Tatkal,Chennai,Ahmedabad,27-07-2048,Waitlisted,5,Senior Citizen,30,Senior Citizen,Not Confirmed
29-03-2049,3AC,Tatkal,Howrah,Mumbai,28-07-2048,Waitlisted,1,Senior Citizen,30,Defense Quota,Not Confirmed
31-03-2049,1AC,Premium Tatkal,Howrah,Bengaluru,30-07-2048,Waitlisted,2,Senior Citizen,24,Defense Quota,Not Confirmed
19-04-2049,1AC,Premium Tatkal,Bengaluru,Bengaluru,18-08-2048,Waitlisted,3,Child,10,Senior Citizen,Not Confirmed
23-04-2049,3AC,Premium Tatkal,Howrah,Mumbai,22-08-2048,Waitlisted,2,Senior Citizen,14,Senior Citizen,Not Confirmed
30-04-2049,2AC,Tatkal,Navsari,New Delhi,29-08-2048,Waitlisted,3,Adult,26,Defense Quota,Not Confirmed
10-05-2049,2AC,General,Bharuch,Surat,08-09-2048,RAC,4,Senior Citizen,17,Senior Citizen,Confirmed
11-05-2049,2AC,Ladies,Bhavnagar,Surat,09-09-2048,Waitlisted,2,Senior Citizen,5,Defense Quota,Not Confirmed
14-05-2049,1AC,Premium Tatkal,New Delhi,Lucknow,12-09-2048,RAC,2,Adult,18,Defense Quota,Confirmed
23-05-2049,Sleeper,General,Navsari,Bharuch,21-09-2048,RAC,4,Senior Citizen,12,Defense Quota,Confirmed
24-05-2049,1AC,Tatkal,Howrah,Chennai,22-09-2048,Waitlisted,5,Child,42,None,Not Confirmed
29-05-2049,3AC,Premium Tatkal,Howrah,Howrah,27-09-2048,RAC,4,Child,37,None,Confirmed
30-05-2049,3AC,Tatkal,Bengaluru,Mumbai,28-09-2048,Waitlisted,3,Adult,42,Defense Quota,Not Confirmed
02-06-2049,1AC,General,Bharuch,Lucknow,01-10-2048,Confirmed,2,Senior Citizen,10,Senior Citizen,Confirmed
06-06-2049,Sleeper,Premium Tatkal,New Delhi,Lucknow,05-10-2048,Waitlisted,1,Child,42,Defense Quota,Not Confirmed
09-06-2049,3AC,Tatkal,Howrah,Howrah,08-10-2048,RAC,4,Senior Citizen,31,Senior Citizen,Confirmed
10-06-2049,3AC,Ladies,Mumbai,Bharuch,09-10-2048,RAC,3,Child,8,Senior Citizen,Confirmed
12-06-2049,Sleeper,Ladies,Bhavnagar,New Delhi,11-10-2048,RAC,5,Child,2,None,Confirmed
20-06-2049,Sleeper,General,Chennai,Lucknow,19-10-2048,RAC,1,Child,47,Senior Citizen,Confirmed
23-06-2049,1AC,Premium Tatkal,Bengaluru,Howrah,22-10-2048,RAC,4,Child,42,Defense Quota,Confirmed
28-06-2049,1AC,Tatkal,Howrah,Mumbai,27-10-2048,Waitlisted,2,Adult,20,Senior Citizen,Not Confirmed
05-07-2049,1AC,Tatkal,Bhavnagar,Bengaluru,03-11-2048,RAC,1,Adult,15,Defense Quota,Confirmed
06-07-2049,Sleeper,Ladies,Ahmedabad,Chennai,04-11-2048,Waitlisted,3,Child,36,None,Not Confirmed
17-07-2049,1AC,Premium Tatkal,Navsari,Mumbai,15-11-2048,Confirmed,5,Adult,20,Senior Citizen,Confirmed
24-07-2049,3AC,Ladies,Howrah,Navsari,22-11-2048,RAC,2,Adult,46,Senior Citizen,Confirmed
25-07-2049,3AC,Ladies,Bharuch,New Delhi,23-11-2048,RAC,2,Child,42,None,Confirmed
26-07-2049,Sleeper,Tatkal,New Delhi,Mumbai,24-11-2048,RAC,2,Adult,15,Defense Quota,Confirmed
01-08-2049,1AC,Premium Tatkal,Chennai,Lucknow,30-11-2048,Waitlisted,5,Senior Citizen,30,Senior Citizen,Not Confirmed
04-08-2049,2AC,Premium Tatkal,Lucknow,Bharuch,03-12-2048,RAC,3,Senior Citizen,38,Defense Quota,Confirmed
12-08-2049,2AC,General,Chennai,Howrah,11-12-2048,RAC,1,Adult,32,None,Confirmed
15-08-2049,3AC,General,Navsari,Mumbai,14-12-2048,RAC,2,Child,16,Defense Quota,Confirmed
27-08-2049,2AC,Premium Tatkal,Ahmedabad,Bengaluru,26-12-2048,Waitlisted,5,Adult,31,Defense Quota,Not Confirmed
28-08-2049,Sleeper,Ladies,Bharuch,Lucknow,27-12-2048,RAC,3,Adult,21,None,Confirmed
29-08-2049,2AC,Premium Tatkal,Bhavnagar,Navsari,28-12-2048,Waitlisted,4,Adult,16,None,Not Confirmed
30-08-2049,Sleeper,Premium Tatkal,Mumbai,Howrah,29-12-2048,Waitlisted,3,Adult,17,Defense Quota,Not Confirmed
01-09-2049,1AC,General,Ahmedabad,Navsari,31-12-2048,Confirmed,3,Child,5,Senior Citizen,Confirmed
07-09-2049,1AC,Tatkal,Chennai,Ahmedabad,06-01-2049,Waitlisted,4,Child,42,None,Not Confirmed
12-09-2049,1AC,Tatkal,Ahmedabad,Bengaluru,11-01-2049,RAC,3,Senior Citizen,23,Senior Citizen,Confirmed
15-09-2049,Sleeper,Ladies,Bhavnagar,Bhavnagar,14-01-2049,RAC,5,Child,43,Senior Citizen,Confirmed
17-09-2049,1AC,Premium Tatkal,Lucknow,Bengaluru,16-01-2049,Confirmed,5,Child,42,Senior Citizen,Confirmed
25-09-2049,2AC,General,Bharuch,New Delhi,24-01-2049,RAC,5,Child,33,None,Confirmed
28-09-2049,Sleeper,Premium Tatkal,Ahmedabad,Bengaluru,27-01-2049,Confirmed,1,Child,41,None,Confirmed
30-09-2049,3AC,Premium Tatkal,Chennai,Bengaluru,29-01-2049,RAC,5,Child,42,None,Confirmed
01-10-2049,1AC,Premium Tatkal,Navsari,Navsari,30-01-2049,Confirmed,5,Senior Citizen,41,Defense Quota,Confirmed
03-10-2049,3AC,Premium Tatkal,Mumbai,Chennai,01-02-2049,Confirmed,3,Child,42,Senior Citizen,Confirmed
12-10-2049,Sleeper,General,Navsari,Bhavnagar,10-02-2049,RAC,3,Adult,31,None,Confirmed
13-10-2049,3AC,Premium Tatkal,Bhavnagar,Lucknow,11-02-2049,Confirmed,2,Senior Citizen,9,Defense Quota,Confirmed
15-10-2049,1AC,Premium Tatkal,Lucknow,Bhavnagar,13-02-2049,RAC,1,Child,40,Senior Citizen,Confirmed
17-10-2049,3AC,Ladies,Lucknow,Mumbai,15-02-2049,RAC,4,Senior Citizen,31,None,Confirmed
18-10-2049,Sleeper,Premium Tatkal,New Delhi,Chennai,16-02-2049,RAC,3,Adult,5,Senior Citizen,Confirmed
21-10-2049,1AC,Tatkal,Surat,Mumbai,19-02-2049,Waitlisted,2,Senior Citizen,22,Defense Quota,Not Confirmed
25-10-2049,2AC,Tatkal,New Delhi,New Delhi,23-02-2049,Waitlisted,5,Child,43,Senior Citizen,Not Confirmed
29-10-2049,1AC,Ladies,Surat,Howrah,27-02-2049,Confirmed,5,Child,21,None,Confirmed
31-10-2049,3AC,Ladies,Bhavnagar,Navsari,01-03-2049,Confirmed,3,Adult,23,Defense Quota,Confirmed
07-11-2049,Sleeper,Tatkal,Bharuch,Surat,08-03-2049,Confirmed,3,Senior Citizen,40,Senior Citizen,Confirmed
10-11-2049,2AC,Ladies,New Delhi,Surat,11-03-2049,Waitlisted,3,Senior Citizen,12,Senior Citizen,Not Confirmed
11-11-2049,2AC,Ladies,Lucknow,Navsari,12-03-2049,RAC,2,Adult,35,Senior Citizen,Confirmed
12-11-2049,2AC,Premium Tatkal,Bharuch,Ahmedabad,13-03-2049,RAC,5,Senior Citizen,34,Senior Citizen,Confirmed
21-11-2049,3AC,Ladies,Chennai,Mumbai,22-03-2049,Confirmed,1,Senior Citizen,39,Senior Citizen,Confirmed
24-11-2049,1AC,Tatkal,Bhavnagar,Navsari,25-03-2049,RAC,3,Child,43,None,Confirmed
07-12-2049,2AC,Premium Tatkal,Bharuch,Surat,07-04-2049,RAC,5,Senior Citizen,35,Defense Quota,Confirmed
08-12-2049,1AC,Ladies,Navsari,Ahmedabad,08-04-2049,Confirmed,3,Adult,37,Senior Citizen,Confirmed
14-12-2049,Sleeper,Premium Tatkal,Lucknow,Bharuch,14-04-2049,Waitlisted,2,Senior Citizen,18,Senior Citizen,Not Confirmed
16-12-2049,Sleeper,Premium Tatkal,Surat,Bengaluru,16-04-2049,Waitlisted,2,Child,43,Defense Quota,Not Confirmed
20-12-2049,2AC,General,New Delhi,Ahmedabad,20-04-2049,RAC,1,Child,35,Defense Quota,Confirmed
25-12-2049,3AC,Tatkal,Bharuch,Surat,25-04-2049,Confirmed,5,Child,16,None,Confirmed
26-12-2049,Sleeper,General,Mumbai,Navsari,26-04-2049,RAC,2,Child,2,None,Confirmed
02-01-2050,Sleeper,Tatkal,Howrah,Bengaluru,03-05-2049,RAC,4,Senior Citizen,46,Senior Citizen,Confirmed
11-01-2050,3AC,Ladies,Bengaluru,Navsari,12-05-2049,Confirmed,1,Senior Citizen,2,Senior Citizen,Confirmed
15-01-2050,Sleeper,Tatkal,New Delhi,Howrah,16-05-2049,Waitlisted,3,Senior Citizen,16,None,Not Confirmed
17-01-2050,3AC,Ladies,Ahmedabad,Ahmedabad,18-05-2049,Waitlisted,3,Senior Citizen,37,Defense Quota,Not Confirmed
22-01-2050,3AC,Premium Tatkal,Bharuch,Lucknow,23-05-2049,RAC,2,Senior Citizen,33,Senior Citizen,Confirmed
24-01-2050,2AC,General,Bhavnagar,Surat,25-05-2049,Waitlisted,5,Adult,32,None,Not Confirmed
30-01-2050,3AC,Tatkal,Mumbai,Bengaluru,31-05-2049,Confirmed,2,Child,25,Senior Citizen,Confirmed
03-02-2050,1AC,Tatkal,Chennai,Bhavnagar,04-06-2049,RAC,2,Adult,43,Senior Citizen,Confirmed
05-02-2050,2AC,Premium Tatkal,Lucknow,Bengaluru,06-06-2049,RAC,3,Child,29,Defense Quota,Confirmed
07-02-2050,2AC,General,Bharuch,Chennai,08-06-2049,RAC,4,Child,11,None,Confirmed
08-02-2050,2AC,Ladies,Bhavnagar,Mumbai,09-06-2049,Confirmed,4,Adult,42,Senior Citizen,Confirmed
10-02-2050,3AC,Tatkal,Lucknow,Bharuch,11-06-2049,Confirmed,3,Adult,4,Senior Citizen,Confirmed
11-02-2050,3AC,Ladies,Howrah,Bharuch,12-06-2049,RAC,3,Child,39,None,Confirmed
14-02-2050,3AC,Tatkal,Ahmedabad,Mumbai,15-06-2049,Confirmed,5,Senior Citizen,11,Senior Citizen,Confirmed
04-03-2050,1AC,Premium Tatkal,Lucknow,Lucknow,03-07-2049,Waitlisted,1,Adult,11,Defense Quota,Not Confirmed
09-03-2050,2AC,General,New Delhi,Mumbai,08-07-2049,RAC,1,Adult,25,Senior Citizen,Confirmed
14-03-2050,3AC,Tatkal,Bharuch,Surat,13-07-2049,Confirmed,2,Senior Citizen,45,None,Confirmed
15-03-2050,2AC,Premium Tatkal,Chennai,Lucknow,14-07-2049,RAC,4,Adult,8,Defense Quota,Confirmed
23-03-2050,Sleeper,Tatkal,Howrah,Bengaluru,22-07-2049,Confirmed,3,Adult,39,None,Confirmed
05-04-2050,2AC,Ladies,Chennai,Lucknow,04-08-2049,RAC,5,Senior Citizen,35,None,Confirmed
07-04-2050,1AC,Tatkal,Howrah,Surat,06-08-2049,RAC,2,Child,13,Senior Citizen,Confirmed
11-04-2050,3AC,Ladies,Navsari,Bhavnagar,10-08-2049,Confirmed,5,Adult,47,None,Confirmed
12-04-2050,1AC,General,New Delhi,Bengaluru,11-08-2049,RAC,4,Child,32,Senior Citizen,Confirmed
25-04-2050,Sleeper,Premium Tatkal,Bengaluru,Bharuch,24-08-2049,Waitlisted,5,Senior Citizen,28,Senior Citizen,Not Confirmed
26-04-2050,2AC,Ladies,New Delhi,New Delhi,25-08-2049,Confirmed,5,Senior Citizen,36,None,Confirmed
02-05-2050,Sleeper,Ladies,Bengaluru,New Delhi,31-08-2049,Waitlisted,1,Adult,14,Defense Quota,Not Confirmed
08-05-2050,Sleeper,General,Bengaluru,Mumbai,06-09-2049,Confirmed,5,Adult,39,Defense Quota,Confirmed
09-05-2050,2AC,Ladies,Howrah,Bharuch,07-09-2049,Waitlisted,4,Child,13,None,Not Confirmed
10-05-2050,3AC,Ladies,Bhavnagar,Bhavnagar,08-09-2049,RAC,5,Senior Citizen,6,Defense Quota,Confirmed
11-05-2050,1AC,Ladies,Ahmedabad,Bhavnagar,09-09-2049,Confirmed,2,Senior Citizen,40,Senior Citizen,Confirmed
17-05-2050,3AC,General,Bharuch,Lucknow,15-09-2049,Confirmed,3,Adult,8,Defense Quota,Confirmed
18-05-2050,Sleeper,Premium Tatkal,Howrah,Surat,16-09-2049,Confirmed,2,Senior Citizen,44,Defense Quota,Confirmed
19-05-2050,1AC,Tatkal,Surat,Mumbai,17-09-2049,RAC,5,Adult,36,Senior Citizen,Confirmed
20-05-2050,1AC,General,Ahmedabad,Mumbai,18-09-2049,Confirmed,3,Senior Citizen,3,Defense Quota,Confirmed
29-05-2050,Sleeper,General,Lucknow,Chennai,27-09-2049,RAC,3,Adult,36,None,Confirmed
31-05-2050,3AC,Premium Tatkal,Howrah,Chennai,29-09-2049,RAC,1,Adult,39,None,Confirmed
03-06-2050,Sleeper,Tatkal,Bhavnagar,Bengaluru,02-10-2049,RAC,3,Child,18,Defense Quota,Confirmed
05-06-2050,3AC,General,Navsari,Navsari,04-10-2049,Confirmed,4,Adult,20,None,Confirmed
08-06-2050,Sleeper,Premium Tatkal,Howrah,Chennai,07-10-2049,RAC,2,Adult,12,None,Confirmed
17-06-2050,2AC,Ladies,Howrah,Lucknow,16-10-2049,Confirmed,3,Senior Citizen,28,None,Confirmed
19-06-2050,1AC,Tatkal,Ahmedabad,Surat,18-10-2049,Waitlisted,3,Senior Citizen,4,Defense Quota,Not Confirmed
21-06-2050,3AC,Premium Tatkal,New Delhi,Bengaluru,20-10-2049,RAC,5,Senior Citizen,27,Defense Quota,Confirmed
23-06-2050,1AC,Ladies,Ahmedabad,Chennai,22-10-2049,RAC,1,Senior Citizen,6,Senior Citizen,Confirmed
24-06-2050,1AC,General,Lucknow,Bengaluru,23-10-2049,RAC,2,Adult,27,Defense Quota,Confirmed
27-06-2050,Sleeper,General,Howrah,Lucknow,26-10-2049,RAC,3,Senior Citizen,32,Senior Citizen,Confirmed
20-07-2050,3AC,General,Lucknow,Bharuch,18-11-2049,Waitlisted,4,Senior Citizen,17,Senior Citizen,Not Confirmed
21-07-2050,Sleeper,Premium Tatkal,New Delhi,Bharuch,19-11-2049,Confirmed,5,Child,3,None,Confirmed
22-07-2050,1AC,General,Bengaluru,Mumbai,20-11-2049,RAC,4,Adult,6,None,Confirmed
27-07-2050,3AC,Premium Tatkal,Lucknow,New Delhi,25-11-2049,RAC,4,Child,39,None,Confirmed
07-08-2050,1AC,Premium Tatkal,Ahmedabad,Navsari,06-12-2049,Confirmed,3,Adult,12,None,Confirmed
09-08-2050,2AC,Premium Tatkal,Bengaluru,Bengaluru,08-12-2049,RAC,5,Senior Citizen,20,None,Confirmed
13-08-2050,Sleeper,Premium Tatkal,Ahmedabad,Ahmedabad,12-12-2049,RAC,5,Adult,30,None,Confirmed
23-08-2050,3AC,General,Navsari,Surat,22-12-2049,Confirmed,3,Senior Citizen,42,Senior Citizen,Confirmed
26-08-2050,Sleeper,Premium Tatkal,Howrah,Lucknow,25-12-2049,RAC,2,Adult,10,Defense Quota,Confirmed
31-08-2050,2AC,Tatkal,Bharuch,Ahmedabad,30-12-2049,Waitlisted,2,Senior Citizen,8,None,Not Confirmed
01-09-2050,2AC,Ladies,Navsari,New Delhi,31-12-2049,RAC,3,Senior Citizen,45,None,Confirmed
04-09-2050,3AC,Tatkal,Bhavnagar,Mumbai,03-01-2050,Waitlisted,1,Adult,25,None,Not Confirmed
08-09-2050,Sleeper,Tatkal,Bhavnagar,New Delhi,07-01-2050,Confirmed,4,Senior Citizen,31,None,Confirmed
16-09-2050,1AC,General,Mumbai,Ahmedabad,15-01-2050,Waitlisted,2,Senior Citizen,7,Defense Quota,Not Confirmed
21-09-2050,3AC,General,Surat,Bharuch,20-01-2050,RAC,4,Senior Citizen,31,Defense Quota,Confirmed
24-09-2050,1AC,Premium Tatkal,New Delhi,Chennai,23-01-2050,Waitlisted,3,Adult,30,None,Not Confirmed
01-10-2050,2AC,Tatkal,Lucknow,Bengaluru,30-01-2050,Confirmed,1,Adult,20,Senior Citizen,Confirmed
03-10-2050,Sleeper,Tatkal,Ahmedabad,Navsari,01-02-2050,Confirmed,2,Adult,30,Defense Quota,Confirmed
10-10-2050,3AC,Tatkal,Lucknow,Ahmedabad,08-02-2050,Waitlisted,1,Adult,46,None,Not Confirmed
13-10-2050,2AC,Tatkal,Howrah,Ahmedabad,11-02-2050,Confirmed,3,Adult,43,Senior Citizen,Confirmed
17-10-2050,1AC,General,Mumbai,Howrah,15-02-2050,Waitlisted,2,Adult,3,None,Not Confirmed
24-10-2050,2AC,Tatkal,Lucknow,Bengaluru,22-02-2050,Confirmed,3,Child,18,Defense Quota,Confirmed
26-10-2050,2AC,Tatkal,Mumbai,Howrah,24-02-2050,Waitlisted,2,Child,35,None,Not Confirmed
04-11-2050,3AC,Tatkal,New Delhi,Bharuch,05-03-2050,Confirmed,2,Senior Citizen,13,None,Confirmed
05-11-2050,2AC,Ladies,Navsari,Navsari,06-03-2050,RAC,1,Child,17,Senior Citizen,Confirmed
07-11-2050,1AC,Ladies,Bharuch,Howrah,08-03-2050,RAC,1,Child,10,None,Confirmed
09-11-2050,1AC,Tatkal,New Delhi,Bengaluru,10-03-2050,Confirmed,4,Adult,4,Senior Citizen,Confirmed
12-11-2050,3AC,Ladies,Surat,Bhavnagar,13-03-2050,Waitlisted,2,Senior Citizen,8,None,Not Confirmed
13-11-2050,1AC,Tatkal,Mumbai,Lucknow,14-03-2050,Confirmed,4,Adult,31,Defense Quota,Confirmed
17-11-2050,1AC,Premium Tatkal,Bharuch,Mumbai,18-03-2050,Confirmed,5,Senior Citizen,45,Defense Quota,Confirmed
18-11-2050,3AC,Premium Tatkal,New Delhi,Mumbai,19-03-2050,Confirmed,1,Adult,19,None,Confirmed
20-11-2050,2AC,Tatkal,Mumbai,Mumbai,21-03-2050,Confirmed,2,Adult,5,None,Confirmed
21-11-2050,2AC,General,Navsari,Bengaluru,22-03-2050,RAC,3,Adult,18,Senior Citizen,Confirmed
23-11-2050,Sleeper,Ladies,Bengaluru,Navsari,24-03-2050,Confirmed,1,Senior Citizen,21,None,Confirmed
02-12-2050,2AC,Tatkal,Navsari,Navsari,02-04-2050,Waitlisted,3,Senior Citizen,23,None,Not Confirmed
06-12-2050,Sleeper,Tatkal,Bhavnagar,Chennai,06-04-2050,Confirmed,2,Senior Citizen,43,None,Confirmed
09-12-2050,Sleeper,General,Mumbai,Lucknow,09-04-2050,Waitlisted,2,Child,19,None,Not Confirmed
12-12-2050,2AC,Tatkal,New Delhi,Mumbai,12-04-2050,Waitlisted,1,Adult,34,Senior Citizen,Not Confirmed
13-12-2050,Sleeper,General,Lucknow,Bhavnagar,13-04-2050,Confirmed,1,Adult,37,Defense Quota,Confirmed
18-12-2050,3AC,General,Bengaluru,Lucknow,18-04-2050,RAC,2,Senior Citizen,31,Defense Quota,Confirmed
21-12-2050,Sleeper,General,Mumbai,Navsari,21-04-2050,Waitlisted,1,Child,16,Defense Quota,Not Confirmed
22-12-2050,1AC,General,New Delhi,New Delhi,22-04-2050,Confirmed,2,Adult,22,Senior Citizen,Confirmed
30-12-2050,Sleeper,Tatkal,Ahmedabad,Howrah,30-04-2050,Waitlisted,3,Child,36,Defense Quota,Not Confirmed
01-01-2051,Sleeper,Tatkal,Howrah,Bhavnagar,02-05-2050,Confirmed,3,Adult,22,Senior Citizen,Confirmed
03-01-2051,1AC,General,Mumbai,Bengaluru,04-05-2050,Waitlisted,5,Adult,4,None,Not Confirmed
06-01-2051,1AC,Premium Tatkal,Bengaluru,New Delhi,07-05-2050,Confirmed,2,Adult,39,None,Confirmed
13-01-2051,Sleeper,Tatkal,Chennai,Ahmedabad,14-05-2050,RAC,3,Child,26,None,Confirmed
18-01-2051,2AC,Ladies,Navsari,Howrah,19-05-2050,RAC,3,Senior Citizen,35,Defense Quota,Confirmed
21-01-2051,3AC,General,Ahmedabad,Chennai,22-05-2050,Confirmed,5,Adult,15,Senior Citizen,Confirmed
24-01-2051,1AC,Tatkal,Howrah,Bharuch,25-05-2050,Waitlisted,2,Senior Citizen,14,Defense Quota,Not Confirmed
30-01-2051,2AC,Ladies,Navsari,Navsari,31-05-2050,Confirmed,2,Adult,39,Senior Citizen,Confirmed
07-02-2051,2AC,General,Navsari,Ahmedabad,08-06-2050,Waitlisted,3,Adult,16,None,Not Confirmed
08-02-2051,3AC,Ladies,Lucknow,New Delhi,09-06-2050,Confirmed,5,Senior Citizen,41,Defense Quota,Confirmed
09-02-2051,Sleeper,Premium Tatkal,Ahmedabad,Mumbai,10-06-2050,RAC,2,Child,33,Senior Citizen,Confirmed
11-02-2051,3AC,Premium Tatkal,Surat,Chennai,12-06-2050,Waitlisted,2,Adult,31,Defense Quota,Not Confirmed
16-02-2051,Sleeper,Tatkal,Mumbai,Surat,17-06-2050,RAC,1,Adult,8,None,Confirmed
24-02-2051,Sleeper,Ladies,Bhavnagar,Chennai,25-06-2050,RAC,2,Adult,30,Defense Quota,Confirmed
25-02-2051,1AC,Ladies,Surat,Ahmedabad,26-06-2050,Confirmed,2,Senior Citizen,43,Defense Quota,Confirmed
27-02-2051,1AC,Tatkal,Ahmedabad,Ahmedabad,28-06-2050,Confirmed,2,Senior Citizen,24,None,Confirmed
03-03-2051,2AC,General,Ahmedabad,Chennai,02-07-2050,Waitlisted,4,Adult,41,Senior Citizen,Not Confirmed
20-03-2051,Sleeper,Tatkal,Howrah,Howrah,19-07-2050,RAC,3,Adult,18,Senior Citizen,Confirmed
27-03-2051,2AC,Tatkal,Howrah,Lucknow,26-07-2050,Confirmed,5,Child,40,None,Confirmed
25-04-2051,Sleeper,General,Navsari,Bharuch,24-08-2050,Confirmed,5,Adult,16,None,Confirmed
26-04-2051,3AC,Premium Tatkal,Surat,Lucknow,25-08-2050,RAC,4,Child,35,Senior Citizen,Confirmed
28-04-2051,1AC,Premium Tatkal,Lucknow,Bhavnagar,27-08-2050,Confirmed,2,Adult,36,Defense Quota,Confirmed
29-04-2051,1AC,General,Chennai,Bharuch,28-08-2050,Confirmed,5,Child,20,None,Confirmed
30-04-2051,3AC,General,Mumbai,Mumbai,29-08-2050,Confirmed,5,Adult,25,Defense Quota,Confirmed
01-05-2051,3AC,Tatkal,Howrah,Navsari,30-08-2050,RAC,2,Senior Citizen,19,None,Confirmed
05-05-2051,Sleeper,Tatkal,Navsari,Ahmedabad,03-09-2050,RAC,4,Adult,23,Senior Citizen,Confirmed
11-05-2051,Sleeper,Premium Tatkal,Navsari,Surat,09-09-2050,Waitlisted,5,Child,21,Defense Quota,Not Confirmed
14-05-2051,2AC,Ladies,Bhavnagar,Bengaluru,12-09-2050,Waitlisted,3,Adult,37,None,Not Confirmed
19-05-2051,1AC,Ladies,Bhavnagar,Mumbai,17-09-2050,Confirmed,2,Child,31,Senior Citizen,Confirmed
22-05-2051,Sleeper,Tatkal,Howrah,Bengaluru,20-09-2050,Confirmed,1,Adult,39,Defense Quota,Confirmed
23-05-2051,Sleeper,Premium Tatkal,Lucknow,Surat,21-09-2050,RAC,2,Child,18,Senior Citizen,Confirmed
24-05-2051,3AC,Tatkal,Bengaluru,Mumbai,22-09-2050,Confirmed,1,Senior Citizen,43,Senior Citizen,Confirmed
29-05-2051,Sleeper,Premium Tatkal,Surat,Navsari,27-09-2050,Waitlisted,1,Child,40,Defense Quota,Not Confirmed
30-05-2051,2AC,Ladies,Bengaluru,Lucknow,28-09-2050,RAC,5,Senior Citizen,11,None,Confirmed
01-06-2051,3AC,General,Bengaluru,Navsari,30-09-2050,Confirmed,5,Child,10,None,Confirmed
11-06-2051,Sleeper,Premium Tatkal,Surat,Bhavnagar,10-10-2050,RAC,2,Senior Citizen,27,None,Confirmed
15-06-2051,Sleeper,Premium Tatkal,Mumbai,Bhavnagar,14-10-2050,Confirmed,2,Adult,36,Senior Citizen,Confirmed
04-07-2051,3AC,Tatkal,Lucknow,Surat,02-11-2050,Confirmed,5,Adult,33,None,Confirmed
15-07-2051,3AC,Ladies,Chennai,Ahmedabad,13-11-2050,RAC,3,Adult,42,Defense Quota,Confirmed
19-07-2051,Sleeper,Tatkal,Navsari,Surat,17-11-2050,RAC,5,Senior Citizen,5,Senior Citizen,Confirmed
21-07-2051,Sleeper,General,Howrah,New Delhi,19-11-2050,Confirmed,1,Senior Citizen,36,Senior Citizen,Confirmed
25-07-2051,3AC,Ladies,Bengaluru,Chennai,23-11-2050,RAC,1,Senior Citizen,26,None,Confirmed
26-07-2051,2AC,General,Chennai,New Delhi,24-11-2050,Waitlisted,4,Senior Citizen,22,Defense Quota,Not Confirmed
30-07-2051,Sleeper,Tatkal,Howrah,Bengaluru,28-11-2050,Waitlisted,5,Child,19,None,Not Confirmed
09-08-2051,1AC,Tatkal,Navsari,New Delhi,08-12-2050,Confirmed,1,Adult,33,None,Confirmed
10-08-2051,Sleeper,General,Bhavnagar,Chennai,09-12-2050,Waitlisted,1,Adult,5,Senior Citizen,Not Confirmed
11-08-2051,2AC,Premium Tatkal,Howrah,Bharuch,10-12-2050,Waitlisted,4,Child,22,None,Not Confirmed
14-08-2051,2AC,Tatkal,New Delhi,New Delhi,13-12-2050,Confirmed,4,Senior Citizen,42,Defense Quota,Confirmed
15-08-2051,2AC,Ladies,Chennai,Ahmedabad,14-12-2050,Waitlisted,2,Senior Citizen,31,Defense Quota,Not Confirmed
16-08-2051,1AC,Tatkal,Lucknow,Bhavnagar,15-12-2050,RAC,1,Adult,4,None,Confirmed
17-08-2051,1AC,Tatkal,Howrah,Mumbai,16-12-2050,RAC,5,Senior Citizen,33,Defense Quota,Confirmed
19-08-2051,3AC,Tatkal,Ahmedabad,Bengaluru,18-12-2050,Waitlisted,3,Senior Citizen,28,None,Not Confirmed
28-08-2051,3AC,General,Ahmedabad,Chennai,27-12-2050,Waitlisted,5,Adult,20,None,Not Confirmed
30-08-2051,1AC,Premium Tatkal,Navsari,New Delhi,29-12-2050,Confirmed,4,Child,40,Senior Citizen,Confirmed
01-09-2051,3AC,Premium Tatkal,Bengaluru,Navsari,31-12-2050,Waitlisted,1,Adult,24,Senior Citizen,Not Confirmed
07-09-2051,Sleeper,General,New Delhi,Lucknow,06-01-2051,RAC,3,Child,19,None,Confirmed
11-09-2051,Sleeper,General,Bengaluru,Chennai,10-01-2051,RAC,1,Child,46,Defense Quota,Confirmed
14-09-2051,3AC,General,Bhavnagar,Lucknow,13-01-2051,RAC,3,Adult,8,None,Confirmed
15-09-2051,2AC,General,Mumbai,Navsari,14-01-2051,Confirmed,3,Child,12,None,Confirmed
21-09-2051,3AC,Tatkal,Bengaluru,New Delhi,20-01-2051,Confirmed,4,Adult,14,Defense Quota,Confirmed
23-09-2051,1AC,General,New Delhi,Ahmedabad,22-01-2051,Waitlisted,2,Senior Citizen,46,None,Not Confirmed
30-09-2051,3AC,Ladies,Chennai,Bhavnagar,29-01-2051,Waitlisted,5,Senior Citizen,12,None,Not Confirmed
09-10-2051,Sleeper,Tatkal,Bengaluru,Bengaluru,07-02-2051,RAC,2,Child,42,Defense Quota,Confirmed
10-10-2051,Sleeper,Premium Tatkal,Lucknow,Surat,08-02-2051,RAC,2,Child,41,Senior Citizen,Confirmed
12-10-2051,3AC,Premium Tatkal,Howrah,Chennai,10-02-2051,Confirmed,3,Child,11,Senior Citizen,Confirmed
17-10-2051,2AC,Premium Tatkal,Lucknow,Chennai,15-02-2051,Waitlisted,3,Adult,37,Senior Citizen,Not Confirmed
18-10-2051,1AC,Premium Tatkal,Bharuch,New Delhi,16-02-2051,RAC,1,Adult,40,Defense Quota,Confirmed
20-10-2051,1AC,Ladies,Ahmedabad,Howrah,18-02-2051,Waitlisted,3,Child,21,None,Not Confirmed
21-10-2051,1AC,Ladies,Bharuch,Bhavnagar,19-02-2051,RAC,5,Adult,37,None,Confirmed
27-10-2051,3AC,Premium Tatkal,Bengaluru,Bengaluru,25-02-2051,Confirmed,4,Senior Citizen,17,Senior Citizen,Confirmed
29-10-2051,1AC,Ladies,Navsari,Bengaluru,27-02-2051,Waitlisted,5,Child,33,Defense Quota,Not Confirmed
01-11-2051,2AC,Premium Tatkal,Lucknow,Chennai,02-03-2051,RAC,3,Senior Citizen,47,None,Confirmed
04-11-2051,3AC,Premium Tatkal,Navsari,Howrah,05-03-2051,Confirmed,5,Senior Citizen,42,Senior Citizen,Confirmed
05-11-2051,3AC,Premium Tatkal,Bhavnagar,Chennai,06-03-2051,Confirmed,5,Child,35,None,Confirmed
06-11-2051,1AC,Ladies,Surat,Surat,07-03-2051,Waitlisted,3,Child,11,Defense Quota,Not Confirmed
15-11-2051,Sleeper,General,New Delhi,New Delhi,16-03-2051,Waitlisted,5,Adult,39,None,Not Confirmed
25-11-2051,1AC,Premium Tatkal,Mumbai,Ahmedabad,26-03-2051,Waitlisted,2,Senior Citizen,41,Senior Citizen,Not Confirmed
27-11-2051,1AC,Ladies,Mumbai,Bharuch,28-03-2051,Confirmed,2,Senior Citizen,36,Defense Quota,Confirmed
29-11-2051,2AC,Tatkal,Surat,Bhavnagar,30-03-2051,Confirmed,2,Senior Citizen,44,None,Confirmed
01-12-2051,3AC,Premium Tatkal,Mumbai,Bharuch,01-04-2051,Confirmed,1,Child,9,None,Confirmed
04-12-2051,Sleeper,Tatkal,Bharuch,Ahmedabad,04-04-2051,Waitlisted,2,Child,5,Defense Quota,Not Confirmed
05-12-2051,1AC,Premium Tatkal,Surat,Bengaluru,05-04-2051,Waitlisted,1,Child,13,None,Not Confirmed
08-12-2051,3AC,Tatkal,Chennai,Navsari,08-04-2051,Confirmed,4,Senior Citizen,22,Senior Citizen,Confirmed
16-12-2051,1AC,Premium Tatkal,Howrah,Bengaluru,16-04-2051,RAC,2,Child,34,None,Confirmed
19-12-2051,2AC,Tatkal,Bhavnagar,Bharuch,19-04-2051,RAC,1,Adult,19,Senior Citizen,Confirmed
26-12-2051,3AC,Tatkal,Ahmedabad,Howrah,26-04-2051,RAC,4,Child,38,Defense Quota,Confirmed
27-12-2051,2AC,Ladies,Navsari,Lucknow,27-04-2051,Waitlisted,4,Child,5,Senior Citizen,Not Confirmed
30-12-2051,Sleeper,Tatkal,Navsari,Lucknow,30-04-2051,RAC,5,Senior Citizen,5,None,Confirmed
01-01-2052,1AC,Tatkal,Chennai,New Delhi,02-05-2051,Waitlisted,2,Child,30,Defense Quota,Not Confirmed
02-01-2052,3AC,Ladies,Mumbai,Navsari,03-05-2051,Confirmed,5,Senior Citizen,42,Senior Citizen,Confirmed
08-01-2052,1AC,General,Ahmedabad,Bharuch,09-05-2051,Confirmed,3,Child,36,Defense Quota,Confirmed
09-01-2052,1AC,Ladies,Howrah,Bharuch,10-05-2051,RAC,1,Child,34,Defense Quota,Confirmed
16-01-2052,Sleeper,Ladies,Lucknow,Navsari,17-05-2051,RAC,3,Senior Citizen,7,Defense Quota,Confirmed
26-01-2052,2AC,Premium Tatkal,Howrah,Navsari,27-05-2051,RAC,1,Adult,40,Senior Citizen,Confirmed
27-01-2052,2AC,Tatkal,Ahmedabad,Bengaluru,28-05-2051,RAC,1,Child,33,None,Confirmed
29-01-2052,1AC,General,Lucknow,Bharuch,30-05-2051,Waitlisted,1,Adult,12,Defense Quota,Not Confirmed
01-02-2052,2AC,General,Surat,Navsari,02-06-2051,Waitlisted,1,Adult,19,Senior Citizen,Not Confirmed
06-02-2052,2AC,General,Bhavnagar,Bhavnagar,07-06-2051,RAC,1,Adult,46,Senior Citizen,Confirmed
07-02-2052,2AC,Premium Tatkal,Lucknow,Bharuch,08-06-2051,Confirmed,3,Adult,16,Defense Quota,Confirmed
11-02-2052,2AC,Ladies,Navsari,Ahmedabad,12-06-2051,Waitlisted,4,Child,39,Senior Citizen,Not Confirmed
27-02-2052,3AC,Tatkal,Lucknow,Howrah,28-06-2051,Confirmed,3,Senior Citizen,31,None,Confirmed
01-03-2052,1AC,Tatkal,Chennai,Mumbai,01-07-2051,RAC,4,Senior Citizen,31,Defense Quota,Confirmed
02-03-2052,Sleeper,Premium Tatkal,Bhavnagar,Navsari,02-07-2051,Waitlisted,1,Senior Citizen,18,None,Not Confirmed
03-03-2052,3AC,Ladies,Lucknow,Navsari,03-07-2051,Waitlisted,2,Senior Citizen,39,Senior Citizen,Not Confirmed
07-03-2052,3AC,Premium Tatkal,Bengaluru,Bharuch,07-07-2051,Waitlisted,4,Child,6,None,Not Confirmed
09-03-2052,1AC,General,Lucknow,Surat,09-07-2051,Confirmed,3,Adult,40,Senior Citizen,Confirmed
20-03-2052,1AC,Ladies,Chennai,Chennai,20-07-2051,Confirmed,4,Child,41,Senior Citizen,Confirmed
24-03-2052,3AC,Ladies,Chennai,New Delhi,24-07-2051,Waitlisted,2,Adult,9,Defense Quota,Not Confirmed
25-03-2052,Sleeper,Tatkal,Chennai,Mumbai,25-07-2051,RAC,4,Senior Citizen,14,Senior Citizen,Confirmed
01-04-2052,3AC,General,Howrah,Navsari,01-08-2051,RAC,3,Adult,10,Defense Quota,Confirmed
02-04-2052,Sleeper,Premium Tatkal,Ahmedabad,Bharuch,02-08-2051,Confirmed,1,Senior Citizen,30,Senior Citizen,Confirmed
04-04-2052,3AC,General,New Delhi,Bharuch,04-08-2051,Waitlisted,1,Child,15,Defense Quota,Not Confirmed
06-04-2052,1AC,Ladies,Chennai,Howrah,06-08-2051,Waitlisted,5,Senior Citizen,30,Senior Citizen,Not Confirmed
09-04-2052,Sleeper,Ladies,Lucknow,Chennai,09-08-2051,Confirmed,5,Child,25,None,Confirmed
13-04-2052,3AC,General,Howrah,Lucknow,13-08-2051,Confirmed,3,Adult,39,Defense Quota,Confirmed
14-04-2052,3AC,General,Chennai,Navsari,14-08-2051,Waitlisted,3,Senior Citizen,13,Senior Citizen,Not Confirmed
20-04-2052,3AC,Premium Tatkal,Bengaluru,Bharuch,20-08-2051,Confirmed,2,Senior Citizen,12,None,Confirmed
23-04-2052,3AC,General,New Delhi,Bharuch,23-08-2051,RAC,4,Adult,14,Defense Quota,Confirmed
25-04-2052,3AC,Premium Tatkal,Ahmedabad,Howrah,25-08-2051,Waitlisted,2,Child,22,Defense Quota,Not Confirmed
30-04-2052,1AC,General,Bharuch,Navsari,30-08-2051,RAC,3,Child,47,None,Confirmed
10-05-2052,3AC,General,Surat,Bengaluru,09-09-2051,RAC,1,Senior Citizen,31,Senior Citizen,Confirmed
11-05-2052,Sleeper,Premium Tatkal,Bhavnagar,Lucknow,10-09-2051,RAC,2,Adult,15,None,Confirmed
13-05-2052,3AC,Tatkal,Howrah,Ahmedabad,12-09-2051,Waitlisted,2,Senior Citizen,46,None,Not Confirmed
21-05-2052,3AC,General,Ahmedabad,Howrah,20-09-2051,Waitlisted,1,Senior Citizen,29,None,Not Confirmed
24-05-2052,Sleeper,Premium Tatkal,Surat,Lucknow,23-09-2051,Waitlisted,4,Child,9,Senior Citizen,Not Confirmed
26-05-2052,3AC,Ladies,Bengaluru,Ahmedabad,25-09-2051,RAC,1,Child,39,Senior Citizen,Confirmed
03-06-2052,1AC,General,Howrah,Chennai,03-10-2051,RAC,3,Senior Citizen,41,Defense Quota,Confirmed
09-06-2052,2AC,Ladies,Howrah,Bhavnagar,09-10-2051,Confirmed,5,Adult,32,Senior Citizen,Confirmed
13-06-2052,2AC,Premium Tatkal,Mumbai,Lucknow,13-10-2051,Confirmed,2,Child,5,Defense Quota,Confirmed
17-06-2052,1AC,Ladies,Chennai,Surat,17-10-2051,RAC,4,Senior Citizen,36,None,Confirmed
19-06-2052,2AC,Tatkal,Navsari,Lucknow,19-10-2051,Waitlisted,2,Child,25,None,Not Confirmed
26-06-2052,1AC,Premium Tatkal,Mumbai,Bhavnagar,26-10-2051,RAC,2,Senior Citizen,27,Senior Citizen,Confirmed
30-06-2052,3AC,General,Navsari,Navsari,30-10-2051,Waitlisted,1,Senior Citizen,9,None,Not Confirmed
02-07-2052,3AC,Ladies,Bhavnagar,Ahmedabad,01-11-2051,RAC,2,Child,8,None,Confirmed
03-07-2052,3AC,Ladies,Surat,Bharuch,02-11-2051,Confirmed,4,Adult,45,Defense Quota,Confirmed
04-07-2052,Sleeper,Premium Tatkal,Chennai,Howrah,03-11-2051,Waitlisted,2,Senior Citizen,8,None,Not Confirmed
12-07-2052,3AC,General,Chennai,Bhavnagar,11-11-2051,RAC,5,Senior Citizen,39,Defense Quota,Confirmed
13-07-2052,1AC,Ladies,Surat,Navsari,12-11-2051,Waitlisted,2,Senior Citizen,45,Defense Quota,Not Confirmed
19-07-2052,3AC,Ladies,New Delhi,Ahmedabad,18-11-2051,RAC,4,Senior Citizen,20,None,Confirmed
23-07-2052,3AC,Premium Tatkal,Howrah,Bhavnagar,22-11-2051,RAC,1,Child,27,None,Confirmed
25-07-2052,Sleeper,Premium Tatkal,Surat,Ahmedabad,24-11-2051,Waitlisted,4,Child,4,None,Not Confirmed
30-07-2052,Sleeper,Premium Tatkal,Bhavnagar,Ahmedabad,29-11-2051,Waitlisted,4,Senior Citizen,30,Senior Citizen,Not Confirmed
01-08-2052,3AC,Premium Tatkal,Bhavnagar,Navsari,01-12-2051,Waitlisted,2,Child,7,Defense Quota,Not Confirmed
08-08-2052,1AC,General,Lucknow,Bengaluru,08-12-2051,Confirmed,1,Child,30,Defense Quota,Confirmed
09-08-2052,Sleeper,General,Navsari,Lucknow,09-12-2051,RAC,1,Senior Citizen,3,Defense Quota,Confirmed
11-08-2052,1AC,Premium Tatkal,Mumbai,Bhavnagar,11-12-2051,RAC,5,Child,42,Defense Quota,Confirmed
13-08-2052,2AC,Premium Tatkal,Bharuch,Howrah,13-12-2051,Waitlisted,1,Adult,8,None,Not Confirmed
19-08-2052,Sleeper,Tatkal,Bengaluru,Bharuch,19-12-2051,Waitlisted,4,Child,26,None,Not Confirmed
20-08-2052,1AC,Premium Tatkal,Bengaluru,Bhavnagar,20-12-2051,Confirmed,5,Child,45,None,Confirmed
25-08-2052,1AC,General,Lucknow,New Delhi,25-12-2051,RAC,3,Adult,39,Senior Citizen,Confirmed
27-08-2052,3AC,Tatkal,Chennai,Chennai,27-12-2051,RAC,5,Child,27,Defense Quota,Confirmed
31-08-2052,2AC,General,Mumbai,Bengaluru,31-12-2051,Waitlisted,3,Adult,35,Senior Citizen,Not Confirmed
01-09-2052,1AC,Ladies,Navsari,Mumbai,01-01-2052,RAC,5,Adult,16,Defense Quota,Confirmed
08-09-2052,2AC,Ladies,Lucknow,Chennai,08-01-2052,Waitlisted,5,Senior Citizen,16,None,Not Confirmed
10-09-2052,2AC,General,New Delhi,Chennai,10-01-2052,Waitlisted,2,Adult,5,Senior Citizen,Not Confirmed
11-09-2052,Sleeper,General,Lucknow,Bengaluru,11-01-2052,Waitlisted,1,Child,19,Senior Citizen,Not Confirmed
18-09-2052,1AC,Ladies,New Delhi,Lucknow,18-01-2052,Confirmed,1,Adult,6,None,Confirmed
20-09-2052,Sleeper,General,Howrah,Navsari,20-01-2052,Waitlisted,4,Adult,25,Defense Quota,Not Confirmed
26-09-2052,3AC,General,Ahmedabad,Navsari,26-01-2052,Confirmed,2,Senior Citizen,31,Senior Citizen,Confirmed
27-09-2052,2AC,Tatkal,Bengaluru,Mumbai,27-01-2052,Confirmed,4,Senior Citizen,16,Senior Citizen,Confirmed
28-09-2052,3AC,Tatkal,Bharuch,New Delhi,28-01-2052,RAC,2,Adult,40,Defense Quota,Confirmed
30-09-2052,1AC,Ladies,Ahmedabad,Howrah,30-01-2052,Waitlisted,3,Senior Citizen,34,Defense Quota,Not Confirmed
03-10-2052,2AC,Premium Tatkal,Mumbai,Howrah,02-02-2052,RAC,5,Adult,9,Defense Quota,Confirmed
04-10-2052,1AC,Tatkal,New Delhi,Mumbai,03-02-2052,Waitlisted,1,Child,25,None,Not Confirmed
09-10-2052,2AC,Premium Tatkal,Lucknow,Bengaluru,08-02-2052,Waitlisted,2,Senior Citizen,16,Defense Quota,Not Confirmed
10-10-2052,Sleeper,Premium Tatkal,Ahmedabad,Bengaluru,09-02-2052,RAC,3,Child,16,Defense Quota,Confirmed
13-10-2052,Sleeper,Ladies,Surat,Bhavnagar,12-02-2052,Confirmed,1,Adult,41,Defense Quota,Confirmed
18-10-2052,3AC,Tatkal,Navsari,New Delhi,17-02-2052,Confirmed,5,Adult,33,Defense Quota,Confirmed
19-10-2052,1AC,Tatkal,Lucknow,New Delhi,18-02-2052,RAC,5,Adult,46,Senior Citizen,Confirmed
21-10-2052,Sleeper,General,Lucknow,New Delhi,20-02-2052,Confirmed,3,Adult,16,None,Confirmed
31-10-2052,Sleeper,General,Surat,New Delhi,01-03-2052,Waitlisted,5,Child,25,Defense Quota,Not Confirmed
03-11-2052,1AC,General,Surat,Bengaluru,04-03-2052,Confirmed,4,Child,44,Senior Citizen,Confirmed
06-11-2052,Sleeper,Tatkal,Bharuch,New Delhi,07-03-2052,Waitlisted,4,Child,37,Defense Quota,Not Confirmed
12-11-2052,Sleeper,General,Chennai,Chennai,13-03-2052,Waitlisted,5,Senior Citizen,34,Defense Quota,Not Confirmed
15-11-2052,Sleeper,Premium Tatkal,Lucknow,Chennai,16-03-2052,RAC,5,Child,12,Senior Citizen,Confirmed
16-11-2052,2AC,Tatkal,Surat,New Delhi,17-03-2052,Waitlisted,4,Child,26,None,Not Confirmed
17-11-2052,Sleeper,Tatkal,Bengaluru,Surat,18-03-2052,Confirmed,1,Senior Citizen,14,Defense Quota,Confirmed
22-11-2052,3AC,General,Bhavnagar,Navsari,23-03-2052,RAC,5,Child,29,Senior Citizen,Confirmed
23-11-2052,2AC,Premium Tatkal,Bharuch,Ahmedabad,24-03-2052,Waitlisted,4,Child,23,Defense Quota,Not Confirmed
25-11-2052,2AC,General,Bengaluru,Howrah,26-03-2052,Confirmed,1,Adult,20,None,Confirmed
28-11-2052,Sleeper,Tatkal,New Delhi,Chennai,29-03-2052,Waitlisted,1,Child,15,Defense Quota,Not Confirmed
29-11-2052,1AC,Premium Tatkal,Surat,New Delhi,30-03-2052,Waitlisted,5,Adult,17,Senior Citizen,Not Confirmed
02-12-2052,3AC,Premium Tatkal,Navsari,Mumbai,02-04-2052,Waitlisted,4,Senior Citizen,15,None,Not Confirmed
09-12-2052,Sleeper,Premium Tatkal,New Delhi,Ahmedabad,09-04-2052,Waitlisted,2,Senior Citizen,25,None,Not Confirmed
10-12-2052,3AC,Ladies,Surat,Chennai,10-04-2052,RAC,5,Child,22,None,Confirmed
13-12-2052,3AC,Ladies,Bhavnagar,Chennai,13-04-2052,RAC,2,Adult,38,Defense Quota,Confirmed
14-12-2052,3AC,Premium Tatkal,Ahmedabad,Bharuch,14-04-2052,Confirmed,2,Child,23,Defense Quota,Confirmed
15-12-2052,Sleeper,Tatkal,Mumbai,Chennai,15-04-2052,RAC,2,Child,30,Defense Quota,Confirmed
16-12-2052,2AC,Tatkal,Chennai,Surat,16-04-2052,RAC,3,Adult,18,None,Confirmed
30-12-2052,1AC,Tatkal,Chennai,Surat,30-04-2052,RAC,3,Adult,33,Senior Citizen,Confirmed
03-01-2053,2AC,Tatkal,Chennai,Ahmedabad,04-05-2052,RAC,5,Senior Citizen,14,Senior Citizen,Confirmed
05-01-2053,1AC,Premium Tatkal,Lucknow,Bengaluru,06-05-2052,Confirmed,1,Adult,19,None,Confirmed
07-01-2053,2AC,General,Chennai,New Delhi,08-05-2052,RAC,1,Adult,41,Senior Citizen,Confirmed
12-01-2053,Sleeper,Premium Tatkal,Bhavnagar,New Delhi,13-05-2052,Waitlisted,2,Senior Citizen,8,Senior Citizen,Not Confirmed
13-01-2053,1AC,Ladies,Ahmedabad,Ahmedabad,14-05-2052,Waitlisted,3,Child,24,None,Not Confirmed
18-01-2053,3AC,Premium Tatkal,Surat,Chennai,19-05-2052,RAC,4,Senior Citizen,10,Senior Citizen,Confirmed
19-01-2053,2AC,Premium Tatkal,Bengaluru,Bhavnagar,20-05-2052,Confirmed,4,Senior Citizen,26,None,Confirmed
22-01-2053,1AC,Premium Tatkal,Ahmedabad,Bharuch,23-05-2052,Waitlisted,1,Senior Citizen,33,Senior Citizen,Not Confirmed
05-02-2053,1AC,General,Howrah,Chennai,06-06-2052,RAC,5,Child,19,None,Confirmed
15-02-2053,Sleeper,Tatkal,Ahmedabad,Mumbai,16-06-2052,Confirmed,5,Senior Citizen,18,Senior Citizen,Confirmed
18-02-2053,1AC,General,Bhavnagar,Chennai,19-06-2052,RAC,3,Adult,16,None,Confirmed
22-02-2053,3AC,General,New Delhi,Surat,23-06-2052,RAC,4,Child,18,None,Confirmed
24-02-2053,Sleeper,Ladies,Lucknow,Howrah,25-06-2052,Confirmed,1,Adult,12,Senior Citizen,Confirmed
28-02-2053,1AC,Tatkal,Ahmedabad,Mumbai,29-06-2052,Waitlisted,5,Adult,46,Defense Quota,Not Confirmed
01-03-2053,1AC,General,Navsari,Bharuch,30-06-2052,Waitlisted,1,Adult,25,None,Not Confirmed
07-03-2053,Sleeper,Tatkal,Howrah,Bengaluru,06-07-2052,Confirmed,2,Child,15,Defense Quota,Confirmed
09-03-2053,2AC,General,Howrah,Chennai,08-07-2052,Waitlisted,2,Adult,28,None,Not Confirmed
12-03-2053,Sleeper,Ladies,Bhavnagar,Lucknow,11-07-2052,RAC,5,Child,22,None,Confirmed
15-03-2053,1AC,Premium Tatkal,Navsari,Bhavnagar,14-07-2052,Waitlisted,1,Child,45,Defense Quota,Not Confirmed
16-03-2053,2AC,Premium Tatkal,Bhavnagar,Howrah,15-07-2052,Confirmed,4,Adult,2,Senior Citizen,Confirmed
17-03-2053,3AC,General,Navsari,Surat,16-07-2052,Confirmed,3,Child,36,Senior Citizen,Confirmed
18-03-2053,2AC,Tatkal,Navsari,Ahmedabad,17-07-2052,Waitlisted,1,Senior Citizen,19,Senior Citizen,Not Confirmed
22-03-2053,Sleeper,General,Bhavnagar,Lucknow,21-07-2052,RAC,2,Child,19,Defense Quota,Confirmed
24-03-2053,Sleeper,Tatkal,New Delhi,Bengaluru,23-07-2052,RAC,4,Child,39,Defense Quota,Confirmed
25-03-2053,2AC,Ladies,Surat,Howrah,24-07-2052,RAC,4,Child,30,None,Confirmed
29-03-2053,3AC,Ladies,Bhavnagar,Mumbai,28-07-2052,RAC,4,Child,43,Defense Quota,Confirmed
30-03-2053,3AC,Ladies,Bhavnagar,Surat,29-07-2052,Waitlisted,3,Child,3,Senior Citizen,Not Confirmed
01-04-2053,1AC,Ladies,Mumbai,Ahmedabad,31-07-2052,Confirmed,5,Adult,23,None,Confirmed
02-04-2053,2AC,Tatkal,Navsari,Howrah,01-08-2052,RAC,1,Senior Citizen,23,None,Confirmed
04-04-2053,Sleeper,Ladies,New Delhi,Surat,03-08-2052,RAC,5,Adult,36,Defense Quota,Confirmed
08-04-2053,1AC,General,Chennai,Surat,07-08-2052,Confirmed,4,Child,12,Senior Citizen,Confirmed
10-04-2053,1AC,Premium Tatkal,Bengaluru,Howrah,09-08-2052,Confirmed,4,Child,44,None,Confirmed
22-04-2053,2AC,General,Bengaluru,Bengaluru,21-08-2052,Waitlisted,2,Child,46,Senior Citizen,Not Confirmed
30-04-2053,Sleeper,Premium Tatkal,Bharuch,Bharuch,29-08-2052,RAC,4,Adult,17,Senior Citizen,Confirmed
14-05-2053,3AC,Ladies,New Delhi,Surat,12-09-2052,RAC,1,Child,46,Defense Quota,Confirmed
15-05-2053,2AC,Premium Tatkal,Bharuch,Ahmedabad,13-09-2052,Waitlisted,2,Adult,19,None,Not Confirmed
17-05-2053,Sleeper,Ladies,Navsari,Chennai,15-09-2052,Confirmed,2,Adult,9,None,Confirmed
09-06-2053,Sleeper,General,Bhavnagar,New Delhi,08-10-2052,RAC,3,Child,24,None,Confirmed
15-06-2053,3AC,Ladies,Bharuch,Howrah,14-10-2052,Confirmed,5,Senior Citizen,9,Senior Citizen,Confirmed
19-06-2053,Sleeper,Tatkal,Chennai,Bharuch,18-10-2052,Confirmed,1,Senior Citizen,13,None,Confirmed
20-06-2053,2AC,General,Mumbai,Howrah,19-10-2052,Confirmed,1,Child,15,Senior Citizen,Confirmed
24-06-2053,2AC,Tatkal,New Delhi,Ahmedabad,23-10-2052,Confirmed,3,Senior Citizen,22,None,Confirmed
30-06-2053,3AC,General,Lucknow,Bhavnagar,29-10-2052,Waitlisted,3,Senior Citizen,17,None,Not Confirmed
02-07-2053,3AC,Premium Tatkal,Mumbai,Bharuch,31-10-2052,Waitlisted,5,Adult,7,None,Not Confirmed
04-07-2053,3AC,Tatkal,Mumbai,Lucknow,02-11-2052,RAC,1,Senior Citizen,17,None,Confirmed
06-07-2053,Sleeper,Tatkal,New Delhi,Navsari,04-11-2052,Confirmed,2,Child,20,None,Confirmed
09-07-2053,2AC,Ladies,New Delhi,Bengaluru,07-11-2052,RAC,4,Senior Citizen,11,None,Confirmed
12-07-2053,Sleeper,Premium Tatkal,Lucknow,Navsari,10-11-2052,Confirmed,2,Child,27,Defense Quota,Confirmed
15-07-2053,Sleeper,Ladies,Howrah,Bengaluru,13-11-2052,Waitlisted,3,Adult,36,None,Not Confirmed
23-07-2053,2AC,Premium Tatkal,Surat,Bhavnagar,21-11-2052,RAC,2,Senior Citizen,31,Senior Citizen,Confirmed
26-07-2053,1AC,Ladies,New Delhi,Bharuch,24-11-2052,Waitlisted,4,Child,22,None,Not Confirmed
27-07-2053,1AC,General,Surat,Bengaluru,25-11-2052,Confirmed,3,Adult,28,None,Confirmed
30-07-2053,3AC,Ladies,Bharuch,Bhavnagar,28-11-2052,Confirmed,3,Adult,11,None,Confirmed
31-07-2053,Sleeper,Ladies,Bharuch,Surat,29-11-2052,Waitlisted,2,Senior Citizen,19,Senior Citizen,Not Confirmed
06-08-2053,Sleeper,Premium Tatkal,Chennai,Navsari,05-12-2052,Confirmed,1,Adult,5,Defense Quota,Confirmed
07-08-2053,1AC,Ladies,Surat,Chennai,06-12-2052,Waitlisted,1,Senior Citizen,12,Senior Citizen,Not Confirmed
13-08-2053,3AC,Ladies,Ahmedabad,Bengaluru,12-12-2052,Waitlisted,1,Adult,8,Senior Citizen,Not Confirmed
14-08-2053,2AC,Ladies,Bhavnagar,Bengaluru,13-12-2052,Waitlisted,1,Child,13,Senior Citizen,Not Confirmed
17-08-2053,2AC,Premium Tatkal,Howrah,Lucknow,16-12-2052,Waitlisted,1,Senior Citizen,16,Defense Quota,Not Confirmed
18-08-2053,2AC,Tatkal,Howrah,Bharuch,17-12-2052,Confirmed,4,Senior Citizen,27,None,Confirmed
20-08-2053,1AC,Ladies,Chennai,Chennai,19-12-2052,RAC,1,Senior Citizen,41,Senior Citizen,Confirmed
29-08-2053,2AC,Premium Tatkal,Ahmedabad,Mumbai,28-12-2052,RAC,1,Adult,21,Defense Quota,Confirmed
04-09-2053,3AC,Premium Tatkal,Chennai,Bhavnagar,03-01-2053,Waitlisted,4,Child,14,Senior Citizen,Not Confirmed
05-09-2053,2AC,Premium Tatkal,Navsari,Mumbai,04-01-2053,Confirmed,1,Senior Citizen,5,Senior Citizen,Confirmed
06-09-2053,1AC,Tatkal,Bengaluru,New Delhi,05-01-2053,RAC,2,Adult,33,None,Confirmed
07-09-2053,2AC,Premium Tatkal,Ahmedabad,Navsari,06-01-2053,Confirmed,2,Child,25,Defense Quota,Confirmed
09-09-2053,3AC,Ladies,Navsari,New Delhi,08-01-2053,Confirmed,4,Child,22,None,Confirmed
11-09-2053,1AC,General,Howrah,Surat,10-01-2053,RAC,4,Senior Citizen,37,Defense Quota,Confirmed
14-09-2053,3AC,Premium Tatkal,Ahmedabad,Mumbai,13-01-2053,Waitlisted,5,Child,6,Senior Citizen,Not Confirmed
16-09-2053,Sleeper,Tatkal,Bengaluru,Lucknow,15-01-2053,RAC,3,Child,26,Defense Quota,Confirmed
28-09-2053,1AC,Ladies,Navsari,Bengaluru,27-01-2053,RAC,5,Child,6,Senior Citizen,Confirmed
29-09-2053,2AC,General,Lucknow,Bharuch,28-01-2053,Waitlisted,4,Senior Citizen,46,Defense Quota,Not Confirmed
30-09-2053,3AC,Tatkal,Bharuch,Mumbai,29-01-2053,Waitlisted,4,Child,42,Defense Quota,Not Confirmed
01-10-2053,Sleeper,General,Bharuch,New Delhi,30-01-2053,Waitlisted,3,Senior Citizen,38,Senior Citizen,Not Confirmed
02-10-2053,1AC,Premium Tatkal,Mumbai,Bharuch,31-01-2053,RAC,1,Adult,25,Defense Quota,Confirmed
03-10-2053,3AC,Premium Tatkal,Bharuch,Bhavnagar,01-02-2053,RAC,5,Senior Citizen,27,None,Confirmed
04-10-2053,1AC,Tatkal,Mumbai,Surat,02-02-2053,Waitlisted,1,Adult,20,None,Not Confirmed
06-10-2053,3AC,General,Howrah,New Delhi,04-02-2053,Confirmed,1,Senior Citizen,4,Senior Citizen,Confirmed
10-10-2053,Sleeper,Tatkal,Navsari,New Delhi,08-02-2053,Waitlisted,4,Senior Citizen,15,Defense Quota,Not Confirmed
24-10-2053,Sleeper,Premium Tatkal,Surat,Howrah,22-02-2053,RAC,5,Senior Citizen,44,Defense Quota,Confirmed
01-11-2053,Sleeper,Premium Tatkal,Ahmedabad,Lucknow,02-03-2053,RAC,3,Senior Citizen,16,Defense Quota,Confirmed
02-11-2053,Sleeper,Premium Tatkal,Chennai,Bhavnagar,03-03-2053,Confirmed,5,Child,32,None,Confirmed
04-11-2053,2AC,Tatkal,New Delhi,Bengaluru,05-03-2053,Confirmed,3,Child,32,Defense Quota,Confirmed
06-11-2053,Sleeper,Tatkal,Howrah,Bhavnagar,07-03-2053,Waitlisted,4,Adult,15,Defense Quota,Not Confirmed
09-11-2053,1AC,Tatkal,Lucknow,Mumbai,10-03-2053,Confirmed,1,Senior Citizen,35,Senior Citizen,Confirmed
16-11-2053,Sleeper,Premium Tatkal,Lucknow,Chennai,17-03-2053,Waitlisted,2,Child,47,Senior Citizen,Not Confirmed
18-11-2053,1AC,Ladies,Bharuch,Ahmedabad,19-03-2053,Confirmed,3,Senior Citizen,43,None,Confirmed
19-11-2053,2AC,Tatkal,Howrah,Mumbai,20-03-2053,Confirmed,2,Adult,33,None,Confirmed
20-11-2053,1AC,Tatkal,Bengaluru,Bharuch,21-03-2053,RAC,4,Senior Citizen,15,None,Confirmed
22-11-2053,2AC,Ladies,Surat,Navsari,23-03-2053,Waitlisted,1,Adult,40,None,Not Confirmed
26-11-2053,3AC,Premium Tatkal,Surat,Lucknow,27-03-2053,Confirmed,1,Adult,22,None,Confirmed
05-12-2053,Sleeper,Premium Tatkal,Chennai,Surat,05-04-2053,RAC,4,Adult,8,None,Confirmed
06-12-2053,Sleeper,Premium Tatkal,Mumbai,Chennai,06-04-2053,Confirmed,3,Adult,41,Defense Quota,Confirmed
07-12-2053,2AC,General,Bengaluru,Bhavnagar,07-04-2053,Waitlisted,1,Senior Citizen,44,None,Not Confirmed
12-12-2053,2AC,General,Bengaluru,Navsari,12-04-2053,Waitlisted,2,Child,24,Defense Quota,Not Confirmed
15-12-2053,2AC,General,Howrah,Lucknow,15-04-2053,Confirmed,4,Senior Citizen,27,Defense Quota,Confirmed
21-12-2053,Sleeper,Tatkal,Mumbai,Navsari,21-04-2053,Confirmed,1,Senior Citizen,33,Senior Citizen,Confirmed
26-12-2053,Sleeper,General,Bengaluru,Bharuch,26-04-2053,RAC,5,Adult,43,Defense Quota,Confirmed
01-01-2054,1AC,Ladies,New Delhi,Bharuch,02-05-2053,RAC,1,Senior Citizen,34,Senior Citizen,Confirmed
07-01-2054,3AC,Ladies,Bharuch,Bengaluru,08-05-2053,RAC,2,Child,36,Defense Quota,Confirmed
18-01-2054,1AC,General,Mumbai,Navsari,19-05-2053,Waitlisted,2,Senior Citizen,41,Defense Quota,Not Confirmed
20-01-2054,1AC,Ladies,Bengaluru,New Delhi,21-05-2053,Waitlisted,1,Adult,33,Senior Citizen,Not Confirmed
28-01-2054,3AC,Ladies,Navsari,New Delhi,29-05-2053,RAC,1,Senior Citizen,13,Defense Quota,Confirmed
29-01-2054,1AC,Ladies,Navsari,Bengaluru,30-05-2053,RAC,3,Senior Citizen,31,Defense Quota,Confirmed
31-01-2054,1AC,Tatkal,Chennai,Bharuch,01-06-2053,Waitlisted,4,Senior Citizen,22,Senior Citizen,Not Confirmed
05-02-2054,1AC,General,Navsari,Navsari,06-06-2053,Confirmed,1,Adult,23,None,Confirmed
23-02-2054,Sleeper,Ladies,Bharuch,Surat,24-06-2053,RAC,3,Senior Citizen,40,None,Confirmed
25-02-2054,Sleeper,Premium Tatkal,Bharuch,Surat,26-06-2053,RAC,4,Child,43,None,Confirmed
04-03-2054,2AC,Premium Tatkal,Howrah,Bengaluru,03-07-2053,RAC,3,Adult,6,Senior Citizen,Confirmed
09-03-2054,1AC,Ladies,Navsari,Bhavnagar,08-07-2053,Waitlisted,3,Adult,22,None,Not Confirmed
10-03-2054,1AC,General,Surat,Bharuch,09-07-2053,RAC,1,Senior Citizen,39,Defense Quota,Confirmed
21-03-2054,1AC,General,Bhavnagar,Howrah,20-07-2053,Waitlisted,4,Adult,41,Defense Quota,Not Confirmed
24-03-2054,3AC,Ladies,New Delhi,New Delhi,23-07-2053,Confirmed,2,Child,25,Defense Quota,Confirmed
28-03-2054,Sleeper,General,New Delhi,New Delhi,27-07-2053,Waitlisted,2,Child,34,None,Not Confirmed
29-03-2054,3AC,Tatkal,Ahmedabad,New Delhi,28-07-2053,Waitlisted,4,Senior Citizen,3,Senior Citizen,Not Confirmed
02-04-2054,2AC,Ladies,New Delhi,New Delhi,01-08-2053,Waitlisted,3,Adult,6,Defense Quota,Not Confirmed
11-04-2054,2AC,Premium Tatkal,Howrah,Ahmedabad,10-08-2053,Confirmed,1,Adult,13,Defense Quota,Confirmed
13-04-2054,Sleeper,Premium Tatkal,Chennai,Bharuch,12-08-2053,Waitlisted,2,Adult,36,Defense Quota,Not Confirmed
18-04-2054,Sleeper,Ladies,Navsari,New Delhi,17-08-2053,Waitlisted,5,Senior Citizen,38,Senior Citizen,Not Confirmed
25-04-2054,Sleeper,General,New Delhi,Chennai,24-08-2053,RAC,3,Senior Citizen,25,Defense Quota,Confirmed
05-05-2054,3AC,Premium Tatkal,Bhavnagar,Howrah,03-09-2053,Confirmed,5,Child,20,None,Confirmed
06-05-2054,Sleeper,General,Chennai,Chennai,04-09-2053,Confirmed,4,Adult,18,Defense Quota,Confirmed
13-05-2054,Sleeper,General,Ahmedabad,New Delhi,11-09-2053,Waitlisted,2,Senior Citizen,21,Senior Citizen,Not Confirmed
24-05-2054,1AC,General,Ahmedabad,Navsari,22-09-2053,Waitlisted,1,Adult,42,Defense Quota,Not Confirmed
26-05-2054,2AC,Premium Tatkal,Bharuch,Howrah,24-09-2053,RAC,4,Adult,26,Defense Quota,Confirmed
27-05-2054,3AC,Ladies,Ahmedabad,Bengaluru,25-09-2053,RAC,4,Adult,47,Defense Quota,Confirmed
28-05-2054,1AC,Premium Tatkal,Surat,Ahmedabad,26-09-2053,Confirmed,3,Senior Citizen,24,Defense Quota,Confirmed
30-05-2054,Sleeper,Premium Tatkal,Howrah,Surat,28-09-2053,RAC,1,Senior Citizen,2,Senior Citizen,Confirmed
31-05-2054,Sleeper,Tatkal,New Delhi,Mumbai,29-09-2053,RAC,4,Senior Citizen,35,None,Confirmed
05-06-2054,Sleeper,Ladies,Bharuch,Mumbai,04-10-2053,Confirmed,2,Senior Citizen,19,None,Confirmed
06-06-2054,2AC,Tatkal,Mumbai,Ahmedabad,05-10-2053,Confirmed,3,Adult,27,Senior Citizen,Confirmed
11-06-2054,1AC,Premium Tatkal,Ahmedabad,Navsari,10-10-2053,Waitlisted,3,Child,5,None,Not Confirmed
14-06-2054,1AC,Premium Tatkal,Howrah,New Delhi,13-10-2053,Waitlisted,2,Child,12,Senior Citizen,Not Confirmed
17-06-2054,3AC,Tatkal,Bengaluru,Lucknow,16-10-2053,RAC,1,Senior Citizen,41,Senior Citizen,Confirmed
02-07-2054,2AC,Ladies,Howrah,Lucknow,31-10-2053,RAC,2,Senior Citizen,23,Defense Quota,Confirmed
03-07-2054,2AC,Tatkal,Chennai,Bengaluru,01-11-2053,Waitlisted,5,Senior Citizen,34,Defense Quota,Not Confirmed
04-07-2054,3AC,General,Navsari,Lucknow,02-11-2053,Confirmed,3,Adult,37,Senior Citizen,Confirmed
05-07-2054,3AC,Premium Tatkal,Lucknow,Mumbai,03-11-2053,Confirmed,2,Child,21,None,Confirmed
06-07-2054,1AC,Premium Tatkal,Bengaluru,Ahmedabad,04-11-2053,Waitlisted,1,Child,7,Senior Citizen,Not Confirmed
12-07-2054,1AC,Premium Tatkal,Bengaluru,Bharuch,10-11-2053,Waitlisted,3,Adult,11,Defense Quota,Not Confirmed
13-07-2054,1AC,Premium Tatkal,Bengaluru,Ahmedabad,11-11-2053,Confirmed,5,Senior Citizen,20,None,Confirmed
18-07-2054,1AC,Tatkal,Mumbai,Mumbai,16-11-2053,RAC,5,Child,7,Senior Citizen,Confirmed
19-07-2054,1AC,General,Lucknow,Navsari,17-11-2053,Waitlisted,3,Child,11,None,Not Confirmed
30-07-2054,1AC,Ladies,Navsari,Bharuch,28-11-2053,Confirmed,3,Adult,42,None,Confirmed
02-08-2054,2AC,General,Ahmedabad,Ahmedabad,01-12-2053,RAC,3,Child,42,None,Confirmed
03-08-2054,2AC,Premium Tatkal,Chennai,Mumbai,02-12-2053,Waitlisted,3,Adult,15,None,Not Confirmed
04-08-2054,2AC,General,Bhavnagar,Chennai,03-12-2053,RAC,4,Senior Citizen,45,Senior Citizen,Confirmed
08-08-2054,3AC,Ladies,Ahmedabad,Mumbai,07-12-2053,RAC,4,Child,24,Senior Citizen,Confirmed
09-08-2054,1AC,Premium Tatkal,Mumbai,Howrah,08-12-2053,Confirmed,1,Child,45,Defense Quota,Confirmed
14-08-2054,Sleeper,Ladies,Mumbai,Howrah,13-12-2053,Confirmed,3,Adult,39,Defense Quota,Confirmed
15-08-2054,1AC,Tatkal,Surat,Surat,14-12-2053,Confirmed,2,Adult,22,Defense Quota,Confirmed
24-08-2054,1AC,Ladies,Bharuch,Bharuch,23-12-2053,RAC,5,Child,40,Senior Citizen,Confirmed
26-08-2054,2AC,Tatkal,Bengaluru,Chennai,25-12-2053,RAC,1,Senior Citizen,41,None,Confirmed
04-09-2054,3AC,Premium Tatkal,Lucknow,Howrah,03-01-2054,RAC,3,Adult,21,None,Confirmed
09-09-2054,Sleeper,Ladies,Ahmedabad,Surat,08-01-2054,Confirmed,2,Senior Citizen,45,Senior Citizen,Confirmed
12-09-2054,3AC,Tatkal,Navsari,Lucknow,11-01-2054,RAC,4,Senior Citizen,47,Senior Citizen,Confirmed
23-09-2054,3AC,General,Howrah,Chennai,22-01-2054,Waitlisted,4,Child,24,Defense Quota,Not Confirmed
16-10-2054,1AC,Ladies,Lucknow,Navsari,14-02-2054,Waitlisted,2,Senior Citizen,18,Senior Citizen,Not Confirmed
30-10-2054,Sleeper,General,Mumbai,Navsari,28-02-2054,Confirmed,3,Child,32,Senior Citizen,Confirmed
03-11-2054,3AC,Premium Tatkal,Howrah,Chennai,04-03-2054,Waitlisted,5,Senior Citizen,9,Senior Citizen,Not Confirmed
08-11-2054,2AC,Premium Tatkal,Chennai,Bhavnagar,09-03-2054,Waitlisted,3,Senior Citizen,19,None,Not Confirmed
09-11-2054,Sleeper,Tatkal,Bengaluru,Surat,10-03-2054,RAC,1,Senior Citizen,16,None,Confirmed
10-11-2054,1AC,Ladies,Chennai,Navsari,11-03-2054,Waitlisted,2,Child,14,Defense Quota,Not Confirmed
17-11-2054,2AC,Ladies,Bharuch,Chennai,18-03-2054,Waitlisted,3,Child,29,Defense Quota,Not Confirmed
19-11-2054,3AC,Premium Tatkal,Surat,Bharuch,20-03-2054,Waitlisted,4,Child,41,None,Not Confirmed
22-11-2054,Sleeper,Ladies,Bhavnagar,Ahmedabad,23-03-2054,Confirmed,2,Adult,9,Senior Citizen,Confirmed
23-11-2054,3AC,Tatkal,Bhavnagar,New Delhi,24-03-2054,Waitlisted,2,Child,38,Senior Citizen,Not Confirmed
24-11-2054,1AC,Premium Tatkal,Howrah,Mumbai,25-03-2054,RAC,4,Child,24,Senior Citizen,Confirmed
02-12-2054,3AC,Tatkal,Howrah,New Delhi,02-04-2054,Waitlisted,4,Adult,10,None,Not Confirmed
04-12-2054,Sleeper,General,Lucknow,Chennai,04-04-2054,RAC,5,Senior Citizen,6,Senior Citizen,Confirmed
05-12-2054,2AC,General,Ahmedabad,Ahmedabad,05-04-2054,RAC,5,Adult,30,Defense Quota,Confirmed
08-12-2054,2AC,Ladies,Lucknow,Chennai,08-04-2054,RAC,1,Senior Citizen,28,Defense Quota,Confirmed
14-12-2054,3AC,Tatkal,Chennai,Ahmedabad,14-04-2054,RAC,3,Child,18,Defense Quota,Confirmed
19-12-2054,2AC,Ladies,New Delhi,Chennai,19-04-2054,RAC,1,Adult,6,Defense Quota,Confirmed
23-12-2054,Sleeper,General,Mumbai,Surat,23-04-2054,RAC,4,Adult,10,Senior Citizen,Confirmed
26-12-2054,3AC,General,New Delhi,New Delhi,26-04-2054,Waitlisted,3,Adult,22,Senior Citizen,Not Confirmed
31-12-2054,1AC,General,Bengaluru,Bhavnagar,01-05-2054,Waitlisted,1,Adult,9,Senior Citizen,Not Confirmed
04-01-2055,1AC,Premium Tatkal,New Delhi,Surat,05-05-2054,RAC,5,Child,3,None,Confirmed
05-01-2055,1AC,Ladies,Ahmedabad,Surat,06-05-2054,RAC,3,Adult,7,Senior Citizen,Confirmed
06-01-2055,Sleeper,Premium Tatkal,New Delhi,Ahmedabad,07-05-2054,RAC,3,Child,7,None,Confirmed
11-01-2055,2AC,General,Bengaluru,Bhavnagar,12-05-2054,Confirmed,5,Senior Citizen,11,Defense Quota,Confirmed
17-01-2055,2AC,Tatkal,Surat,Bhavnagar,18-05-2054,RAC,4,Adult,3,None,Confirmed
23-01-2055,3AC,Ladies,Howrah,Lucknow,24-05-2054,Waitlisted,1,Senior Citizen,46,None,Not Confirmed
25-01-2055,3AC,Tatkal,Chennai,Lucknow,26-05-2054,Waitlisted,3,Adult,24,None,Not Confirmed
28-01-2055,1AC,Premium Tatkal,Bengaluru,Bengaluru,29-05-2054,Waitlisted,2,Child,21,None,Not Confirmed
29-01-2055,Sleeper,General,Lucknow,Bharuch,30-05-2054,Waitlisted,4,Senior Citizen,43,None,Not Confirmed
04-02-2055,Sleeper,Tatkal,Mumbai,New Delhi,05-06-2054,Confirmed,4,Child,33,Defense Quota,Confirmed
05-02-2055,1AC,Ladies,Bhavnagar,Chennai,06-06-2054,RAC,1,Senior Citizen,22,Defense Quota,Confirmed
08-02-2055,3AC,Tatkal,New Delhi,Surat,09-06-2054,Waitlisted,1,Senior Citizen,47,Senior Citizen,Not Confirmed
11-02-2055,1AC,Tatkal,Ahmedabad,Bharuch,12-06-2054,Confirmed,3,Adult,31,Senior Citizen,Confirmed
14-02-2055,1AC,General,Navsari,Navsari,15-06-2054,Confirmed,3,Adult,31,Senior Citizen,Confirmed
20-02-2055,1AC,General,New Delhi,Navsari,21-06-2054,RAC,3,Adult,24,Defense Quota,Confirmed
24-02-2055,1AC,Ladies,Howrah,Bhavnagar,25-06-2054,Confirmed,4,Adult,25,None,Confirmed
27-02-2055,1AC,Ladies,Bharuch,Navsari,28-06-2054,Confirmed,1,Senior Citizen,14,None,Confirmed
09-03-2055,Sleeper,Premium Tatkal,Lucknow,New Delhi,08-07-2054,Confirmed,5,Adult,46,Defense Quota,Confirmed
24-03-2055,2AC,Ladies,Chennai,Bhavnagar,23-07-2054,Confirmed,4,Adult,15,Senior Citizen,Confirmed
26-03-2055,Sleeper,Tatkal,Mumbai,Chennai,25-07-2054,RAC,4,Adult,40,None,Confirmed
31-03-2055,Sleeper,Ladies,Bharuch,New Delhi,30-07-2054,RAC,5,Senior Citizen,16,Defense Quota,Confirmed
04-04-2055,Sleeper,Tatkal,Lucknow,Surat,03-08-2054,Confirmed,1,Child,30,None,Confirmed
08-04-2055,Sleeper,General,Surat,Bharuch,07-08-2054,Waitlisted,1,Senior Citizen,31,Senior Citizen,Not Confirmed
12-04-2055,3AC,General,Navsari,Howrah,11-08-2054,Confirmed,2,Child,22,Defense Quota,Confirmed
14-04-2055,2AC,Ladies,Bhavnagar,Navsari,13-08-2054,RAC,3,Senior Citizen,45,Defense Quota,Confirmed
17-04-2055,2AC,Premium Tatkal,Ahmedabad,New Delhi,16-08-2054,Confirmed,1,Adult,4,Senior Citizen,Confirmed
25-04-2055,Sleeper,Tatkal,Bharuch,Ahmedabad,24-08-2054,Confirmed,2,Child,17,Senior Citizen,Confirmed
26-04-2055,3AC,General,Bharuch,Mumbai,25-08-2054,Confirmed,2,Adult,18,Senior Citizen,Confirmed
29-04-2055,2AC,General,Lucknow,Bharuch,28-08-2054,RAC,2,Adult,18,None,Confirmed
12-05-2055,Sleeper,General,New Delhi,Howrah,10-09-2054,Confirmed,2,Child,37,Senior Citizen,Confirmed
15-05-2055,Sleeper,Premium Tatkal,Lucknow,Ahmedabad,13-09-2054,Waitlisted,3,Child,26,Defense Quota,Not Confirmed
17-05-2055,3AC,Ladies,Lucknow,Mumbai,15-09-2054,RAC,1,Adult,43,Defense Quota,Confirmed
22-05-2055,Sleeper,General,Howrah,Chennai,20-09-2054,RAC,2,Child,13,Senior Citizen,Confirmed
29-05-2055,Sleeper,General,Mumbai,Chennai,27-09-2054,Waitlisted,5,Child,13,None,Not Confirmed
01-06-2055,1AC,General,Chennai,Navsari,30-09-2054,RAC,1,Child,46,None,Confirmed
10-06-2055,2AC,Ladies,Lucknow,Ahmedabad,09-10-2054,RAC,1,Adult,2,Senior Citizen,Confirmed
14-06-2055,2AC,Premium Tatkal,Howrah,Navsari,13-10-2054,Confirmed,2,Child,4,Senior Citizen,Confirmed
16-06-2055,Sleeper,General,Bharuch,Mumbai,15-10-2054,RAC,3,Senior Citizen,8,Senior Citizen,Confirmed
24-06-2055,3AC,General,Mumbai,New Delhi,23-10-2054,RAC,5,Adult,29,Senior Citizen,Confirmed
25-06-2055,1AC,General,Surat,Bhavnagar,24-10-2054,Confirmed,2,Child,11,Defense Quota,Confirmed
01-07-2055,Sleeper,Ladies,Lucknow,Bhavnagar,30-10-2054,Confirmed,1,Adult,39,Senior Citizen,Confirmed
04-07-2055,Sleeper,Premium Tatkal,Lucknow,Chennai,02-11-2054,Waitlisted,4,Senior Citizen,3,Senior Citizen,Not Confirmed
07-07-2055,1AC,Premium Tatkal,Navsari,Navsari,05-11-2054,Confirmed,4,Senior Citizen,32,Senior Citizen,Confirmed
08-07-2055,3AC,Ladies,Lucknow,Navsari,06-11-2054,Waitlisted,3,Adult,12,Defense Quota,Not Confirmed
12-07-2055,1AC,Premium Tatkal,New Delhi,Bhavnagar,10-11-2054,Confirmed,5,Child,19,Senior Citizen,Confirmed
14-07-2055,2AC,Tatkal,Mumbai,Navsari,12-11-2054,Waitlisted,4,Adult,38,None,Not Confirmed
17-07-2055,3AC,Premium Tatkal,Bharuch,Lucknow,15-11-2054,Waitlisted,4,Adult,29,Senior Citizen,Not Confirmed
18-07-2055,2AC,Tatkal,Bengaluru,Navsari,16-11-2054,RAC,3,Adult,8,None,Confirmed
19-07-2055,2AC,Tatkal,Bharuch,Bengaluru,17-11-2054,RAC,4,Child,27,Senior Citizen,Confirmed
22-07-2055,1AC,Ladies,Howrah,Ahmedabad,20-11-2054,Waitlisted,1,Senior Citizen,45,None,Not Confirmed
23-07-2055,2AC,Ladies,Bhavnagar,Navsari,21-11-2054,RAC,4,Senior Citizen,43,Defense Quota,Confirmed
28-07-2055,2AC,Tatkal,Bengaluru,Bharuch,26-11-2054,Confirmed,1,Child,27,None,Confirmed
08-08-2055,Sleeper,Tatkal,Bhavnagar,Howrah,07-12-2054,Waitlisted,5,Adult,19,Senior Citizen,Not Confirmed
09-08-2055,2AC,Premium Tatkal,Navsari,Chennai,08-12-2054,Confirmed,5,Adult,20,Senior Citizen,Confirmed
12-08-2055,1AC,General,Bengaluru,Bharuch,11-12-2054,Waitlisted,5,Adult,24,Defense Quota,Not Confirmed
14-08-2055,3AC,General,Mumbai,Bhavnagar,13-12-2054,Confirmed,3,Senior Citizen,24,Senior Citizen,Confirmed
15-08-2055,Sleeper,Premium Tatkal,Ahmedabad,Bhavnagar,14-12-2054,Confirmed,2,Senior Citizen,33,Senior Citizen,Confirmed
16-08-2055,3AC,General,Bharuch,Chennai,15-12-2054,RAC,3,Adult,27,Senior Citizen,Confirmed
22-08-2055,Sleeper,Tatkal,Bharuch,Lucknow,21-12-2054,Confirmed,3,Child,20,None,Confirmed
24-08-2055,3AC,Premium Tatkal,Howrah,Lucknow,23-12-2054,Confirmed,4,Adult,46,Senior Citizen,Confirmed
27-08-2055,Sleeper,Premium Tatkal,Chennai,Lucknow,26-12-2054,Confirmed,3,Child,8,None,Confirmed
02-09-2055,Sleeper,Premium Tatkal,Lucknow,Bengaluru,01-01-2055,Confirmed,4,Senior Citizen,40,Senior Citizen,Confirmed
03-09-2055,2AC,General,Ahmedabad,Lucknow,02-01-2055,Waitlisted,5,Senior Citizen,22,Senior Citizen,Not Confirmed
04-09-2055,1AC,General,Lucknow,New Delhi,03-01-2055,Waitlisted,1,Adult,21,Defense Quota,Not Confirmed
10-09-2055,1AC,Premium Tatkal,Navsari,Bharuch,09-01-2055,RAC,1,Adult,17,Defense Quota,Confirmed
12-09-2055,3AC,Tatkal,Bharuch,Lucknow,11-01-2055,RAC,4,Child,41,Defense Quota,Confirmed
14-09-2055,1AC,General,Lucknow,Mumbai,13-01-2055,Waitlisted,4,Adult,37,None,Not Confirmed
28-09-2055,Sleeper,Premium Tatkal,Surat,Bharuch,27-01-2055,RAC,1,Child,12,None,Confirmed
30-09-2055,3AC,Tatkal,Howrah,Bhavnagar,29-01-2055,Confirmed,5,Adult,34,None,Confirmed
04-10-2055,2AC,Premium Tatkal,Navsari,Howrah,02-02-2055,RAC,3,Senior Citizen,28,Defense Quota,Confirmed
06-10-2055,2AC,Ladies,Navsari,New Delhi,04-02-2055,Confirmed,5,Senior Citizen,23,None,Confirmed
07-10-2055,2AC,Premium Tatkal,Surat,Bharuch,05-02-2055,RAC,5,Child,34,Senior Citizen,Confirmed
12-10-2055,Sleeper,Tatkal,Bhavnagar,Surat,10-02-2055,Confirmed,4,Senior Citizen,37,Defense Quota,Confirmed
15-10-2055,Sleeper,Tatkal,Chennai,Lucknow,13-02-2055,Confirmed,1,Adult,19,Defense Quota,Confirmed
18-10-2055,Sleeper,Ladies,New Delhi,Bhavnagar,16-02-2055,Confirmed,2,Senior Citizen,27,Senior Citizen,Confirmed
23-10-2055,2AC,General,Surat,Bhavnagar,21-02-2055,Confirmed,4,Senior Citizen,27,Defense Quota,Confirmed
26-10-2055,Sleeper,Premium Tatkal,Howrah,Bharuch,24-02-2055,RAC,5,Senior Citizen,10,None,Confirmed
28-10-2055,2AC,Premium Tatkal,Howrah,Bengaluru,26-02-2055,RAC,5,Senior Citizen,43,Defense Quota,Confirmed
31-10-2055,3AC,Ladies,Mumbai,Surat,01-03-2055,RAC,4,Senior Citizen,32,Senior Citizen,Confirmed
05-11-2055,Sleeper,Tatkal,Howrah,Navsari,06-03-2055,Waitlisted,1,Senior Citizen,12,None,Not Confirmed
06-11-2055,Sleeper,Premium Tatkal,Mumbai,Bhavnagar,07-03-2055,Confirmed,1,Senior Citizen,46,Defense Quota,Confirmed
08-11-2055,3AC,Tatkal,Bharuch,Mumbai,09-03-2055,Waitlisted,5,Child,29,Senior Citizen,Not Confirmed
15-11-2055,2AC,Tatkal,Howrah,Bengaluru,16-03-2055,Waitlisted,2,Child,34,Senior Citizen,Not Confirmed
18-11-2055,1AC,Premium Tatkal,Ahmedabad,Mumbai,19-03-2055,RAC,4,Child,12,Senior Citizen,Confirmed
23-11-2055,2AC,General,Navsari,Ahmedabad,24-03-2055,Waitlisted,3,Senior Citizen,21,Senior Citizen,Not Confirmed
04-12-2055,Sleeper,Premium Tatkal,Ahmedabad,Howrah,04-04-2055,RAC,3,Adult,25,None,Confirmed
08-12-2055,3AC,Tatkal,Mumbai,Chennai,08-04-2055,RAC,1,Senior Citizen,31,Senior Citizen,Confirmed
20-12-2055,2AC,Tatkal,Ahmedabad,Lucknow,20-04-2055,Waitlisted,4,Child,6,Defense Quota,Not Confirmed
21-12-2055,2AC,General,Ahmedabad,Chennai,21-04-2055,RAC,4,Child,17,Defense Quota,Confirmed
02-01-2056,Sleeper,General,Navsari,Lucknow,03-05-2055,Confirmed,1,Child,44,None,Confirmed
03-01-2056,3AC,Tatkal,Surat,Bhavnagar,04-05-2055,Confirmed,2,Adult,46,Senior Citizen,Confirmed
06-01-2056,1AC,General,Bengaluru,Howrah,07-05-2055,Confirmed,3,Adult,23,Defense Quota,Confirmed
18-01-2056,2AC,Tatkal,Bengaluru,Howrah,19-05-2055,RAC,2,Child,32,Defense Quota,Confirmed
19-01-2056,1AC,Tatkal,Chennai,New Delhi,20-05-2055,Confirmed,5,Senior Citizen,27,None,Confirmed
20-01-2056,1AC,Tatkal,Ahmedabad,New Delhi,21-05-2055,RAC,3,Senior Citizen,45,Defense Quota,Confirmed
26-01-2056,3AC,Tatkal,Bharuch,Howrah,27-05-2055,RAC,2,Adult,23,None,Confirmed
28-01-2056,Sleeper,Ladies,Lucknow,Navsari,29-05-2055,RAC,1,Child,22,Defense Quota,Confirmed
31-01-2056,1AC,Ladies,Bharuch,Bhavnagar,01-06-2055,Confirmed,1,Senior Citizen,26,Defense Quota,Confirmed
02-02-2056,3AC,Tatkal,New Delhi,Chennai,03-06-2055,RAC,1,Child,47,None,Confirmed
04-02-2056,3AC,Tatkal,Navsari,New Delhi,05-06-2055,Confirmed,1,Senior Citizen,37,Senior Citizen,Confirmed
10-02-2056,3AC,General,Howrah,Ahmedabad,11-06-2055,Confirmed,4,Child,12,Senior Citizen,Confirmed
13-02-2056,3AC,Premium Tatkal,Chennai,New Delhi,14-06-2055,RAC,2,Adult,17,Senior Citizen,Confirmed
14-02-2056,1AC,Ladies,Surat,Navsari,15-06-2055,Waitlisted,4,Senior Citizen,15,Senior Citizen,Not Confirmed
15-02-2056,3AC,Ladies,Bhavnagar,Ahmedabad,16-06-2055,Confirmed,2,Adult,44,Defense Quota,Confirmed
18-02-2056,2AC,Ladies,Bhavnagar,Chennai,19-06-2055,RAC,5,Senior Citizen,7,Senior Citizen,Confirmed
20-02-2056,2AC,Premium Tatkal,Surat,Mumbai,21-06-2055,Confirmed,1,Senior Citizen,25,Senior Citizen,Confirmed
24-02-2056,Sleeper,General,Bharuch,Bharuch,25-06-2055,Confirmed,3,Adult,19,None,Confirmed
26-02-2056,2AC,Ladies,Lucknow,Lucknow,27-06-2055,Waitlisted,3,Adult,20,None,Not Confirmed
05-03-2056,2AC,Premium Tatkal,Howrah,New Delhi,05-07-2055,Confirmed,4,Senior Citizen,30,Defense Quota,Confirmed
06-03-2056,3AC,Ladies,New Delhi,Surat,06-07-2055,Confirmed,3,Child,11,Senior Citizen,Confirmed
12-03-2056,2AC,Premium Tatkal,Bharuch,Bhavnagar,12-07-2055,Confirmed,4,Child,41,Defense Quota,Confirmed
15-03-2056,3AC,Premium Tatkal,Ahmedabad,New Delhi,15-07-2055,Confirmed,2,Adult,5,None,Confirmed
16-03-2056,3AC,Ladies,Howrah,New Delhi,16-07-2055,RAC,1,Senior Citizen,33,Defense Quota,Confirmed
20-03-2056,1AC,General,Ahmedabad,Chennai,20-07-2055,Waitlisted,3,Child,41,None,Not Confirmed
21-03-2056,2AC,Tatkal,Howrah,Surat,21-07-2055,RAC,3,Child,2,Defense Quota,Confirmed
23-03-2056,1AC,Ladies,Surat,Mumbai,23-07-2055,Confirmed,5,Adult,32,None,Confirmed
30-03-2056,1AC,General,New Delhi,Chennai,30-07-2055,RAC,1,Senior Citizen,18,Defense Quota,Confirmed
31-03-2056,1AC,Tatkal,Mumbai,Navsari,31-07-2055,Confirmed,2,Adult,44,None,Confirmed
05-04-2056,1AC,Ladies,New Delhi,Chennai,05-08-2055,Waitlisted,4,Senior Citizen,6,Defense Quota,Not Confirmed
10-04-2056,3AC,Premium Tatkal,Navsari,New Delhi,10-08-2055,Confirmed,4,Senior Citizen,30,Senior Citizen,Confirmed
12-04-2056,3AC,Ladies,Lucknow,Howrah,12-08-2055,Waitlisted,3,Child,35,Defense Quota,Not Confirmed
13-04-2056,2AC,Tatkal,Chennai,Navsari,13-08-2055,Waitlisted,3,Adult,29,Senior Citizen,Not Confirmed
15-04-2056,1AC,Tatkal,Ahmedabad,Bharuch,15-08-2055,RAC,4,Senior Citizen,32,Senior Citizen,Confirmed
05-05-2056,3AC,Ladies,Bengaluru,Mumbai,04-09-2055,Waitlisted,3,Senior Citizen,2,Defense Quota,Not Confirmed
08-05-2056,3AC,Ladies,Howrah,Mumbai,07-09-2055,Waitlisted,4,Senior Citizen,30,Senior Citizen,Not Confirmed
17-05-2056,Sleeper,General,Bharuch,Chennai,16-09-2055,Confirmed,2,Senior Citizen,36,None,Confirmed
22-05-2056,3AC,Ladies,Lucknow,Bharuch,21-09-2055,Waitlisted,4,Senior Citizen,26,Senior Citizen,Not Confirmed
23-05-2056,Sleeper,Ladies,Surat,Howrah,22-09-2055,Waitlisted,5,Child,32,Defense Quota,Not Confirmed
25-05-2056,Sleeper,Ladies,Bharuch,New Delhi,24-09-2055,Waitlisted,2,Child,9,Defense Quota,Not Confirmed
31-05-2056,2AC,Ladies,Mumbai,Navsari,30-09-2055,Confirmed,5,Child,9,Senior Citizen,Confirmed
15-06-2056,2AC,Premium Tatkal,Ahmedabad,Bharuch,15-10-2055,Waitlisted,1,Senior Citizen,8,None,Not Confirmed
21-06-2056,2AC,Ladies,Navsari,Chennai,21-10-2055,Confirmed,4,Child,38,Senior Citizen,Confirmed
22-06-2056,Sleeper,Premium Tatkal,Bengaluru,Bharuch,22-10-2055,RAC,3,Adult,18,None,Confirmed
26-06-2056,2AC,Premium Tatkal,New Delhi,Navsari,26-10-2055,RAC,4,Adult,33,Defense Quota,Confirmed
01-07-2056,2AC,Tatkal,Bengaluru,Bengaluru,31-10-2055,RAC,3,Adult,38,None,Confirmed
04-07-2056,3AC,Premium Tatkal,Navsari,Bengaluru,03-11-2055,RAC,4,Adult,18,None,Confirmed
05-07-2056,2AC,General,Lucknow,Chennai,04-11-2055,Waitlisted,4,Child,39,Defense Quota,Not Confirmed
07-07-2056,3AC,Tatkal,Howrah,Howrah,06-11-2055,Waitlisted,4,Child,16,Defense Quota,Not Confirmed
10-07-2056,3AC,Premium Tatkal,Lucknow,Ahmedabad,09-11-2055,Waitlisted,1,Senior Citizen,15,None,Not Confirmed
15-07-2056,1AC,General,Surat,Surat,14-11-2055,Confirmed,4,Adult,21,Senior Citizen,Confirmed
23-07-2056,1AC,Tatkal,Lucknow,Bhavnagar,22-11-2055,Confirmed,2,Senior Citizen,17,Senior Citizen,Confirmed
30-07-2056,3AC,Ladies,Ahmedabad,Surat,29-11-2055,Waitlisted,5,Senior Citizen,12,Senior Citizen,Not Confirmed
31-07-2056,1AC,General,Ahmedabad,Navsari,30-11-2055,Confirmed,2,Senior Citizen,20,None,Confirmed
09-08-2056,3AC,Tatkal,Mumbai,Bharuch,09-12-2055,RAC,5,Adult,4,Senior Citizen,Confirmed
12-08-2056,Sleeper,Ladies,Chennai,Bengaluru,12-12-2055,Confirmed,2,Adult,46,Senior Citizen,Confirmed
18-08-2056,2AC,Ladies,Bengaluru,Bhavnagar,18-12-2055,RAC,5,Senior Citizen,8,Defense Quota,Confirmed
21-08-2056,3AC,Ladies,Bharuch,Bengaluru,21-12-2055,Waitlisted,4,Senior Citizen,13,Senior Citizen,Not Confirmed
22-08-2056,1AC,Premium Tatkal,Howrah,Bharuch,22-12-2055,RAC,4,Child,16,None,Confirmed
24-08-2056,Sleeper,Ladies,Chennai,Howrah,24-12-2055,RAC,1,Senior Citizen,2,Senior Citizen,Confirmed
25-08-2056,3AC,Premium Tatkal,Mumbai,Ahmedabad,25-12-2055,RAC,4,Senior Citizen,3,Senior Citizen,Confirmed
27-08-2056,3AC,Ladies,Lucknow,Mumbai,27-12-2055,Confirmed,2,Adult,34,Senior Citizen,Confirmed
03-09-2056,Sleeper,General,Mumbai,Bhavnagar,03-01-2056,Waitlisted,4,Adult,18,None,Not Confirmed
06-09-2056,1AC,Tatkal,Bharuch,Howrah,06-01-2056,Confirmed,1,Child,30,Defense Quota,Confirmed
08-09-2056,3AC,Premium Tatkal,New Delhi,Lucknow,08-01-2056,Confirmed,5,Adult,32,None,Confirmed
16-09-2056,1AC,Ladies,Navsari,New Delhi,16-01-2056,Confirmed,2,Adult,44,None,Confirmed
17-09-2056,Sleeper,General,Surat,Navsari,17-01-2056,RAC,2,Adult,6,Senior Citizen,Confirmed
18-09-2056,1AC,General,Bharuch,Ahmedabad,18-01-2056,RAC,4,Senior Citizen,17,Defense Quota,Confirmed
26-09-2056,2AC,Tatkal,Surat,New Delhi,26-01-2056,Confirmed,2,Adult,38,Defense Quota,Confirmed
30-09-2056,1AC,Ladies,Bharuch,Surat,30-01-2056,Confirmed,4,Child,21,Senior Citizen,Confirmed
01-10-2056,3AC,Premium Tatkal,Bharuch,Lucknow,31-01-2056,Confirmed,5,Senior Citizen,46,Senior Citizen,Confirmed
02-10-2056,Sleeper,Tatkal,Chennai,New Delhi,01-02-2056,Waitlisted,1,Child,31,Senior Citizen,Not Confirmed
05-10-2056,1AC,Tatkal,Bharuch,Chennai,04-02-2056,Confirmed,3,Child,35,None,Confirmed
16-10-2056,1AC,Tatkal,Bengaluru,Howrah,15-02-2056,Confirmed,2,Senior Citizen,29,Defense Quota,Confirmed
28-10-2056,1AC,General,Chennai,Howrah,27-02-2056,RAC,1,Senior Citizen,2,Senior Citizen,Confirmed
02-11-2056,1AC,Tatkal,Bengaluru,Navsari,03-03-2056,Confirmed,1,Senior Citizen,37,Defense Quota,Confirmed
08-11-2056,1AC,Tatkal,Ahmedabad,Bhavnagar,09-03-2056,RAC,2,Senior Citizen,45,None,Confirmed
10-11-2056,1AC,General,Ahmedabad,Surat,11-03-2056,Confirmed,5,Adult,31,Senior Citizen,Confirmed
22-11-2056,Sleeper,Ladies,Mumbai,New Delhi,23-03-2056,Waitlisted,5,Child,30,None,Not Confirmed
24-11-2056,3AC,Ladies,Chennai,Bengaluru,25-03-2056,Waitlisted,5,Senior Citizen,19,Defense Quota,Not Confirmed
11-12-2056,3AC,Ladies,Bharuch,New Delhi,11-04-2056,Confirmed,1,Adult,31,Defense Quota,Confirmed
12-12-2056,1AC,Ladies,Mumbai,Ahmedabad,12-04-2056,Confirmed,3,Child,45,Defense Quota,Confirmed
13-12-2056,3AC,General,Chennai,Howrah,13-04-2056,Confirmed,4,Senior Citizen,30,Defense Quota,Confirmed
14-12-2056,1AC,Premium Tatkal,Ahmedabad,Surat,14-04-2056,Waitlisted,5,Adult,22,None,Not Confirmed
16-12-2056,2AC,Premium Tatkal,New Delhi,Navsari,16-04-2056,Waitlisted,5,Adult,7,Senior Citizen,Not Confirmed
20-12-2056,2AC,General,Bharuch,Ahmedabad,20-04-2056,RAC,1,Child,34,None,Confirmed
21-12-2056,1AC,Ladies,Bengaluru,Howrah,21-04-2056,Waitlisted,1,Child,32,Senior Citizen,Not Confirmed
22-12-2056,1AC,Premium Tatkal,Surat,Surat,22-04-2056,Confirmed,5,Child,31,Defense Quota,Confirmed
30-12-2056,1AC,Tatkal,New Delhi,Howrah,30-04-2056,Waitlisted,2,Adult,5,None,Not Confirmed
02-01-2057,Sleeper,General,New Delhi,Lucknow,03-05-2056,Waitlisted,4,Child,14,Senior Citizen,Not Confirmed
03-01-2057,1AC,Tatkal,Surat,Navsari,04-05-2056,Waitlisted,4,Senior Citizen,4,Defense Quota,Not Confirmed
07-01-2057,1AC,General,Chennai,Lucknow,08-05-2056,RAC,1,Child,28,Senior Citizen,Confirmed
17-01-2057,1AC,Tatkal,Surat,New Delhi,18-05-2056,Waitlisted,4,Adult,8,Senior Citizen,Not Confirmed
19-01-2057,2AC,Tatkal,Navsari,Navsari,20-05-2056,Waitlisted,2,Senior Citizen,9,Senior Citizen,Not Confirmed
23-01-2057,Sleeper,Tatkal,Lucknow,Lucknow,24-05-2056,Confirmed,3,Adult,35,None,Confirmed
26-01-2057,3AC,General,Ahmedabad,Howrah,27-05-2056,Confirmed,4,Adult,22,Senior Citizen,Confirmed
27-01-2057,Sleeper,General,Navsari,Howrah,28-05-2056,Confirmed,1,Senior Citizen,29,Senior Citizen,Confirmed
31-01-2057,1AC,Premium Tatkal,Bhavnagar,Lucknow,01-06-2056,Waitlisted,4,Child,44,None,Not Confirmed
06-02-2057,Sleeper,Tatkal,New Delhi,Bhavnagar,07-06-2056,RAC,1,Senior Citizen,2,Defense Quota,Confirmed
12-02-2057,Sleeper,General,Lucknow,Chennai,13-06-2056,Waitlisted,1,Adult,42,None,Not Confirmed
14-02-2057,3AC,Tatkal,Navsari,Mumbai,15-06-2056,Confirmed,4,Senior Citizen,14,Defense Quota,Confirmed
15-02-2057,2AC,Tatkal,Bhavnagar,Bengaluru,16-06-2056,RAC,3,Adult,26,Senior Citizen,Confirmed
24-02-2057,2AC,Ladies,Bhavnagar,Bhavnagar,25-06-2056,RAC,3,Senior Citizen,3,Defense Quota,Confirmed
09-03-2057,3AC,Tatkal,Howrah,New Delhi,08-07-2056,Waitlisted,5,Senior Citizen,43,Senior Citizen,Not Confirmed
11-03-2057,1AC,Tatkal,New Delhi,Bhavnagar,10-07-2056,Waitlisted,3,Child,10,Defense Quota,Not Confirmed
12-03-2057,2AC,Premium Tatkal,Howrah,New Delhi,11-07-2056,Confirmed,1,Adult,3,Senior Citizen,Confirmed
13-03-2057,2AC,Ladies,Surat,Lucknow,12-07-2056,RAC,2,Child,43,Defense Quota,Confirmed
15-03-2057,3AC,Tatkal,Chennai,Chennai,14-07-2056,Waitlisted,5,Adult,39,Defense Quota,Not Confirmed
23-03-2057,2AC,Premium Tatkal,Bharuch,Bhavnagar,22-07-2056,Waitlisted,5,Child,32,Defense Quota,Not Confirmed
26-03-2057,3AC,General,Navsari,New Delhi,25-07-2056,RAC,3,Adult,27,None,Confirmed
01-04-2057,3AC,General,New Delhi,Navsari,31-07-2056,RAC,5,Adult,7,None,Confirmed
15-04-2057,2AC,Premium Tatkal,New Delhi,Howrah,14-08-2056,Confirmed,4,Senior Citizen,46,None,Confirmed
20-04-2057,2AC,Ladies,Navsari,New Delhi,19-08-2056,Confirmed,5,Senior Citizen,19,Senior Citizen,Confirmed
01-05-2057,2AC,Ladies,New Delhi,New Delhi,30-08-2056,RAC,5,Senior Citizen,28,None,Confirmed
09-05-2057,3AC,Tatkal,Navsari,Bengaluru,07-09-2056,Confirmed,3,Adult,14,Defense Quota,Confirmed
18-05-2057,3AC,Tatkal,Mumbai,Bhavnagar,16-09-2056,Waitlisted,1,Senior Citizen,24,Senior Citizen,Not Confirmed
19-05-2057,1AC,Ladies,Lucknow,Bharuch,17-09-2056,Waitlisted,2,Senior Citizen,47,Senior Citizen,Not Confirmed
26-05-2057,Sleeper,General,Chennai,Mumbai,24-09-2056,Waitlisted,3,Child,36,Defense Quota,Not Confirmed
27-05-2057,Sleeper,Premium Tatkal,Navsari,Mumbai,25-09-2056,RAC,4,Adult,28,None,Confirmed
05-06-2057,Sleeper,General,Mumbai,Lucknow,04-10-2056,RAC,4,Adult,25,None,Confirmed
16-06-2057,1AC,General,Lucknow,Surat,15-10-2056,RAC,2,Child,30,Defense Quota,Confirmed
20-06-2057,Sleeper,Ladies,Ahmedabad,Bengaluru,19-10-2056,Confirmed,5,Adult,13,Senior Citizen,Confirmed
24-06-2057,1AC,Premium Tatkal,Mumbai,Ahmedabad,23-10-2056,Waitlisted,1,Adult,8,Defense Quota,Not Confirmed
27-06-2057,3AC,Premium Tatkal,Bhavnagar,Howrah,26-10-2056,Confirmed,2,Child,46,None,Confirmed
28-06-2057,3AC,Tatkal,Surat,Bhavnagar,27-10-2056,RAC,2,Child,38,Defense Quota,Confirmed
30-06-2057,1AC,Ladies,Navsari,Chennai,29-10-2056,RAC,2,Child,28,Defense Quota,Confirmed
01-07-2057,2AC,Ladies,Bhavnagar,Navsari,30-10-2056,Waitlisted,5,Child,27,Defense Quota,Not Confirmed
04-07-2057,1AC,Tatkal,Navsari,Mumbai,02-11-2056,Confirmed,1,Adult,37,None,Confirmed
10-07-2057,Sleeper,Tatkal,Chennai,Lucknow,08-11-2056,Confirmed,2,Senior Citizen,39,None,Confirmed
13-07-2057,1AC,Tatkal,Howrah,New Delhi,11-11-2056,Confirmed,1,Adult,7,Senior Citizen,Confirmed
17-07-2057,1AC,Premium Tatkal,Lucknow,Bengaluru,15-11-2056,Waitlisted,2,Adult,31,Senior Citizen,Not Confirmed
22-07-2057,2AC,Ladies,Ahmedabad,Bhavnagar,20-11-2056,Confirmed,4,Adult,3,Defense Quota,Confirmed
05-08-2057,1AC,General,Bharuch,Navsari,04-12-2056,Confirmed,1,Adult,35,Senior Citizen,Confirmed
08-08-2057,3AC,Tatkal,Bhavnagar,Mumbai,07-12-2056,RAC,5,Adult,24,Defense Quota,Confirmed
10-08-2057,1AC,General,Chennai,New Delhi,09-12-2056,Waitlisted,1,Senior Citizen,40,None,Not Confirmed
12-08-2057,1AC,General,Bharuch,Lucknow,11-12-2056,Waitlisted,4,Senior Citizen,20,Senior Citizen,Not Confirmed
17-08-2057,3AC,General,Surat,Bengaluru,16-12-2056,Confirmed,4,Senior Citizen,25,Defense Quota,Confirmed
22-08-2057,3AC,General,Bharuch,Mumbai,21-12-2056,Confirmed,4,Child,26,Senior Citizen,Confirmed
24-08-2057,1AC,General,Surat,Surat,23-12-2056,Waitlisted,4,Child,12,None,Not Confirmed
29-08-2057,3AC,Tatkal,Lucknow,Howrah,28-12-2056,Waitlisted,1,Senior Citizen,12,Defense Quota,Not Confirmed
30-08-2057,3AC,Ladies,Bhavnagar,Bhavnagar,29-12-2056,Waitlisted,1,Child,26,Senior Citizen,Not Confirmed
02-09-2057,2AC,Premium Tatkal,Lucknow,Mumbai,01-01-2057,RAC,1,Senior Citizen,17,Defense Quota,Confirmed
12-09-2057,3AC,Tatkal,Surat,Lucknow,11-01-2057,Waitlisted,5,Adult,21,Defense Quota,Not Confirmed
14-09-2057,3AC,Ladies,Ahmedabad,Navsari,13-01-2057,Waitlisted,5,Child,3,Defense Quota,Not Confirmed
16-09-2057,2AC,Ladies,Chennai,Surat,15-01-2057,RAC,4,Senior Citizen,10,Senior Citizen,Confirmed
17-09-2057,1AC,Ladies,Bengaluru,Bengaluru,16-01-2057,RAC,1,Adult,47,Defense Quota,Confirmed
22-09-2057,2AC,Tatkal,Navsari,Bharuch,21-01-2057,Confirmed,4,Senior Citizen,13,Senior Citizen,Confirmed
29-09-2057,2AC,Tatkal,Bharuch,Bengaluru,28-01-2057,Waitlisted,2,Child,25,Senior Citizen,Not Confirmed
02-10-2057,3AC,Premium Tatkal,Bhavnagar,Bharuch,31-01-2057,Waitlisted,4,Child,15,Senior Citizen,Not Confirmed
06-10-2057,1AC,General,Lucknow,Chennai,04-02-2057,Confirmed,3,Adult,26,None,Confirmed
13-10-2057,1AC,General,Howrah,Howrah,11-02-2057,Confirmed,4,Child,20,Defense Quota,Confirmed
16-10-2057,Sleeper,Premium Tatkal,New Delhi,Bhavnagar,14-02-2057,RAC,1,Adult,24,Defense Quota,Confirmed
17-10-2057,2AC,Tatkal,Bengaluru,Ahmedabad,15-02-2057,Waitlisted,5,Child,20,Defense Quota,Not Confirmed
18-10-2057,1AC,Tatkal,Navsari,Bharuch,16-02-2057,Confirmed,3,Child,8,None,Confirmed
19-10-2057,1AC,General,Mumbai,Surat,17-02-2057,Confirmed,5,Child,12,Senior Citizen,Confirmed
20-10-2057,2AC,Tatkal,Mumbai,Bharuch,18-02-2057,Waitlisted,2,Child,23,Defense Quota,Not Confirmed
21-10-2057,2AC,Ladies,Bharuch,New Delhi,19-02-2057,Confirmed,4,Child,35,Senior Citizen,Confirmed
24-10-2057,Sleeper,Tatkal,Bhavnagar,New Delhi,22-02-2057,RAC,2,Child,17,None,Confirmed
25-10-2057,2AC,Tatkal,Bengaluru,Surat,23-02-2057,Waitlisted,1,Senior Citizen,8,Defense Quota,Not Confirmed
29-10-2057,3AC,Ladies,Navsari,Ahmedabad,27-02-2057,RAC,4,Child,32,Senior Citizen,Confirmed
30-10-2057,2AC,Premium Tatkal,Bhavnagar,New Delhi,28-02-2057,RAC,5,Senior Citizen,15,Defense Quota,Confirmed
31-10-2057,1AC,Premium Tatkal,Surat,Lucknow,01-03-2057,Confirmed,5,Senior Citizen,15,Senior Citizen,Confirmed
02-11-2057,Sleeper,Premium Tatkal,New Delhi,Navsari,03-03-2057,RAC,5,Senior Citizen,12,Defense Quota,Confirmed
03-11-2057,2AC,General,New Delhi,Bengaluru,04-03-2057,RAC,2,Child,33,Defense Quota,Confirmed
08-11-2057,1AC,Premium Tatkal,Mumbai,Mumbai,09-03-2057,RAC,3,Adult,5,None,Confirmed
11-11-2057,1AC,General,Ahmedabad,Surat,12-03-2057,Waitlisted,5,Adult,26,None,Not Confirmed
13-11-2057,3AC,Tatkal,Surat,Lucknow,14-03-2057,RAC,1,Senior Citizen,40,Senior Citizen,Confirmed
15-11-2057,Sleeper,Tatkal,Mumbai,Mumbai,16-03-2057,RAC,3,Senior Citizen,13,None,Confirmed
17-11-2057,2AC,Tatkal,Surat,Bhavnagar,18-03-2057,RAC,4,Child,34,Defense Quota,Confirmed
27-11-2057,Sleeper,Ladies,Bengaluru,Navsari,28-03-2057,Confirmed,1,Adult,19,Senior Citizen,Confirmed
29-11-2057,2AC,General,New Delhi,Navsari,30-03-2057,Confirmed,2,Senior Citizen,20,None,Confirmed
30-11-2057,1AC,Ladies,Mumbai,Chennai,31-03-2057,RAC,3,Senior Citizen,41,Defense Quota,Confirmed
07-12-2057,3AC,Premium Tatkal,Bharuch,New Delhi,07-04-2057,RAC,3,Adult,47,Senior Citizen,Confirmed
08-12-2057,2AC,General,Bengaluru,Navsari,08-04-2057,Waitlisted,4,Child,9,Senior Citizen,Not Confirmed
09-12-2057,Sleeper,Ladies,Bhavnagar,Howrah,09-04-2057,RAC,1,Child,45,None,Confirmed
13-12-2057,3AC,Ladies,Ahmedabad,Bharuch,13-04-2057,Waitlisted,5,Adult,26,Senior Citizen,Not Confirmed
16-12-2057,Sleeper,Ladies,Bhavnagar,Chennai,16-04-2057,Confirmed,1,Senior Citizen,30,None,Confirmed
17-12-2057,3AC,Tatkal,Ahmedabad,Chennai,17-04-2057,Confirmed,4,Senior Citizen,43,Defense Quota,Confirmed
19-12-2057,Sleeper,Premium Tatkal,Chennai,Bengaluru,19-04-2057,Waitlisted,4,Child,44,None,Not Confirmed
09-01-2058,Sleeper,Premium Tatkal,Mumbai,Chennai,10-05-2057,RAC,4,Adult,47,Senior Citizen,Confirmed
21-01-2058,3AC,Tatkal,Navsari,Bharuch,22-05-2057,Confirmed,3,Senior Citizen,45,Senior Citizen,Confirmed
03-02-2058,Sleeper,Premium Tatkal,Surat,Bharuch,04-06-2057,Waitlisted,1,Senior Citizen,45,Defense Quota,Not Confirmed
04-02-2058,3AC,Tatkal,Bharuch,Howrah,05-06-2057,Waitlisted,4,Senior Citizen,22,Senior Citizen,Not Confirmed
06-02-2058,3AC,General,Bhavnagar,Surat,07-06-2057,Waitlisted,3,Adult,2,Senior Citizen,Not Confirmed
08-02-2058,Sleeper,Premium Tatkal,Bengaluru,Lucknow,09-06-2057,RAC,3,Adult,44,Defense Quota,Confirmed
19-02-2058,Sleeper,Ladies,Surat,Chennai,20-06-2057,Confirmed,3,Child,9,None,Confirmed
26-02-2058,2AC,General,Chennai,Bengaluru,27-06-2057,RAC,2,Senior Citizen,37,None,Confirmed
28-02-2058,1AC,Tatkal,Howrah,Surat,29-06-2057,RAC,3,Child,4,None,Confirmed
02-03-2058,2AC,General,Chennai,Surat,01-07-2057,RAC,2,Senior Citizen,24,Senior Citizen,Confirmed
04-03-2058,1AC,General,Bhavnagar,Bhavnagar,03-07-2057,Confirmed,4,Senior Citizen,43,None,Confirmed
08-03-2058,Sleeper,Ladies,Mumbai,Surat,07-07-2057,Waitlisted,1,Child,44,Defense Quota,Not Confirmed
09-03-2058,3AC,Ladies,Ahmedabad,Lucknow,08-07-2057,Confirmed,3,Adult,19,Senior Citizen,Confirmed
10-03-2058,3AC,Ladies,Bhavnagar,Mumbai,09-07-2057,RAC,2,Senior Citizen,11,None,Confirmed
12-03-2058,Sleeper,Premium Tatkal,Ahmedabad,New Delhi,11-07-2057,Confirmed,5,Senior Citizen,36,Defense Quota,Confirmed
15-03-2058,2AC,Tatkal,New Delhi,Mumbai,14-07-2057,Waitlisted,3,Senior Citizen,24,None,Not Confirmed
17-03-2058,1AC,Premium Tatkal,Bharuch,Lucknow,16-07-2057,Waitlisted,5,Senior Citizen,35,Defense Quota,Not Confirmed
19-03-2058,1AC,Premium Tatkal,Bengaluru,Howrah,18-07-2057,RAC,1,Child,16,None,Confirmed
24-03-2058,3AC,Tatkal,Chennai,Navsari,23-07-2057,RAC,5,Senior Citizen,44,None,Confirmed
26-03-2058,2AC,Premium Tatkal,New Delhi,Surat,25-07-2057,Confirmed,2,Senior Citizen,21,Defense Quota,Confirmed
30-03-2058,2AC,Ladies,Navsari,Surat,29-07-2057,Confirmed,5,Child,29,Defense Quota,Confirmed
03-04-2058,1AC,Ladies,Bhavnagar,Ahmedabad,02-08-2057,Waitlisted,2,Child,11,Senior Citizen,Not Confirmed
05-04-2058,3AC,Premium Tatkal,Chennai,Lucknow,04-08-2057,RAC,1,Adult,43,Senior Citizen,Confirmed
08-04-2058,2AC,General,Ahmedabad,Bharuch,07-08-2057,RAC,1,Child,28,None,Confirmed
19-04-2058,3AC,Ladies,Bengaluru,New Delhi,18-08-2057,RAC,5,Child,46,Defense Quota,Confirmed
23-04-2058,Sleeper,Premium Tatkal,Howrah,New Delhi,22-08-2057,Confirmed,1,Child,22,Senior Citizen,Confirmed
25-04-2058,2AC,Premium Tatkal,Chennai,Bharuch,24-08-2057,Waitlisted,5,Adult,28,Senior Citizen,Not Confirmed
26-04-2058,Sleeper,Premium Tatkal,Chennai,Lucknow,25-08-2057,Confirmed,4,Child,12,Senior Citizen,Confirmed
04-05-2058,Sleeper,General,Mumbai,Navsari,02-09-2057,Confirmed,1,Senior Citizen,43,Senior Citizen,Confirmed
10-05-2058,1AC,General,New Delhi,Chennai,08-09-2057,Waitlisted,5,Adult,21,None,Not Confirmed
13-05-2058,Sleeper,Tatkal,Bhavnagar,Lucknow,11-09-2057,Confirmed,5,Senior Citizen,32,Defense Quota,Confirmed
14-05-2058,Sleeper,General,Bharuch,Surat,12-09-2057,Waitlisted,5,Child,46,Defense Quota,Not Confirmed
20-05-2058,3AC,Tatkal,New Delhi,Bharuch,18-09-2057,Waitlisted,2,Adult,12,None,Not Confirmed
22-05-2058,3AC,Premium Tatkal,Chennai,Bengaluru,20-09-2057,Waitlisted,5,Adult,24,Senior Citizen,Not Confirmed
24-05-2058,2AC,Tatkal,Ahmedabad,Chennai,22-09-2057,Waitlisted,4,Child,35,Defense Quota,Not Confirmed
25-05-2058,2AC,Premium Tatkal,Bengaluru,Bhavnagar,23-09-2057,RAC,5,Adult,10,None,Confirmed
27-05-2058,3AC,Premium Tatkal,Lucknow,Howrah,25-09-2057,Waitlisted,3,Senior Citizen,2,Senior Citizen,Not Confirmed
28-05-2058,1AC,General,Surat,Surat,26-09-2057,Waitlisted,3,Adult,35,None,Not Confirmed
29-05-2058,3AC,Tatkal,Lucknow,Chennai,27-09-2057,Confirmed,4,Child,12,None,Confirmed
02-06-2058,2AC,Ladies,Lucknow,Chennai,01-10-2057,Confirmed,1,Senior Citizen,35,Senior Citizen,Confirmed
04-06-2058,2AC,Premium Tatkal,Mumbai,Chennai,03-10-2057,Waitlisted,1,Adult,17,Senior Citizen,Not Confirmed
08-06-2058,2AC,General,Lucknow,Bharuch,07-10-2057,Waitlisted,5,Adult,42,None,Not Confirmed
09-06-2058,1AC,Ladies,New Delhi,Bharuch,08-10-2057,RAC,5,Child,17,Senior Citizen,Confirmed
17-06-2058,2AC,Ladies,Chennai,Navsari,16-10-2057,Confirmed,1,Child,10,None,Confirmed
18-06-2058,1AC,Tatkal,Bharuch,Mumbai,17-10-2057,Waitlisted,3,Child,2,Defense Quota,Not Confirmed
26-06-2058,Sleeper,Tatkal,Mumbai,Bharuch,25-10-2057,Confirmed,1,Adult,37,Defense Quota,Confirmed
29-06-2058,Sleeper,Tatkal,Bhavnagar,Navsari,28-10-2057,Waitlisted,4,Senior Citizen,47,Defense Quota,Not Confirmed
06-07-2058,2AC,Tatkal,Bhavnagar,New Delhi,04-11-2057,Confirmed,1,Adult,12,Senior Citizen,Confirmed
13-07-2058,Sleeper,Tatkal,Navsari,Bhavnagar,11-11-2057,RAC,3,Senior Citizen,45,Senior Citizen,Confirmed
16-07-2058,3AC,Premium Tatkal,Chennai,Chennai,14-11-2057,Confirmed,2,Adult,19,Senior Citizen,Confirmed
21-07-2058,3AC,General,Bharuch,Bharuch,19-11-2057,RAC,5,Adult,32,Senior Citizen,Confirmed
24-07-2058,Sleeper,Ladies,Howrah,Ahmedabad,22-11-2057,Waitlisted,5,Adult,37,None,Not Confirmed
01-08-2058,Sleeper,Tatkal,Bhavnagar,Bharuch,30-11-2057,RAC,4,Senior Citizen,28,Senior Citizen,Confirmed
06-08-2058,3AC,General,Bhavnagar,Bharuch,05-12-2057,Confirmed,3,Senior Citizen,29,Senior Citizen,Confirmed
12-08-2058,2AC,Tatkal,Chennai,Howrah,11-12-2057,Confirmed,5,Adult,10,Defense Quota,Confirmed
17-08-2058,Sleeper,Ladies,Lucknow,Surat,16-12-2057,Confirmed,4,Child,46,None,Confirmed
21-08-2058,Sleeper,General,Howrah,Surat,20-12-2057,RAC,2,Child,46,None,Confirmed
28-08-2058,Sleeper,Tatkal,Howrah,Bhavnagar,27-12-2057,Waitlisted,5,Senior Citizen,24,Senior Citizen,Not Confirmed
02-09-2058,2AC,Premium Tatkal,Surat,New Delhi,01-01-2058,RAC,5,Senior Citizen,40,None,Confirmed
04-09-2058,Sleeper,Tatkal,Bhavnagar,Navsari,03-01-2058,RAC,5,Child,30,None,Confirmed
06-09-2058,2AC,Premium Tatkal,Mumbai,Surat,05-01-2058,Confirmed,2,Adult,14,None,Confirmed
09-09-2058,3AC,Premium Tatkal,Bharuch,Bhavnagar,08-01-2058,RAC,3,Senior Citizen,35,Defense Quota,Confirmed
12-09-2058,3AC,General,Howrah,Ahmedabad,11-01-2058,Confirmed,4,Child,30,None,Confirmed
16-09-2058,Sleeper,Premium Tatkal,Howrah,Bharuch,15-01-2058,RAC,3,Adult,45,Senior Citizen,Confirmed
19-09-2058,1AC,Ladies,Ahmedabad,New Delhi,18-01-2058,RAC,2,Senior Citizen,8,Defense Quota,Confirmed
20-09-2058,1AC,General,Surat,Surat,19-01-2058,Confirmed,2,Senior Citizen,16,Defense Quota,Confirmed
04-10-2058,3AC,Tatkal,Mumbai,New Delhi,02-02-2058,Waitlisted,1,Child,14,Senior Citizen,Not Confirmed
05-10-2058,3AC,General,Ahmedabad,Navsari,03-02-2058,RAC,2,Adult,26,Defense Quota,Confirmed
10-10-2058,2AC,Premium Tatkal,Ahmedabad,Howrah,08-02-2058,RAC,3,Senior Citizen,11,Defense Quota,Confirmed
13-10-2058,2AC,Premium Tatkal,Surat,Howrah,11-02-2058,Waitlisted,1,Adult,2,Senior Citizen,Not Confirmed
17-10-2058,3AC,Tatkal,Bharuch,Mumbai,15-02-2058,Waitlisted,3,Child,8,Defense Quota,Not Confirmed
25-10-2058,Sleeper,Tatkal,Bengaluru,Surat,23-02-2058,RAC,3,Child,32,Defense Quota,Confirmed
26-10-2058,1AC,Tatkal,Howrah,Bhavnagar,24-02-2058,RAC,2,Child,4,Senior Citizen,Confirmed
30-10-2058,Sleeper,Ladies,Navsari,Surat,28-02-2058,Confirmed,1,Senior Citizen,37,None,Confirmed
31-10-2058,1AC,Tatkal,Surat,Navsari,01-03-2058,RAC,2,Senior Citizen,45,None,Confirmed
17-11-2058,Sleeper,Premium Tatkal,New Delhi,New Delhi,18-03-2058,Waitlisted,1,Adult,35,Senior Citizen,Not Confirmed
20-11-2058,2AC,Premium Tatkal,Bharuch,Surat,21-03-2058,RAC,3,Child,16,Senior Citizen,Confirmed
26-11-2058,Sleeper,Premium Tatkal,Bharuch,Bhavnagar,27-03-2058,Waitlisted,1,Adult,29,None,Not Confirmed
28-11-2058,Sleeper,Ladies,Bharuch,Lucknow,29-03-2058,Waitlisted,4,Child,46,Senior Citizen,Not Confirmed
30-11-2058,2AC,Premium Tatkal,Howrah,Navsari,31-03-2058,Confirmed,1,Senior Citizen,25,None,Confirmed
02-12-2058,2AC,Ladies,Howrah,Lucknow,02-04-2058,Confirmed,4,Adult,13,None,Confirmed
07-12-2058,1AC,Tatkal,Lucknow,Howrah,07-04-2058,RAC,5,Senior Citizen,6,Senior Citizen,Confirmed
10-12-2058,2AC,Premium Tatkal,Howrah,Chennai,10-04-2058,Confirmed,1,Child,11,None,Confirmed
14-12-2058,1AC,Ladies,Surat,Bhavnagar,14-04-2058,RAC,2,Adult,17,Senior Citizen,Confirmed
20-12-2058,3AC,Premium Tatkal,Mumbai,Chennai,20-04-2058,RAC,1,Senior Citizen,10,Defense Quota,Confirmed
23-12-2058,2AC,General,Bengaluru,Howrah,23-04-2058,Confirmed,2,Child,14,Defense Quota,Confirmed
25-12-2058,3AC,General,Howrah,Ahmedabad,25-04-2058,Waitlisted,5,Senior Citizen,4,Defense Quota,Not Confirmed
31-12-2058,3AC,Ladies,New Delhi,New Delhi,01-05-2058,RAC,3,Child,19,None,Confirmed
01-01-2059,1AC,Ladies,Surat,Navsari,02-05-2058,RAC,1,Child,9,Defense Quota,Confirmed
09-01-2059,Sleeper,Tatkal,Howrah,Bhavnagar,10-05-2058,RAC,5,Adult,32,Defense Quota,Confirmed
10-01-2059,1AC,General,New Delhi,New Delhi,11-05-2058,Waitlisted,4,Adult,43,Senior Citizen,Not Confirmed
14-01-2059,Sleeper,Premium Tatkal,Mumbai,Ahmedabad,15-05-2058,RAC,1,Senior Citizen,33,Defense Quota,Confirmed
15-01-2059,2AC,Premium Tatkal,Bengaluru,Howrah,16-05-2058,RAC,5,Senior Citizen,9,None,Confirmed
21-01-2059,1AC,Ladies,Mumbai,Surat,22-05-2058,Waitlisted,1,Adult,24,Defense Quota,Not Confirmed
22-01-2059,1AC,Tatkal,Bhavnagar,Ahmedabad,23-05-2058,RAC,3,Adult,40,Defense Quota,Confirmed
23-01-2059,Sleeper,General,Surat,Navsari,24-05-2058,Waitlisted,5,Senior Citizen,39,None,Not Confirmed
28-01-2059,3AC,Tatkal,Lucknow,New Delhi,29-05-2058,RAC,2,Child,28,None,Confirmed
31-01-2059,2AC,Tatkal,Navsari,Mumbai,01-06-2058,Waitlisted,4,Child,13,None,Not Confirmed
01-02-2059,Sleeper,Ladies,Chennai,Ahmedabad,02-06-2058,RAC,2,Child,5,Senior Citizen,Confirmed
07-02-2059,Sleeper,General,Navsari,Bengaluru,08-06-2058,RAC,3,Adult,44,Defense Quota,Confirmed
08-02-2059,3AC,Ladies,Surat,Navsari,09-06-2058,RAC,4,Adult,34,None,Confirmed
15-02-2059,Sleeper,Ladies,Mumbai,Bengaluru,16-06-2058,RAC,1,Adult,22,Defense Quota,Confirmed
19-02-2059,3AC,Tatkal,Ahmedabad,Howrah,20-06-2058,Waitlisted,1,Senior Citizen,9,None,Not Confirmed
24-02-2059,2AC,General,Mumbai,Howrah,25-06-2058,Waitlisted,2,Child,22,Defense Quota,Not Confirmed
28-02-2059,1AC,Premium Tatkal,Ahmedabad,Lucknow,29-06-2058,Confirmed,1,Adult,18,Senior Citizen,Confirmed
02-03-2059,2AC,Ladies,Ahmedabad,Surat,01-07-2058,RAC,4,Child,3,Defense Quota,Confirmed
05-03-2059,1AC,Tatkal,Ahmedabad,Mumbai,04-07-2058,Confirmed,5,Child,10,Defense Quota,Confirmed
10-03-2059,2AC,Tatkal,Howrah,Chennai,09-07-2058,Confirmed,5,Senior Citizen,3,None,Confirmed
11-03-2059,3AC,Premium Tatkal,Bhavnagar,New Delhi,10-07-2058,Confirmed,4,Senior Citizen,30,None,Confirmed
12-03-2059,3AC,Tatkal,Lucknow,Howrah,11-07-2058,Confirmed,2,Adult,7,Defense Quota,Confirmed
16-03-2059,3AC,Tatkal,Lucknow,Navsari,15-07-2058,Waitlisted,3,Child,2,None,Not Confirmed
17-03-2059,3AC,Ladies,Mumbai,Ahmedabad,16-07-2058,Confirmed,5,Senior Citizen,9,Defense Quota,Confirmed
18-03-2059,1AC,General,Mumbai,Howrah,17-07-2058,Waitlisted,4,Senior Citizen,41,Senior Citizen,Not Confirmed
22-03-2059,2AC,General,Bharuch,Howrah,21-07-2058,Confirmed,5,Senior Citizen,42,None,Confirmed
29-03-2059,1AC,General,Surat,Ahmedabad,28-07-2058,Waitlisted,4,Adult,25,Defense Quota,Not Confirmed
04-04-2059,3AC,Premium Tatkal,Lucknow,New Delhi,03-08-2058,RAC,3,Adult,15,None,Confirmed
06-04-2059,Sleeper,Tatkal,New Delhi,Bengaluru,05-08-2058,Waitlisted,1,Senior Citizen,33,Senior Citizen,Not Confirmed
12-04-2059,Sleeper,Premium Tatkal,Surat,Surat,11-08-2058,Waitlisted,3,Senior Citizen,30,None,Not Confirmed
25-04-2059,1AC,Ladies,Mumbai,Mumbai,24-08-2058,Confirmed,5,Adult,12,None,Confirmed
30-04-2059,3AC,Tatkal,Chennai,Mumbai,29-08-2058,Waitlisted,3,Senior Citizen,13,Defense Quota,Not Confirmed
09-05-2059,2AC,Ladies,Surat,Mumbai,07-09-2058,RAC,4,Senior Citizen,18,Senior Citizen,Confirmed
11-05-2059,3AC,General,Bhavnagar,Lucknow,09-09-2058,Waitlisted,1,Child,41,Defense Quota,Not Confirmed
17-05-2059,Sleeper,Premium Tatkal,Bhavnagar,Chennai,15-09-2058,Confirmed,3,Adult,25,Defense Quota,Confirmed
19-05-2059,Sleeper,Tatkal,Bharuch,Mumbai,17-09-2058,Waitlisted,1,Adult,16,None,Not Confirmed
20-05-2059,Sleeper,Tatkal,Bharuch,Surat,18-09-2058,RAC,3,Child,6,Defense Quota,Confirmed
23-05-2059,1AC,Ladies,Chennai,Mumbai,21-09-2058,Confirmed,4,Senior Citizen,11,None,Confirmed
24-05-2059,3AC,General,Surat,Bhavnagar,22-09-2058,Waitlisted,3,Senior Citizen,2,Senior Citizen,Not Confirmed
25-05-2059,3AC,General,Chennai,Mumbai,23-09-2058,Waitlisted,3,Senior Citizen,14,Defense Quota,Not Confirmed
27-05-2059,1AC,Tatkal,Lucknow,Howrah,25-09-2058,Confirmed,3,Child,19,Defense Quota,Confirmed
09-06-2059,1AC,Tatkal,New Delhi,Mumbai,08-10-2058,RAC,2,Adult,32,Defense Quota,Confirmed
10-06-2059,2AC,Premium Tatkal,Bharuch,Ahmedabad,09-10-2058,RAC,3,Senior Citizen,30,Senior Citizen,Confirmed
12-06-2059,2AC,Tatkal,Howrah,Bhavnagar,11-10-2058,Confirmed,3,Adult,13,Senior Citizen,Confirmed
17-06-2059,2AC,Ladies,Chennai,Bengaluru,16-10-2058,Confirmed,4,Child,32,Defense Quota,Confirmed
18-06-2059,3AC,General,Navsari,Mumbai,17-10-2058,Waitlisted,5,Senior Citizen,18,Defense Quota,Not Confirmed
20-06-2059,1AC,Ladies,Lucknow,Bengaluru,19-10-2058,Waitlisted,1,Child,10,None,Not Confirmed
04-07-2059,2AC,Ladies,Bharuch,Bharuch,02-11-2058,RAC,5,Child,41,None,Confirmed
11-07-2059,3AC,Tatkal,Mumbai,Navsari,09-11-2058,RAC,2,Child,23,Defense Quota,Confirmed
12-07-2059,Sleeper,Tatkal,Navsari,Navsari,10-11-2058,RAC,2,Adult,3,Senior Citizen,Confirmed
15-07-2059,Sleeper,General,Mumbai,Surat,13-11-2058,Confirmed,3,Adult,31,Senior Citizen,Confirmed
25-07-2059,Sleeper,Premium Tatkal,Howrah,Chennai,23-11-2058,RAC,4,Senior Citizen,32,Senior Citizen,Confirmed
28-07-2059,2AC,Tatkal,Bhavnagar,Navsari,26-11-2058,RAC,5,Senior Citizen,16,Defense Quota,Confirmed
04-08-2059,1AC,Ladies,Mumbai,Chennai,03-12-2058,RAC,1,Adult,47,None,Confirmed
13-08-2059,2AC,Ladies,Bengaluru,New Delhi,12-12-2058,Confirmed,1,Adult,44,Senior Citizen,Confirmed
